name_a,name_b,identity,len_a,len_b
6B8X_single_001_density_input.pdb,1a5yA00_8.pdb,0.517,298,283
6B8X_single_001_density_input.pdb,1a5yA00_16.pdb,0.492,298,283
6B8X_single_001_density_input.pdb,1a5yA00_6.pdb,0.508,298,283
6B8X_single_001_density_input.pdb,1a5yA00_25.pdb,0.491,298,283
6B8X_single_001_density_input.pdb,1a5yA00_9.pdb,0.498,298,283
6B8X_single_001_density_input.pdb,1a5yA00_31.pdb,0.473,298,283
6B8X_single_001_density_input.pdb,1a5yA00_15.pdb,0.469,298,283
6B8X_single_001_density_input.pdb,1a5yA00_29.pdb,0.487,298,283
6B8X_single_001_density_input.pdb,1a5yA00_5.pdb,0.485,298,283
6B8X_single_001_density_input.pdb,1a5yA00_3.pdb,0.478,298,283
6B8X_single_001_density_input.pdb,1a5yA00_10.pdb,0.498,298,283
6B8X_single_001_density_input.pdb,1a5yA00_1.pdb,0.469,298,283
6B8X_single_001_density_input.pdb,1a5yA00_27.pdb,0.459,298,283
6B8X_single_001_density_input.pdb,1a5yA00_4.pdb,0.489,298,283
6B8X_single_001_density_input.pdb,1a5yA00_30.pdb,0.483,298,283
6B8X_single_001_density_input.pdb,1a5yA00_28.pdb,0.468,298,283
6B8X_single_001_density_input.pdb,1a5yA00_18.pdb,0.473,298,283
6B8X_single_001_density_input.pdb,1a5yA00_19.pdb,0.485,298,283
6B8X_single_001_density_input.pdb,1a5yA00_20.pdb,0.473,298,283
6B8X_single_001_density_input.pdb,1a5yA00_14.pdb,0.467,298,283
6B8X_single_001_density_input.pdb,1a5yA00_2.pdb,0.487,298,283
6B8X_single_001_density_input.pdb,1a5yA00_17.pdb,0.496,298,283
6B8X_single_001_density_input.pdb,1a5yA00_24.pdb,0.466,298,283
6B8X_single_001_density_input.pdb,1a5yA00_26.pdb,0.492,298,283
6B8X_single_001_density_input.pdb,1a5yA00_0.pdb,0.469,298,283
6B8X_single_001_density_input.pdb,1a5yA00_11.pdb,0.481,298,283
6B8X_single_001_density_input.pdb,1a5yA00_22.pdb,0.462,298,283
6B8X_single_001_density_input.pdb,1a5yA00_12.pdb,0.476,298,283
6B8X_single_001_density_input.pdb,1a5yA00_21.pdb,0.476,298,283
6B8X_single_001_density_input.pdb,1a5yA00_13.pdb,0.487,298,283
6B8X_single_001_density_input.pdb,1a5yA00_7.pdb,0.469,298,283
6B8X_single_001_density_input.pdb,1a5yA00_23.pdb,0.445,298,283
6B8X_single_001_density_input.pdb,4ikcA00_24.pdb,0.361,298,274
6B8X_single_001_density_input.pdb,4qunA00_2.pdb,0.381,298,283
6B8X_single_001_density_input.pdb,1wchA00_20.pdb,0.395,298,308
6B8X_single_001_density_input.pdb,1wchA00_8.pdb,0.398,298,308
6B8X_single_001_density_input.pdb,4qunA00_21.pdb,0.353,298,283
6B8X_single_001_density_input.pdb,5awxA00_22.pdb,0.356,298,283
6B8X_single_001_density_input.pdb,1wchA00_4.pdb,0.388,298,308
6B8X_single_001_density_input.pdb,5awxA00_7.pdb,0.347,298,283
6B8X_single_001_density_input.pdb,5awxA00_28.pdb,0.332,298,283
6B8X_single_001_density_input.pdb,2bzlA00_27.pdb,0.35,298,284
6B8X_single_001_density_input.pdb,4ikcA00_12.pdb,0.357,298,274
6B8X_single_001_density_input.pdb,2i1yA00_25.pdb,0.38,298,287
6B8X_single_001_density_input.pdb,1wchA00_28.pdb,0.367,298,308
6B8X_single_001_density_input.pdb,4qunA00_23.pdb,0.381,298,283
6B8X_single_001_density_input.pdb,1wchA00_2.pdb,0.391,298,308
6B8X_single_001_density_input.pdb,1wchA00_30.pdb,0.333,298,308
6B8X_single_001_density_input.pdb,1wchA00_5.pdb,0.368,298,308
6B8X_single_001_density_input.pdb,2i1yA00_12.pdb,0.365,298,287
6B8X_single_001_density_input.pdb,2i1yA00_30.pdb,0.396,298,287
6B8X_single_001_density_input.pdb,1wchA00_12.pdb,0.357,298,308
6B8X_single_001_density_input.pdb,4ikcA00_29.pdb,0.356,298,274
6B8X_single_001_density_input.pdb,4qunA00_28.pdb,0.378,298,283
6B8X_single_001_density_input.pdb,4ikcA00_20.pdb,0.337,298,274
6B8X_single_001_density_input.pdb,5awxA00_4.pdb,0.34,298,283
6B8X_single_001_density_input.pdb,2i1yA00_20.pdb,0.362,298,287
6B8X_single_001_density_input.pdb,2i1yA00_13.pdb,0.38,298,287
6B8X_single_001_density_input.pdb,1wchA00_29.pdb,0.342,298,308
6B8X_single_001_density_input.pdb,4qunA00_8.pdb,0.362,298,283
6B8X_single_001_density_input.pdb,5awxA00_0.pdb,0.345,298,283
6B8X_single_001_density_input.pdb,1wchA00_3.pdb,0.362,298,308
6B8X_single_001_density_input.pdb,4ikcA00_28.pdb,0.333,298,274
6B8X_single_001_density_input.pdb,2i1yA00_3.pdb,0.369,298,287
6B8X_single_001_density_input.pdb,1wchA00_26.pdb,0.377,298,308
6B8X_single_001_density_input.pdb,5awxA00_1.pdb,0.328,298,283
6B8X_single_001_density_input.pdb,1wchA00_23.pdb,0.379,298,308
6B8X_single_001_density_input.pdb,4ikcA00_1.pdb,0.333,298,274
6B8X_single_001_density_input.pdb,4qunA00_17.pdb,0.357,298,283
6B8X_single_001_density_input.pdb,4qunA00_9.pdb,0.356,298,283
6B8X_single_001_density_input.pdb,1wchA00_7.pdb,0.37,298,308
6B8X_single_001_density_input.pdb,5awxA00_29.pdb,0.336,298,283
6B8X_single_001_density_input.pdb,4ge6A00_6.pdb,0.335,298,303
6B8X_single_001_density_input.pdb,1wchA00_17.pdb,0.362,298,308
6B8X_single_001_density_input.pdb,5awxA00_23.pdb,0.32,298,283
6B8X_single_001_density_input.pdb,5awxA00_13.pdb,0.332,298,283
6B8X_single_001_density_input.pdb,4ge6A00_27.pdb,0.357,298,303
6B8X_single_001_density_input.pdb,1wchA00_0.pdb,0.362,298,308
6B8X_single_001_density_input.pdb,4ikcA00_15.pdb,0.364,298,274
6B8X_single_001_density_input.pdb,4qunA00_31.pdb,0.379,298,283
6B8X_single_001_density_input.pdb,1wchA00_10.pdb,0.366,298,308
6B8X_single_001_density_input.pdb,1wchA00_22.pdb,0.384,298,308
6B8X_single_001_density_input.pdb,4qunA00_16.pdb,0.363,298,283
6B8X_single_001_density_input.pdb,4qunA00_11.pdb,0.354,298,283
6B8X_single_001_density_input.pdb,1wchA00_13.pdb,0.358,298,308
6B8X_single_001_density_input.pdb,4ikcA00_23.pdb,0.343,298,274
6B8X_single_001_density_input.pdb,4ge6A00_22.pdb,0.34,298,303
6B8X_single_001_density_input.pdb,4ikcA00_18.pdb,0.319,298,274
6B8X_single_001_density_input.pdb,5awxA00_14.pdb,0.328,298,283
6B8X_single_001_density_input.pdb,2bzlA00_14.pdb,0.349,298,284
6B8X_single_001_density_input.pdb,5awxA00_27.pdb,0.338,298,283
6B8X_single_001_density_input.pdb,4ikcA00_30.pdb,0.314,298,274
6B8X_single_001_density_input.pdb,5awxA00_15.pdb,0.328,298,283
6B8X_single_001_density_input.pdb,5awxA00_30.pdb,0.338,298,283
6B8X_single_001_density_input.pdb,4ikcA00_0.pdb,0.326,298,274
6B8X_single_001_density_input.pdb,5awxA00_19.pdb,0.339,298,283
6B8X_single_001_density_input.pdb,5awxA00_24.pdb,0.357,298,283
6B8X_single_001_density_input.pdb,2bzlA00_4.pdb,0.338,298,284
6B8X_single_001_density_input.pdb,2i1yA00_6.pdb,0.368,298,287
6B8X_single_001_density_input.pdb,4ikcA00_13.pdb,0.325,298,274
6B8X_single_001_density_input.pdb,1wchA00_21.pdb,0.364,298,308
6B8X_single_001_density_input.pdb,4qunA00_30.pdb,0.342,298,283
6B8X_single_001_density_input.pdb,5awxA00_9.pdb,0.318,298,283
6B8X_single_001_density_input.pdb,4qunA00_14.pdb,0.39,298,283
6B8X_single_001_density_input.pdb,4qunA00_10.pdb,0.356,298,283
6B8X_single_001_density_input.pdb,2bzlA00_6.pdb,0.34,298,284
6B8X_single_001_density_input.pdb,1wchA00_15.pdb,0.357,298,308
6B8X_single_001_density_input.pdb,1wchA00_31.pdb,0.35,298,308
6B8X_single_001_density_input.pdb,2i1yA00_28.pdb,0.355,298,287
6B8X_single_001_density_input.pdb,4ikcA00_27.pdb,0.325,298,274
6B8X_single_001_density_input.pdb,5awxA00_26.pdb,0.33,298,283
6B8X_single_001_density_input.pdb,5awxA00_10.pdb,0.321,298,283
6B8X_single_001_density_input.pdb,2i1yA00_18.pdb,0.377,298,287
6B8X_single_001_density_input.pdb,2bzlA00_19.pdb,0.333,298,284
6B8X_single_001_density_input.pdb,2bzlA00_29.pdb,0.332,298,284
6B8X_single_001_density_input.pdb,4qunA00_22.pdb,0.345,298,283
6B8X_single_001_density_input.pdb,4qunA00_24.pdb,0.338,298,283
6B8X_single_001_density_input.pdb,2bzlA00_24.pdb,0.344,298,284
6B8X_single_001_density_input.pdb,1wchA00_24.pdb,0.363,298,308
6B8X_single_001_density_input.pdb,2i1yA00_9.pdb,0.373,298,287
6B8X_single_001_density_input.pdb,5awxA00_17.pdb,0.336,298,283
6B8X_single_001_density_input.pdb,4ikcA00_16.pdb,0.325,298,274
6B8X_single_001_density_input.pdb,4ikcA00_26.pdb,0.306,298,274
6B8X_single_001_density_input.pdb,4ge6A00_25.pdb,0.326,298,303
6B8X_single_001_density_input.pdb,4qunA00_19.pdb,0.338,298,283
6B8X_single_001_density_input.pdb,2bzlA00_0.pdb,0.343,298,284
6B8X_single_001_density_input.pdb,2bzlA00_11.pdb,0.334,298,284
6B8X_single_001_density_input.pdb,1wchA00_11.pdb,0.361,298,308
6B8X_single_001_density_input.pdb,4qunA00_25.pdb,0.374,298,283
6B8X_single_001_density_input.pdb,5awxA00_3.pdb,0.318,298,283
6B8X_single_001_density_input.pdb,5awxA00_11.pdb,0.323,298,283
6B8X_single_001_density_input.pdb,4qunA00_12.pdb,0.332,298,283
6B8X_single_001_density_input.pdb,1wchA00_1.pdb,0.355,298,308
6B8X_single_001_density_input.pdb,2bzlA00_15.pdb,0.328,298,284
6B8X_single_001_density_input.pdb,4ge6A00_31.pdb,0.332,298,303
6B8X_single_001_density_input.pdb,4ikcA00_14.pdb,0.306,298,274
6B8X_single_001_density_input.pdb,5awxA00_12.pdb,0.346,298,283
6B8X_single_001_density_input.pdb,4ikcA00_31.pdb,0.318,298,274
6B8X_single_001_density_input.pdb,5awxA00_18.pdb,0.335,298,283
6B8X_single_001_density_input.pdb,4qunA00_3.pdb,0.341,298,283
6B8X_single_001_density_input.pdb,5awxA00_31.pdb,0.342,298,283
6B8X_single_001_density_input.pdb,4qunA00_4.pdb,0.355,298,283
6B8X_single_001_density_input.pdb,4ge6A00_30.pdb,0.347,298,303
6B8X_single_001_density_input.pdb,4ikcA00_5.pdb,0.338,298,274
6B8X_single_001_density_input.pdb,5awxA00_2.pdb,0.323,298,283
6B8X_single_001_density_input.pdb,4qunA00_29.pdb,0.351,298,283
6B8X_single_001_density_input.pdb,4qunA00_7.pdb,0.368,298,283
6B8X_single_001_density_input.pdb,2bzlA00_5.pdb,0.344,298,284
6B8X_single_001_density_input.pdb,2i1yA00_15.pdb,0.378,298,287
6B8X_single_001_density_input.pdb,4ge6A00_2.pdb,0.315,298,303
6B8X_single_001_density_input.pdb,4qunA00_1.pdb,0.34,298,283
6B8X_single_001_density_input.pdb,2i1yA00_2.pdb,0.343,298,287
6B8X_single_001_density_input.pdb,1wchA00_9.pdb,0.359,298,308
6B8X_single_001_density_input.pdb,4ikcA00_11.pdb,0.323,298,274
6B8X_single_001_density_input.pdb,4qunA00_26.pdb,0.353,298,283
6B8X_single_001_density_input.pdb,2bzlA00_16.pdb,0.334,298,284
6B8X_single_001_density_input.pdb,2i1yA00_14.pdb,0.347,298,287
6B8X_single_001_density_input.pdb,2i1yA00_1.pdb,0.35,298,287
6B8X_single_001_density_input.pdb,4ikcA00_2.pdb,0.323,298,274
6B8X_single_001_density_input.pdb,5awxA00_16.pdb,0.312,298,283
6B8X_single_001_density_input.pdb,2bzlA00_20.pdb,0.341,298,284
6B8X_single_001_density_input.pdb,2bzlA00_17.pdb,0.353,298,284
6B8X_single_001_density_input.pdb,2i1yA00_31.pdb,0.368,298,287
6B8X_single_001_density_input.pdb,4ikcA00_7.pdb,0.327,298,274
6B8X_single_001_density_input.pdb,5awxA00_21.pdb,0.318,298,283
6B8X_single_001_density_input.pdb,4ge6A00_11.pdb,0.318,298,303
6B8X_single_001_density_input.pdb,1wchA00_14.pdb,0.334,298,308
6B8X_single_001_density_input.pdb,4qunA00_13.pdb,0.366,298,283
6B8X_single_001_density_input.pdb,2bzlA00_1.pdb,0.324,298,284
6B8X_single_001_density_input.pdb,2i1yA00_26.pdb,0.344,298,287
6B8X_single_001_density_input.pdb,4ge6A00_9.pdb,0.333,298,303
6B8X_single_001_density_input.pdb,2bzlA00_28.pdb,0.34,298,284
6B8X_single_001_density_input.pdb,2bzlA00_3.pdb,0.32,298,284
6B8X_single_001_density_input.pdb,2bzlA00_10.pdb,0.34,298,284
6B8X_single_001_density_input.pdb,4ikcA00_21.pdb,0.31,298,274
6B8X_single_001_density_input.pdb,4qunA00_27.pdb,0.356,298,283
6B8X_single_001_density_input.pdb,4qunA00_5.pdb,0.328,298,283
6B8X_single_001_density_input.pdb,2bzlA00_18.pdb,0.322,298,284
6B8X_single_001_density_input.pdb,2bzlA00_8.pdb,0.322,298,284
6B8X_single_001_density_input.pdb,2i1yA00_21.pdb,0.362,298,287
6B8X_single_001_density_input.pdb,4ge6A00_13.pdb,0.364,298,303
6B8X_single_001_density_input.pdb,4ikcA00_10.pdb,0.302,298,274
6B8X_single_001_density_input.pdb,5awxA00_20.pdb,0.31,298,283
6B8X_single_001_density_input.pdb,1wchA00_25.pdb,0.338,298,308
6B8X_single_001_density_input.pdb,4ikcA00_8.pdb,0.306,298,274
6B8X_single_001_density_input.pdb,2bzlA00_31.pdb,0.347,298,284
6B8X_single_001_density_input.pdb,1wchA00_27.pdb,0.338,298,308
6B8X_single_001_density_input.pdb,4ikcA00_3.pdb,0.31,298,274
6B8X_single_001_density_input.pdb,4qunA00_20.pdb,0.343,298,283
6B8X_single_001_density_input.pdb,2i1yA00_17.pdb,0.347,298,287
6B8X_single_001_density_input.pdb,1wchA00_6.pdb,0.332,298,308
6B8X_single_001_density_input.pdb,2bzlA00_9.pdb,0.314,298,284
6B8X_single_001_density_input.pdb,2bzlA00_2.pdb,0.318,298,284
6B8X_single_001_density_input.pdb,1wchA00_18.pdb,0.365,298,308
6B8X_single_001_density_input.pdb,4ikcA00_4.pdb,0.298,298,274
6B8X_single_001_density_input.pdb,4qunA00_18.pdb,0.356,298,283
6B8X_single_001_density_input.pdb,4ge6A00_18.pdb,0.329,298,303
6B8X_single_001_density_input.pdb,5awxA00_25.pdb,0.312,298,283
6B8X_single_001_density_input.pdb,2bzlA00_22.pdb,0.321,298,284
6B8X_single_001_density_input.pdb,4ge6A00_1.pdb,0.341,298,303
6B8X_single_001_density_input.pdb,4ikcA00_25.pdb,0.302,298,274
6B8X_single_001_density_input.pdb,2bzlA00_25.pdb,0.314,298,284
6B8X_single_001_density_input.pdb,5awxA00_8.pdb,0.303,298,283
6B8X_single_001_density_input.pdb,4ge6A00_17.pdb,0.351,298,303
6B8X_single_001_density_input.pdb,1wchA00_16.pdb,0.344,298,308
6B8X_single_001_density_input.pdb,2bzlA00_12.pdb,0.333,298,284
6B8X_single_001_density_input.pdb,2oc3A00_26.pdb,0.318,298,279
6B8X_single_001_density_input.pdb,2i1yA00_16.pdb,0.36,298,287
6B8X_single_001_density_input.pdb,2i1yA00_7.pdb,0.336,298,287
6B8X_single_001_density_input.pdb,4ikcA00_17.pdb,0.313,298,274
6B8X_single_001_density_input.pdb,4ge6A00_0.pdb,0.318,298,303
6B8X_single_001_density_input.pdb,4ge6A00_12.pdb,0.329,298,303
6B8X_single_001_density_input.pdb,2bzlA00_21.pdb,0.305,298,284
6B8X_single_001_density_input.pdb,1zc0A00_20.pdb,0.352,298,286
6B8X_single_001_density_input.pdb,2oc3A00_1.pdb,0.328,298,279
6B8X_single_001_density_input.pdb,4ge6A00_29.pdb,0.325,298,303
6B8X_single_001_density_input.pdb,2bzlA00_26.pdb,0.314,298,284
6B8X_single_001_density_input.pdb,1zc0A00_17.pdb,0.333,298,286
6B8X_single_001_density_input.pdb,4ge6A00_20.pdb,0.318,298,303
6B8X_single_001_density_input.pdb,2bzlA00_30.pdb,0.313,298,284
6B8X_single_001_density_input.pdb,2oc3A00_18.pdb,0.326,298,279
6B8X_single_001_density_input.pdb,2bzlA00_13.pdb,0.315,298,284
6B8X_single_001_density_input.pdb,4ikcA00_19.pdb,0.296,298,274
6B8X_single_001_density_input.pdb,4ikcA00_9.pdb,0.299,298,274
6B8X_single_001_density_input.pdb,4ge6A00_15.pdb,0.304,298,303
6B8X_single_001_density_input.pdb,4ge6A00_26.pdb,0.318,298,303
6B8X_single_001_density_input.pdb,4ge6A00_8.pdb,0.336,298,303
6B8X_single_001_density_input.pdb,2i1yA00_8.pdb,0.328,298,287
6B8X_single_001_density_input.pdb,4ge6A00_4.pdb,0.355,298,303
6B8X_single_001_density_input.pdb,5awxA00_5.pdb,0.312,298,283
6B8X_single_001_density_input.pdb,1wchA00_19.pdb,0.348,298,308
6B8X_single_001_density_input.pdb,2oc3A00_7.pdb,0.318,298,279
6B8X_single_001_density_input.pdb,2bzlA00_23.pdb,0.317,298,284
6B8X_single_001_density_input.pdb,4ge6A00_16.pdb,0.307,298,303
6B8X_single_001_density_input.pdb,4ge6A00_3.pdb,0.311,298,303
6B8X_single_001_density_input.pdb,4ge6A00_10.pdb,0.304,298,303
6B8X_single_001_density_input.pdb,4ge6A00_21.pdb,0.304,298,303
6B8X_single_001_density_input.pdb,5awxA00_6.pdb,0.299,298,283
6B8X_single_001_density_input.pdb,4ge6A00_19.pdb,0.325,298,303
6B8X_single_001_density_input.pdb,4ge6A00_28.pdb,0.295,298,303
6B8X_single_001_density_input.pdb,4ge6A00_5.pdb,0.32,298,303
6B8X_single_001_density_input.pdb,2oc3A00_20.pdb,0.313,298,279
6B8X_single_001_density_input.pdb,2oc3A00_30.pdb,0.31,298,279
6B8X_single_001_density_input.pdb,2oc3A00_25.pdb,0.313,298,279
6B8X_single_001_density_input.pdb,2oc3A00_6.pdb,0.304,298,279
6B8X_single_001_density_input.pdb,4ikcA00_6.pdb,0.298,298,274
6B8X_single_001_density_input.pdb,4ge6A00_7.pdb,0.293,298,303
6B8X_single_001_density_input.pdb,2oc3A00_22.pdb,0.304,298,279
6B8X_single_001_density_input.pdb,1zc0A00_22.pdb,0.305,298,286
6B8X_single_001_density_input.pdb,2oc3A00_4.pdb,0.304,298,279
6B8X_single_001_density_input.pdb,2oc3A00_9.pdb,0.294,298,279
6B8X_single_001_density_input.pdb,1zc0A00_31.pdb,0.329,298,286
6B8X_single_001_density_input.pdb,1zc0A00_27.pdb,0.308,298,286
6B8X_single_001_density_input.pdb,4ge6A00_23.pdb,0.316,298,303
6B8X_single_001_density_input.pdb,2oc3A00_19.pdb,0.301,298,279
6B8X_single_001_density_input.pdb,1zc0A00_24.pdb,0.308,298,286
6B8X_single_001_density_input.pdb,2oc3A00_27.pdb,0.303,298,279
6B8X_single_001_density_input.pdb,2bzlA00_7.pdb,0.32,298,284
6B8X_single_001_density_input.pdb,1zc0A00_0.pdb,0.316,298,286
6B8X_single_001_density_input.pdb,1zc0A00_3.pdb,0.31,298,286
6B8X_single_001_density_input.pdb,1zc0A00_12.pdb,0.33,298,286
6B8X_single_001_density_input.pdb,2oc3A00_12.pdb,0.291,298,279
6B8X_single_001_density_input.pdb,1zc0A00_14.pdb,0.331,298,286
6B8X_single_001_density_input.pdb,1zc0A00_4.pdb,0.341,298,286
6B8X_single_001_density_input.pdb,2oc3A00_0.pdb,0.304,298,279
6B8X_single_001_density_input.pdb,1zc0A00_5.pdb,0.305,298,286
6B8X_single_001_density_input.pdb,2oc3A00_11.pdb,0.274,298,279
6B8X_single_001_density_input.pdb,1zc0A00_2.pdb,0.32,298,286
6B8X_single_001_density_input.pdb,2oc3A00_17.pdb,0.303,298,279
6B8X_single_001_density_input.pdb,2oc3A00_23.pdb,0.299,298,279
6B8X_single_001_density_input.pdb,2oc3A00_3.pdb,0.293,298,279
6B8X_single_001_density_input.pdb,2oc3A00_13.pdb,0.289,298,279
6B8X_single_001_density_input.pdb,1zc0A00_7.pdb,0.327,298,286
6B8X_single_001_density_input.pdb,2oc3A00_2.pdb,0.295,298,279
6B8X_single_001_density_input.pdb,2oc3A00_28.pdb,0.283,298,279
6B8X_single_001_density_input.pdb,1zc0A00_26.pdb,0.293,298,286
6B8X_single_001_density_input.pdb,1zc0A00_18.pdb,0.3,298,286
6B8X_single_001_density_input.pdb,1zc0A00_21.pdb,0.323,298,286
6B8X_single_001_density_input.pdb,1zc0A00_1.pdb,0.33,298,286
6B8X_single_001_density_input.pdb,2oc3A00_16.pdb,0.288,298,279
6B8X_single_001_density_input.pdb,2oc3A00_29.pdb,0.296,298,279
6B8X_single_001_density_input.pdb,2oc3A00_10.pdb,0.284,298,279
6B8X_single_001_density_input.pdb,1zc0A00_25.pdb,0.293,298,286
6B8X_single_001_density_input.pdb,1zc0A00_28.pdb,0.307,298,286
6B8X_single_001_density_input.pdb,4ge6A00_14.pdb,0.293,298,303
6B8X_single_001_density_input.pdb,2oc3A00_21.pdb,0.298,298,279
6B8X_single_001_density_input.pdb,1zc0A00_19.pdb,0.316,298,286
6B8X_single_001_density_input.pdb,2oc3A00_5.pdb,0.301,298,279
6B8X_single_001_density_input.pdb,2oc3A00_8.pdb,0.292,298,279
6B8X_single_001_density_input.pdb,1zc0A00_9.pdb,0.316,298,286
6B8X_single_001_density_input.pdb,1zc0A00_16.pdb,0.308,298,286
6B8X_single_001_density_input.pdb,1zc0A00_6.pdb,0.29,298,286
6B8X_single_001_density_input.pdb,2oc3A00_31.pdb,0.291,298,279
6B8X_single_001_density_input.pdb,1zc0A00_29.pdb,0.295,298,286
6B8X_single_001_density_input.pdb,2oc3A00_15.pdb,0.294,298,279
6B8X_single_001_density_input.pdb,2oc3A00_14.pdb,0.285,298,279
6B8X_single_001_density_input.pdb,1zc0A00_23.pdb,0.317,298,286
6B8X_single_001_density_input.pdb,1zc0A00_11.pdb,0.307,298,286
6B8X_single_001_density_input.pdb,4ge6A00_24.pdb,0.297,298,303
6B8X_single_001_density_input.pdb,1zc0A00_30.pdb,0.291,298,286
3T94_single_001_density_input.pdb,1cb0A_28.pdb,0.459,270,268
3T94_single_001_density_input.pdb,1cb0A_9.pdb,0.426,270,268
3T94_single_001_density_input.pdb,1cb0A_6.pdb,0.427,270,268
3T94_single_001_density_input.pdb,1cb0A_10.pdb,0.419,270,268
3T94_single_001_density_input.pdb,1cb0A_21.pdb,0.426,270,268
3T94_single_001_density_input.pdb,1cb0A_30.pdb,0.415,270,268
3T94_single_001_density_input.pdb,1cb0A_26.pdb,0.41,270,268
3T94_single_001_density_input.pdb,1cb0A_23.pdb,0.426,270,268
3T94_single_001_density_input.pdb,1cb0A_29.pdb,0.41,270,268
3T94_single_001_density_input.pdb,1cb0A_31.pdb,0.422,270,268
3T94_single_001_density_input.pdb,1cb0A_7.pdb,0.415,270,268
3T94_single_001_density_input.pdb,1cb0A_15.pdb,0.407,270,268
3T94_single_001_density_input.pdb,1cb0A_20.pdb,0.41,270,268
3T94_single_001_density_input.pdb,1cb0A_4.pdb,0.402,270,268
3T94_single_001_density_input.pdb,1cb0A_1.pdb,0.418,270,268
3T94_single_001_density_input.pdb,1cb0A_18.pdb,0.405,270,268
3T94_single_001_density_input.pdb,1cb0A_17.pdb,0.418,270,268
3T94_single_001_density_input.pdb,1cb0A_19.pdb,0.406,270,268
3T94_single_001_density_input.pdb,1cb0A_5.pdb,0.402,270,268
3T94_single_001_density_input.pdb,1cb0A_2.pdb,0.411,270,268
3T94_single_001_density_input.pdb,1cb0A_22.pdb,0.41,270,268
3T94_single_001_density_input.pdb,1cb0A_14.pdb,0.398,270,268
3T94_single_001_density_input.pdb,1cb0A_8.pdb,0.407,270,268
3T94_single_001_density_input.pdb,1cb0A_27.pdb,0.403,270,268
3T94_single_001_density_input.pdb,1cb0A_11.pdb,0.394,270,268
3T94_single_001_density_input.pdb,1cb0A_3.pdb,0.414,270,268
3T94_single_001_density_input.pdb,1cb0A_0.pdb,0.387,270,268
3T94_single_001_density_input.pdb,1cb0A_16.pdb,0.394,270,268
3T94_single_001_density_input.pdb,1cb0A_24.pdb,0.394,270,268
3T94_single_001_density_input.pdb,1cb0A_12.pdb,0.373,270,268
3T94_single_001_density_input.pdb,1cb0A_25.pdb,0.369,270,268
3T94_single_001_density_input.pdb,1cb0A_13.pdb,0.361,270,268
3T94_single_001_density_input.pdb,3ozbA00_11.pdb,0.362,270,241
3T94_single_001_density_input.pdb,3ozbA00_22.pdb,0.347,270,241
3T94_single_001_density_input.pdb,3ozbA00_2.pdb,0.314,270,241
3T94_single_001_density_input.pdb,3ozbA00_14.pdb,0.349,270,241
3T94_single_001_density_input.pdb,3ozbA00_12.pdb,0.347,270,241
3T94_single_001_density_input.pdb,3ozbA00_19.pdb,0.349,270,241
3T94_single_001_density_input.pdb,3ozbA00_26.pdb,0.318,270,241
3T94_single_001_density_input.pdb,3ozbA00_13.pdb,0.304,270,241
3T94_single_001_density_input.pdb,3ozbA00_15.pdb,0.328,270,241
3T94_single_001_density_input.pdb,3ozbA00_23.pdb,0.333,270,241
3T94_single_001_density_input.pdb,3ozbA00_8.pdb,0.314,270,241
3T94_single_001_density_input.pdb,3ozbA00_28.pdb,0.323,270,241
3T94_single_001_density_input.pdb,3ozbA00_29.pdb,0.318,270,241
3T94_single_001_density_input.pdb,3ozbA00_6.pdb,0.305,270,241
3T94_single_001_density_input.pdb,3ozbA00_18.pdb,0.343,270,241
3T94_single_001_density_input.pdb,3ozbA00_0.pdb,0.318,270,241
3T94_single_001_density_input.pdb,3ozbA00_30.pdb,0.314,270,241
3T94_single_001_density_input.pdb,3ozbA00_25.pdb,0.302,270,241
3T94_single_001_density_input.pdb,3ozbA00_16.pdb,0.309,270,241
3T94_single_001_density_input.pdb,3ozbA00_24.pdb,0.318,270,241
3T94_single_001_density_input.pdb,3ozbA00_5.pdb,0.342,270,241
3T94_single_001_density_input.pdb,3ozbA00_1.pdb,0.314,270,241
3T94_single_001_density_input.pdb,3ozbA00_27.pdb,0.314,270,241
3T94_single_001_density_input.pdb,3ozbA00_3.pdb,0.278,270,241
3T94_single_001_density_input.pdb,3ozbA00_4.pdb,0.298,270,241
3T94_single_001_density_input.pdb,3ozbA00_17.pdb,0.299,270,241
3T94_single_001_density_input.pdb,3ozbA00_9.pdb,0.304,270,241
3T94_single_001_density_input.pdb,3ozbA00_31.pdb,0.294,270,241
3T94_single_001_density_input.pdb,3ozbA00_21.pdb,0.314,270,241
3T94_single_001_density_input.pdb,3ozbA00_7.pdb,0.299,270,241
3T94_single_001_density_input.pdb,3ozbA00_20.pdb,0.304,270,241
3T94_single_001_density_input.pdb,3ozbA00_10.pdb,0.299,270,241
3T94_single_001_density_input.pdb,3khsD_11_reres.pdb,0.3,270,262
3T94_single_001_density_input.pdb,3khsD_11.pdb,0.3,270,262
3T94_single_001_density_input.pdb,3khsD_1_reres.pdb,0.306,270,262
3T94_single_001_density_input.pdb,3khsD_1.pdb,0.306,270,262
3T94_single_001_density_input.pdb,3khsD_22.pdb,0.296,270,262
3T94_single_001_density_input.pdb,3khsD_22_reres.pdb,0.296,270,262
3T94_single_001_density_input.pdb,3khsD_14.pdb,0.302,270,262
3T94_single_001_density_input.pdb,3khsD_14_reres.pdb,0.302,270,262
3T94_single_001_density_input.pdb,3khsD_25.pdb,0.305,270,262
3T94_single_001_density_input.pdb,3khsD_25_reres.pdb,0.305,270,262
3T94_single_001_density_input.pdb,3khsD_30.pdb,0.31,270,262
3T94_single_001_density_input.pdb,3khsD_30_reres.pdb,0.31,270,262
3T94_single_001_density_input.pdb,3khsD_17.pdb,0.32,270,262
3T94_single_001_density_input.pdb,3khsD_17_reres.pdb,0.32,270,262
3T94_single_001_density_input.pdb,3khsD_19.pdb,0.32,270,262
3T94_single_001_density_input.pdb,3khsD_19_reres.pdb,0.32,270,262
3T94_single_001_density_input.pdb,3khsD_29.pdb,0.297,270,262
3T94_single_001_density_input.pdb,3khsD_29_reres.pdb,0.297,270,262
3T94_single_001_density_input.pdb,3khsD_8.pdb,0.281,270,262
3T94_single_001_density_input.pdb,3khsD_8_reres.pdb,0.281,270,262
3T94_single_001_density_input.pdb,3nm6B00_24.pdb,0.278,270,229
3T94_single_001_density_input.pdb,3nm6B00_24_reres.pdb,0.278,270,229
3T94_single_001_density_input.pdb,3khsD_9.pdb,0.324,270,262
3T94_single_001_density_input.pdb,3khsD_9_reres.pdb,0.324,270,262
3T94_single_001_density_input.pdb,1yqqA_10.pdb,0.258,270,273
3T94_single_001_density_input.pdb,4lnaA_10.pdb,0.292,270,256
3T94_single_001_density_input.pdb,1yqqA_19.pdb,0.253,270,273
3T94_single_001_density_input.pdb,3khsD_16.pdb,0.331,270,262
3T94_single_001_density_input.pdb,3khsD_16_reres.pdb,0.331,270,262
3T94_single_001_density_input.pdb,3khsD_12.pdb,0.289,270,262
3T94_single_001_density_input.pdb,3khsD_12_reres.pdb,0.289,270,262
3T94_single_001_density_input.pdb,3khsD_18.pdb,0.293,270,262
3T94_single_001_density_input.pdb,3khsD_18_reres.pdb,0.293,270,262
3T94_single_001_density_input.pdb,3khsD_27.pdb,0.306,270,262
3T94_single_001_density_input.pdb,3khsD_27_reres.pdb,0.306,270,262
3T94_single_001_density_input.pdb,3khsD_24.pdb,0.286,270,262
3T94_single_001_density_input.pdb,3khsD_24_reres.pdb,0.286,270,262
3T94_single_001_density_input.pdb,1yqqA_29.pdb,0.262,270,273
3T94_single_001_density_input.pdb,3khsD_20.pdb,0.302,270,262
3T94_single_001_density_input.pdb,3khsD_20_reres.pdb,0.302,270,262
3T94_single_001_density_input.pdb,3nm6B00_3.pdb,0.319,270,229
3T94_single_001_density_input.pdb,3nm6B00_3_reres.pdb,0.319,270,229
3T94_single_001_density_input.pdb,3khsD_15.pdb,0.286,270,262
3T94_single_001_density_input.pdb,3khsD_15_reres.pdb,0.286,270,262
3T94_single_001_density_input.pdb,3khsD_31.pdb,0.306,270,262
3T94_single_001_density_input.pdb,3khsD_31_reres.pdb,0.306,270,262
3T94_single_001_density_input.pdb,3nm6B00_26_reres.pdb,0.255,270,229
3T94_single_001_density_input.pdb,3nm6B00_18.pdb,0.258,270,229
3T94_single_001_density_input.pdb,3nm6B00_18_reres.pdb,0.258,270,229
3T94_single_001_density_input.pdb,3nm6B00_26.pdb,0.255,270,229
3T94_single_001_density_input.pdb,3khsD_4.pdb,0.296,270,262
3T94_single_001_density_input.pdb,3khsD_4_reres.pdb,0.296,270,262
3T94_single_001_density_input.pdb,3khsD_5.pdb,0.319,270,262
3T94_single_001_density_input.pdb,3khsD_5_reres.pdb,0.319,270,262
3T94_single_001_density_input.pdb,3khsD_10.pdb,0.261,270,262
3T94_single_001_density_input.pdb,3khsD_10_reres.pdb,0.261,270,262
3T94_single_001_density_input.pdb,3khsD_3.pdb,0.26,270,262
3T94_single_001_density_input.pdb,3khsD_3_reres.pdb,0.26,270,262
3T94_single_001_density_input.pdb,3nm6B00_22.pdb,0.27,270,229
3T94_single_001_density_input.pdb,3nm6B00_22_reres.pdb,0.27,270,229
3T94_single_001_density_input.pdb,3nm6B00_31.pdb,0.277,270,229
3T94_single_001_density_input.pdb,3nm6B00_31_reres.pdb,0.277,270,229
3T94_single_001_density_input.pdb,3nm6B00_5.pdb,0.268,270,229
3T94_single_001_density_input.pdb,3nm6B00_5_reres.pdb,0.268,270,229
3T94_single_001_density_input.pdb,3nm6B00_21.pdb,0.263,270,229
3T94_single_001_density_input.pdb,3nm6B00_21_reres.pdb,0.263,270,229
3T94_single_001_density_input.pdb,3khsD_6.pdb,0.292,270,262
3T94_single_001_density_input.pdb,3khsD_6_reres.pdb,0.292,270,262
3T94_single_001_density_input.pdb,3nm6B00_15.pdb,0.251,270,229
3T94_single_001_density_input.pdb,3nm6B00_15_reres.pdb,0.251,270,229
3T94_single_001_density_input.pdb,3khsD_21.pdb,0.269,270,262
3T94_single_001_density_input.pdb,3khsD_21_reres.pdb,0.269,270,262
8VPW_single_001_density_input.pdb,3ewnA00_3.pdb,0.421,226,228
8VPW_single_001_density_input.pdb,3ewnA00_0.pdb,0.437,226,228
8VPW_single_001_density_input.pdb,3ewnA00_7.pdb,0.433,226,228
8VPW_single_001_density_input.pdb,3ewnA00_25.pdb,0.446,226,228
8VPW_single_001_density_input.pdb,3ewnA00_22.pdb,0.443,226,228
8VPW_single_001_density_input.pdb,3ewnA00_15.pdb,0.465,226,228
8VPW_single_001_density_input.pdb,3ewnA00_24.pdb,0.416,226,228
8VPW_single_001_density_input.pdb,3ewnA00_19.pdb,0.433,226,228
8VPW_single_001_density_input.pdb,3ewnA00_4.pdb,0.443,226,228
8VPW_single_001_density_input.pdb,3ewnA00_8.pdb,0.412,226,228
8VPW_single_001_density_input.pdb,3ewnA00_5.pdb,0.443,226,228
8VPW_single_001_density_input.pdb,3ewnA00_17.pdb,0.424,226,228
8VPW_single_001_density_input.pdb,3mgkB_28.pdb,0.344,226,201
8VPW_single_001_density_input.pdb,3mgkB_28_reres.pdb,0.344,226,201
8VPW_single_001_density_input.pdb,3ewnA00_18.pdb,0.443,226,228
8VPW_single_001_density_input.pdb,3ewnA00_31.pdb,0.401,226,228
8VPW_single_001_density_input.pdb,3mgkB_29.pdb,0.35,226,201
8VPW_single_001_density_input.pdb,3mgkB_29_reres.pdb,0.35,226,201
8VPW_single_001_density_input.pdb,3ewnA00_30.pdb,0.411,226,228
8VPW_single_001_density_input.pdb,3ewnA00_6.pdb,0.421,226,228
8VPW_single_001_density_input.pdb,3ewnA00_13.pdb,0.417,226,228
8VPW_single_001_density_input.pdb,3ewnA00_21.pdb,0.407,226,228
8VPW_single_001_density_input.pdb,3ewnA00_10.pdb,0.406,226,228
8VPW_single_001_density_input.pdb,3ewnA00_28.pdb,0.408,226,228
8VPW_single_001_density_input.pdb,3mgkB_13.pdb,0.333,226,201
8VPW_single_001_density_input.pdb,3mgkB_13_reres.pdb,0.333,226,201
8VPW_single_001_density_input.pdb,3mgkB_7.pdb,0.344,226,201
8VPW_single_001_density_input.pdb,3mgkB_7_reres.pdb,0.344,226,201
8VPW_single_001_density_input.pdb,3ewnA00_23.pdb,0.403,226,228
8VPW_single_001_density_input.pdb,3ewnA00_1.pdb,0.417,226,228
8VPW_single_001_density_input.pdb,3ewnA00_26.pdb,0.415,226,228
8VPW_single_001_density_input.pdb,3ewnA00_27.pdb,0.409,226,228
8VPW_single_001_density_input.pdb,3mgkB_17.pdb,0.338,226,201
8VPW_single_001_density_input.pdb,3mgkB_17_reres.pdb,0.338,226,201
8VPW_single_001_density_input.pdb,3ewnA00_16.pdb,0.417,226,228
8VPW_single_001_density_input.pdb,3ewnA00_9.pdb,0.395,226,228
8VPW_single_001_density_input.pdb,3ewnA00_11.pdb,0.409,226,228
8VPW_single_001_density_input.pdb,3mgkB_15.pdb,0.338,226,201
8VPW_single_001_density_input.pdb,3mgkB_15_reres.pdb,0.338,226,201
8VPW_single_001_density_input.pdb,3mgkB_6.pdb,0.333,226,201
8VPW_single_001_density_input.pdb,3mgkB_6_reres.pdb,0.333,226,201
8VPW_single_001_density_input.pdb,3ewnA00_20.pdb,0.436,226,228
8VPW_single_001_density_input.pdb,3mgkB_18.pdb,0.344,226,201
8VPW_single_001_density_input.pdb,3mgkB_18_reres.pdb,0.344,226,201
8VPW_single_001_density_input.pdb,3mgkB_14.pdb,0.338,226,201
8VPW_single_001_density_input.pdb,3mgkB_14_reres.pdb,0.338,226,201
8VPW_single_001_density_input.pdb,3mgkB_20.pdb,0.327,226,201
8VPW_single_001_density_input.pdb,3mgkB_20_reres.pdb,0.327,226,201
8VPW_single_001_density_input.pdb,3mgkB_2_reres.pdb,0.327,226,201
8VPW_single_001_density_input.pdb,3mgkB_2.pdb,0.327,226,201
8VPW_single_001_density_input.pdb,3mgkB_9.pdb,0.333,226,201
8VPW_single_001_density_input.pdb,3mgkB_9_reres.pdb,0.333,226,201
8VPW_single_001_density_input.pdb,3mgkB_30.pdb,0.316,226,201
8VPW_single_001_density_input.pdb,3mgkB_30_reres.pdb,0.316,226,201
8VPW_single_001_density_input.pdb,3mgkB_25.pdb,0.322,226,201
8VPW_single_001_density_input.pdb,3mgkB_25_reres.pdb,0.322,226,201
8VPW_single_001_density_input.pdb,3ewnA00_29.pdb,0.384,226,228
8VPW_single_001_density_input.pdb,3mgkB_26_reres.pdb,0.316,226,201
8VPW_single_001_density_input.pdb,3mgkB_26.pdb,0.316,226,201
8VPW_single_001_density_input.pdb,3ewnA00_12.pdb,0.408,226,228
8VPW_single_001_density_input.pdb,3mgkB_4.pdb,0.333,226,201
8VPW_single_001_density_input.pdb,3mgkB_4_reres.pdb,0.333,226,201
8VPW_single_001_density_input.pdb,3mgkB_5.pdb,0.327,226,201
8VPW_single_001_density_input.pdb,3mgkB_5_reres.pdb,0.327,226,201
8VPW_single_001_density_input.pdb,3mgkB_22.pdb,0.322,226,201
8VPW_single_001_density_input.pdb,3mgkB_22_reres.pdb,0.322,226,201
8VPW_single_001_density_input.pdb,3mgkB_0.pdb,0.349,226,201
8VPW_single_001_density_input.pdb,3mgkB_0_reres.pdb,0.349,226,201
8VPW_single_001_density_input.pdb,3mgkB_31.pdb,0.333,226,201
8VPW_single_001_density_input.pdb,3mgkB_31_reres.pdb,0.333,226,201
8VPW_single_001_density_input.pdb,3mgkB_21.pdb,0.316,226,201
8VPW_single_001_density_input.pdb,3mgkB_21_reres.pdb,0.316,226,201
8VPW_single_001_density_input.pdb,3ewnA00_2.pdb,0.367,226,228
8VPW_single_001_density_input.pdb,3ewnA00_14.pdb,0.419,226,228
8VPW_single_001_density_input.pdb,3mgkB_1_reres.pdb,0.311,226,201
8VPW_single_001_density_input.pdb,3mgkB_1.pdb,0.311,226,201
8VPW_single_001_density_input.pdb,3mgkB_24.pdb,0.311,226,201
8VPW_single_001_density_input.pdb,3mgkB_24_reres.pdb,0.311,226,201
8VPW_single_001_density_input.pdb,3mgkB_23.pdb,0.316,226,201
8VPW_single_001_density_input.pdb,3mgkB_23_reres.pdb,0.316,226,201
8VPW_single_001_density_input.pdb,3mgkB_12.pdb,0.311,226,201
8VPW_single_001_density_input.pdb,3mgkB_12_reres.pdb,0.311,226,201
8VPW_single_001_density_input.pdb,3mgkB_11_reres.pdb,0.327,226,201
8VPW_single_001_density_input.pdb,3mgkB_11.pdb,0.327,226,201
8VPW_single_001_density_input.pdb,3mgkB_27.pdb,0.311,226,201
8VPW_single_001_density_input.pdb,3mgkB_27_reres.pdb,0.311,226,201
8VPW_single_001_density_input.pdb,3mgkB_16.pdb,0.312,226,201
8VPW_single_001_density_input.pdb,3mgkB_16_reres.pdb,0.312,226,201
8VPW_single_001_density_input.pdb,3mgkB_8.pdb,0.305,226,201
8VPW_single_001_density_input.pdb,3mgkB_8_reres.pdb,0.305,226,201
8VPW_single_001_density_input.pdb,3mgkB_3.pdb,0.311,226,201
8VPW_single_001_density_input.pdb,3mgkB_3_reres.pdb,0.311,226,201
8VPW_single_001_density_input.pdb,3mgkB_10.pdb,0.295,226,201
8VPW_single_001_density_input.pdb,3mgkB_10_reres.pdb,0.295,226,201
8VPW_single_001_density_input.pdb,3mgkB_19.pdb,0.301,226,201
8VPW_single_001_density_input.pdb,3mgkB_19_reres.pdb,0.301,226,201
8VPW_single_001_density_input.pdb,4k2hD00_21.pdb,0.343,226,186
8VPW_single_001_density_input.pdb,4k2hD00_21_reres.pdb,0.343,226,186
8VPW_single_001_density_input.pdb,4k2hD00_5.pdb,0.333,226,186
8VPW_single_001_density_input.pdb,4k2hD00_5_reres.pdb,0.333,226,186
8VPW_single_001_density_input.pdb,3cyfA00_28.pdb,0.325,226,185
8VPW_single_001_density_input.pdb,4k2hD00_15.pdb,0.375,226,186
8VPW_single_001_density_input.pdb,4k2hD00_15_reres.pdb,0.375,226,186
8VPW_single_001_density_input.pdb,4y1eA_15.pdb,0.4,226,171
8VPW_single_001_density_input.pdb,3fseA01_31.pdb,0.335,226,190
8VPW_single_001_density_input.pdb,4y1eA_25.pdb,0.373,226,171
8VPW_single_001_density_input.pdb,3cyfA00_15.pdb,0.298,226,185
8VPW_single_001_density_input.pdb,3cyfA00_20.pdb,0.35,226,185
8VPW_single_001_density_input.pdb,4k2hD00_0.pdb,0.387,226,186
8VPW_single_001_density_input.pdb,4k2hD00_0_reres.pdb,0.387,226,186
8VPW_single_001_density_input.pdb,3uk7A01_30.pdb,0.382,226,187
8VPW_single_001_density_input.pdb,3fseA01_20.pdb,0.328,226,190
8VPW_single_001_density_input.pdb,3cyfA00_31.pdb,0.368,226,185
8VPW_single_001_density_input.pdb,4k2hD00_27.pdb,0.337,226,186
8VPW_single_001_density_input.pdb,4k2hD00_27_reres.pdb,0.337,226,186
8VPW_single_001_density_input.pdb,4k2hD00_29.pdb,0.343,226,186
8VPW_single_001_density_input.pdb,4k2hD00_29_reres.pdb,0.343,226,186
8VPW_single_001_density_input.pdb,3cyfA00_30.pdb,0.308,226,185
8VPW_single_001_density_input.pdb,3uk7A01_28.pdb,0.366,226,187
8VPW_single_001_density_input.pdb,3uk7A01_5.pdb,0.423,226,187
8VPW_single_001_density_input.pdb,4k2hD00_11_reres.pdb,0.317,226,186
8VPW_single_001_density_input.pdb,4k2hD00_1_reres.pdb,0.378,226,186
8VPW_single_001_density_input.pdb,4k2hD00_1.pdb,0.378,226,186
8VPW_single_001_density_input.pdb,4k2hD00_11.pdb,0.317,226,186
8VPW_single_001_density_input.pdb,3uk7A01_14.pdb,0.346,226,187
8VPW_single_001_density_input.pdb,4y1eA_17.pdb,0.324,226,171
8VPW_single_001_density_input.pdb,4y1eA_18.pdb,0.373,226,171
8VPW_single_001_density_input.pdb,4y1eA_23.pdb,0.311,226,171
8VPW_single_001_density_input.pdb,3uk7A01_16.pdb,0.348,226,187
8VPW_single_001_density_input.pdb,3fseA01_17.pdb,0.322,226,190
8VPW_single_001_density_input.pdb,3fseA01_9.pdb,0.348,226,190
8VPW_single_001_density_input.pdb,4hcjA00_11.pdb,0.341,226,169
8VPW_single_001_density_input.pdb,4y1eA_30.pdb,0.357,226,171
8VPW_single_001_density_input.pdb,4k2hD00_23.pdb,0.382,226,186
8VPW_single_001_density_input.pdb,4k2hD00_23_reres.pdb,0.382,226,186
8VPW_single_001_density_input.pdb,4y1eA_14.pdb,0.313,226,171
8VPW_single_001_density_input.pdb,4k2hD00_14.pdb,0.319,226,186
8VPW_single_001_density_input.pdb,4k2hD00_14_reres.pdb,0.319,226,186
8VPW_single_001_density_input.pdb,4k2hD00_16.pdb,0.367,226,186
8VPW_single_001_density_input.pdb,4k2hD00_16_reres.pdb,0.367,226,186
8VPW_single_001_density_input.pdb,3fseA01_14.pdb,0.328,226,190
8VPW_single_001_density_input.pdb,3cyfA00_0.pdb,0.325,226,185
8VPW_single_001_density_input.pdb,4k2hD00_28.pdb,0.319,226,186
8VPW_single_001_density_input.pdb,4k2hD00_28_reres.pdb,0.319,226,186
8VPW_single_001_density_input.pdb,4k2hD00_8.pdb,0.329,226,186
8VPW_single_001_density_input.pdb,4k2hD00_8_reres.pdb,0.329,226,186
8VPW_single_001_density_input.pdb,3uk7A01_21.pdb,0.384,226,187
8VPW_single_001_density_input.pdb,3fseA01_2.pdb,0.357,226,190
8VPW_single_001_density_input.pdb,4hcjA00_13.pdb,0.384,226,169
8VPW_single_001_density_input.pdb,4y1eA_8.pdb,0.365,226,171
8VPW_single_001_density_input.pdb,4y1eA_0.pdb,0.311,226,171
8VPW_single_001_density_input.pdb,4k2hD00_13.pdb,0.333,226,186
8VPW_single_001_density_input.pdb,4k2hD00_13_reres.pdb,0.333,226,186
8VPW_single_001_density_input.pdb,4k2hD00_4.pdb,0.307,226,186
8VPW_single_001_density_input.pdb,4k2hD00_4_reres.pdb,0.307,226,186
8VPW_single_001_density_input.pdb,4k2hD00_7.pdb,0.375,226,186
8VPW_single_001_density_input.pdb,4k2hD00_7_reres.pdb,0.375,226,186
8VPW_single_001_density_input.pdb,4y1eA_20.pdb,0.307,226,171
8VPW_single_001_density_input.pdb,4y1eA_10.pdb,0.349,226,171
8VPW_single_001_density_input.pdb,3cyfA00_27.pdb,0.308,226,185
8VPW_single_001_density_input.pdb,4k2hD00_30.pdb,0.298,226,186
8VPW_single_001_density_input.pdb,4k2hD00_30_reres.pdb,0.298,226,186
8VPW_single_001_density_input.pdb,4y1eA_12.pdb,0.311,226,171
8VPW_single_001_density_input.pdb,4xllA00_16.pdb,0.337,226,183
8VPW_single_001_density_input.pdb,3uk7A01_1.pdb,0.368,226,187
8VPW_single_001_density_input.pdb,3cyfA00_26.pdb,0.342,226,185
8VPW_single_001_density_input.pdb,4hcjA00_20.pdb,0.361,226,169
8VPW_single_001_density_input.pdb,4k2hD00_20.pdb,0.377,226,186
8VPW_single_001_density_input.pdb,4k2hD00_20_reres.pdb,0.377,226,186
8VPW_single_001_density_input.pdb,3uk7A01_2.pdb,0.396,226,187
8VPW_single_001_density_input.pdb,3fseA01_15.pdb,0.333,226,190
8VPW_single_001_density_input.pdb,4y1eA_19.pdb,0.369,226,171
8VPW_single_001_density_input.pdb,4y1eA_2.pdb,0.333,226,171
8VPW_single_001_density_input.pdb,3cyfA00_18.pdb,0.308,226,185
8VPW_single_001_density_input.pdb,3cyfA00_5.pdb,0.34,226,185
8VPW_single_001_density_input.pdb,3uk7A01_10.pdb,0.387,226,187
8VPW_single_001_density_input.pdb,3fseA01_19.pdb,0.315,226,190
8VPW_single_001_density_input.pdb,4y1eA_24.pdb,0.305,226,171
8VPW_single_001_density_input.pdb,3fseA01_10.pdb,0.335,226,190
8VPW_single_001_density_input.pdb,3cyfA00_3.pdb,0.342,226,185
8VPW_single_001_density_input.pdb,3cyfA00_11.pdb,0.342,226,185
8VPW_single_001_density_input.pdb,3cyfA00_13.pdb,0.308,226,185
8VPW_single_001_density_input.pdb,3fseA01_29.pdb,0.328,226,190
8VPW_single_001_density_input.pdb,4hcjA00_26.pdb,0.36,226,169
8VPW_single_001_density_input.pdb,4hcjA00_10.pdb,0.333,226,169
8VPW_single_001_density_input.pdb,4y1eA_4.pdb,0.35,226,171
8VPW_single_001_density_input.pdb,4xllA00_23.pdb,0.337,226,183
8VPW_single_001_density_input.pdb,4y1eA_3.pdb,0.359,226,171
8VPW_single_001_density_input.pdb,4k2hD00_10.pdb,0.333,226,186
8VPW_single_001_density_input.pdb,4k2hD00_10_reres.pdb,0.333,226,186
8VPW_single_001_density_input.pdb,3fseA01_13.pdb,0.311,226,190
8VPW_single_001_density_input.pdb,4hcjA00_0.pdb,0.333,226,169
8VPW_single_001_density_input.pdb,4y1eA_26.pdb,0.325,226,171
8VPW_single_001_density_input.pdb,4xllA00_14.pdb,0.298,226,183
8VPW_single_001_density_input.pdb,3uk7A01_18.pdb,0.352,226,187
8VPW_single_001_density_input.pdb,3fseA01_7.pdb,0.313,226,190
8VPW_single_001_density_input.pdb,3fseA01_11.pdb,0.333,226,190
8VPW_single_001_density_input.pdb,4hcjA00_1.pdb,0.35,226,169
8VPW_single_001_density_input.pdb,4y1eA_27.pdb,0.305,226,171
8VPW_single_001_density_input.pdb,4y1eA_11.pdb,0.333,226,171
8VPW_single_001_density_input.pdb,3cyfA00_7.pdb,0.303,226,185
8VPW_single_001_density_input.pdb,3cyfA00_9.pdb,0.297,226,185
8VPW_single_001_density_input.pdb,4k2hD00_9.pdb,0.303,226,186
8VPW_single_001_density_input.pdb,4k2hD00_9_reres.pdb,0.303,226,186
8VPW_single_001_density_input.pdb,3fseA01_18.pdb,0.315,226,190
8VPW_single_001_density_input.pdb,3fseA01_5.pdb,0.32,226,190
8VPW_single_001_density_input.pdb,4xllA00_2.pdb,0.327,226,183
8VPW_single_001_density_input.pdb,3uk7A01_0.pdb,0.349,226,187
8VPW_single_001_density_input.pdb,4y1eA_6.pdb,0.325,226,171
8VPW_single_001_density_input.pdb,3cyfA00_4.pdb,0.296,226,185
8VPW_single_001_density_input.pdb,3cyfA00_16.pdb,0.308,226,185
8VPW_single_001_density_input.pdb,3cyfA00_6.pdb,0.292,226,185
8VPW_single_001_density_input.pdb,4k2hD00_2_reres.pdb,0.384,226,186
8VPW_single_001_density_input.pdb,4k2hD00_2.pdb,0.384,226,186
8VPW_single_001_density_input.pdb,3fseA01_1.pdb,0.317,226,190
8VPW_single_001_density_input.pdb,4y1eA_16.pdb,0.325,226,171
8VPW_single_001_density_input.pdb,4xllA00_26.pdb,0.35,226,183
8VPW_single_001_density_input.pdb,3cyfA00_21.pdb,0.293,226,185
8VPW_single_001_density_input.pdb,4y1eA_5.pdb,0.298,226,171
8VPW_single_001_density_input.pdb,3cyfA00_29.pdb,0.302,226,185
8VPW_single_001_density_input.pdb,3fseA01_23.pdb,0.305,226,190
8VPW_single_001_density_input.pdb,3fseA01_26.pdb,0.296,226,190
8VPW_single_001_density_input.pdb,3fseA01_16.pdb,0.309,226,190
8VPW_single_001_density_input.pdb,3bhnA00_3.pdb,0.362,226,208
8VPW_single_001_density_input.pdb,4y1eA_31.pdb,0.344,226,171
8VPW_single_001_density_input.pdb,4y1eA_9.pdb,0.317,226,171
8VPW_single_001_density_input.pdb,3cyfA00_2.pdb,0.297,226,185
8VPW_single_001_density_input.pdb,4k2hD00_6.pdb,0.276,226,186
8VPW_single_001_density_input.pdb,4k2hD00_6_reres.pdb,0.276,226,186
8VPW_single_001_density_input.pdb,3bhnA00_11.pdb,0.36,226,208
8VPW_single_001_density_input.pdb,4y1eA_1.pdb,0.33,226,171
8VPW_single_001_density_input.pdb,3uk7A01_6.pdb,0.357,226,187
8VPW_single_001_density_input.pdb,3fseA01_12.pdb,0.293,226,190
8VPW_single_001_density_input.pdb,4y1eA_29.pdb,0.345,226,171
8VPW_single_001_density_input.pdb,4xllA00_5.pdb,0.341,226,183
8VPW_single_001_density_input.pdb,4k2hD00_3.pdb,0.343,226,186
8VPW_single_001_density_input.pdb,3fseA01_30.pdb,0.328,226,190
8VPW_single_001_density_input.pdb,4y1eA_28.pdb,0.292,226,171
8VPW_single_001_density_input.pdb,4y1eA_22.pdb,0.324,226,171
8VPW_single_001_density_input.pdb,3fseA01_27.pdb,0.305,226,190
8VPW_single_001_density_input.pdb,4xllA00_22.pdb,0.284,226,183
8VPW_single_001_density_input.pdb,2vrnA00_21.pdb,0.294,226,184
8VPW_single_001_density_input.pdb,3cyfA00_12.pdb,0.321,226,185
8VPW_single_001_density_input.pdb,4y1eA_21.pdb,0.387,226,171
8VPW_single_001_density_input.pdb,4xllA00_17.pdb,0.292,226,183
8VPW_single_001_density_input.pdb,2vrnA00_6.pdb,0.273,226,184
8VPW_single_001_density_input.pdb,3cyfA00_23.pdb,0.314,226,185
8VPW_single_001_density_input.pdb,4k2hD00_31.pdb,0.328,226,186
8VPW_single_001_density_input.pdb,4k2hD00_31_reres.pdb,0.328,226,186
8VPW_single_001_density_input.pdb,3fseA01_25.pdb,0.296,226,190
8VPW_single_001_density_input.pdb,3fseA01_6.pdb,0.296,226,190
8VPW_single_001_density_input.pdb,3cyfA00_19.pdb,0.292,226,185
8VPW_single_001_density_input.pdb,3cyfA00_10.pdb,0.316,226,185
8VPW_single_001_density_input.pdb,3bhnA00_1.pdb,0.36,226,208
8VPW_single_001_density_input.pdb,4y1eA_7.pdb,0.324,226,171
8VPW_single_001_density_input.pdb,3cyfA00_1.pdb,0.314,226,185
8VPW_single_001_density_input.pdb,2vrnA00_3.pdb,0.309,226,184
8VPW_single_001_density_input.pdb,3bhnA00_16.pdb,0.366,226,208
8VPW_single_001_density_input.pdb,4xllA00_11.pdb,0.316,226,183
8VPW_single_001_density_input.pdb,2vrnA00_14.pdb,0.336,226,184
8VPW_single_001_density_input.pdb,3fseA01_22.pdb,0.373,226,190
8VPW_single_001_density_input.pdb,3bhnA00_25.pdb,0.318,226,208
8VPW_single_001_density_input.pdb,4xllA00_24.pdb,0.324,226,183
8VPW_single_001_density_input.pdb,3bhnA00_24.pdb,0.338,226,208
8VPW_single_001_density_input.pdb,4xllA00_9.pdb,0.314,226,183
8VPW_single_001_density_input.pdb,2vrnA00_11.pdb,0.298,226,184
8VPW_single_001_density_input.pdb,3bhnA00_14.pdb,0.34,226,208
8VPW_single_001_density_input.pdb,3bhnA00_17.pdb,0.294,226,208
8VPW_single_001_density_input.pdb,4xllA00_8.pdb,0.284,226,183
8VPW_single_001_density_input.pdb,3bhnA00_22.pdb,0.393,226,208
8VPW_single_001_density_input.pdb,3bhnA00_7.pdb,0.293,226,208
8VPW_single_001_density_input.pdb,3bhnA00_23.pdb,0.294,226,208
8VPW_single_001_density_input.pdb,3bhnA00_30.pdb,0.357,226,208
8VPW_single_001_density_input.pdb,3bhnA00_0.pdb,0.382,226,208
8VPW_single_001_density_input.pdb,3bhnA00_13.pdb,0.315,226,208
8VPW_single_001_density_input.pdb,3bhnA00_29.pdb,0.358,226,208
8VPW_single_001_density_input.pdb,2vrnA00_12.pdb,0.256,226,184
8VPW_single_001_density_input.pdb,3bhnA00_2.pdb,0.324,226,208
8VPW_single_001_density_input.pdb,3bhnA00_26.pdb,0.298,226,208
8VPW_single_001_density_input.pdb,3bhnA00_28.pdb,0.362,226,208
8VPW_single_001_density_input.pdb,3bhnA00_6.pdb,0.324,226,208
8VPW_single_001_density_input.pdb,3fseA01_28.pdb,0.298,226,190
8VPW_single_001_density_input.pdb,3bhnA00_20.pdb,0.333,226,208
8VPW_single_001_density_input.pdb,3bhnA00_27.pdb,0.272,226,208
8VPW_single_001_density_input.pdb,3bhnA00_21.pdb,0.379,226,208
8VPW_single_001_density_input.pdb,3bhnA00_19.pdb,0.379,226,208
8VPW_single_001_density_input.pdb,3bhnA00_5.pdb,0.266,226,208
2XLW_single_001_density_input.pdb,1cgnA00_27.pdb,0.439,124,124
2XLW_single_001_density_input.pdb,1cgnA00_15.pdb,0.435,124,124
2XLW_single_001_density_input.pdb,1cgnA00_11.pdb,0.435,124,124
2XLW_single_001_density_input.pdb,1cgnA00_12.pdb,0.414,124,124
2XLW_single_001_density_input.pdb,1cgnA00_26.pdb,0.435,124,124
2XLW_single_001_density_input.pdb,1cgnA00_18.pdb,0.406,124,124
2XLW_single_001_density_input.pdb,1cgnA00_8.pdb,0.432,124,124
2XLW_single_001_density_input.pdb,1cgnA00_16.pdb,0.422,124,124
2XLW_single_001_density_input.pdb,1cgnA00_29.pdb,0.408,124,124
2XLW_single_001_density_input.pdb,1cgnA00_13.pdb,0.422,124,124
2XLW_single_001_density_input.pdb,1cgnA00_5.pdb,0.414,124,124
2XLW_single_001_density_input.pdb,1cgnA00_23.pdb,0.414,124,124
2XLW_single_001_density_input.pdb,1cgnA00_4.pdb,0.39,124,124
2XLW_single_001_density_input.pdb,1cgnA00_3.pdb,0.406,124,124
2XLW_single_001_density_input.pdb,1cgnA00_0.pdb,0.395,124,124
2XLW_single_001_density_input.pdb,1cgnA00_10.pdb,0.365,124,124
2XLW_single_001_density_input.pdb,1cgnA00_2.pdb,0.38,124,124
2XLW_single_001_density_input.pdb,1cgnA00_24.pdb,0.431,124,124
2XLW_single_001_density_input.pdb,1cgnA00_21.pdb,0.406,124,124
2XLW_single_001_density_input.pdb,1cgnA00_9.pdb,0.39,124,124
2XLW_single_001_density_input.pdb,1cgnA00_25.pdb,0.401,124,124
2XLW_single_001_density_input.pdb,1cgnA00_1.pdb,0.39,124,124
2XLW_single_001_density_input.pdb,1cgnA00_14.pdb,0.398,124,124
2XLW_single_001_density_input.pdb,1cgnA00_31.pdb,0.406,124,124
2XLW_single_001_density_input.pdb,1cgnA00_17.pdb,0.401,124,124
2XLW_single_001_density_input.pdb,1cgnA00_30.pdb,0.384,124,124
2XLW_single_001_density_input.pdb,1cgnA00_6.pdb,0.373,124,124
2XLW_single_001_density_input.pdb,1cgnA00_20.pdb,0.387,124,124
2XLW_single_001_density_input.pdb,1cgnA00_28.pdb,0.349,124,124
2XLW_single_001_density_input.pdb,1cgnA00_7.pdb,0.387,124,124
2XLW_single_001_density_input.pdb,1cgnA00_22.pdb,0.362,124,124
2XLW_single_001_density_input.pdb,1cgnA00_19.pdb,0.366,124,124
2XLW_single_001_density_input.pdb,1a7vA00_0.pdb,0.33,124,125
2XLW_single_001_density_input.pdb,1bbhA00_27.pdb,0.273,124,131
2XLW_single_001_density_input.pdb,1a7vA00_15.pdb,0.322,124,125
2XLW_single_001_density_input.pdb,1bbhA00_22.pdb,0.269,124,131
2XLW_single_001_density_input.pdb,1cpqA00_9.pdb,0.29,124,129
2XLW_single_001_density_input.pdb,1a7vA00_16.pdb,0.273,124,125
2XLW_single_001_density_input.pdb,1a7vA00_12.pdb,0.283,124,125
2XLW_single_001_density_input.pdb,1a7vA00_9.pdb,0.264,124,125
2XLW_single_001_density_input.pdb,1bbhA00_0.pdb,0.288,124,131
2XLW_single_001_density_input.pdb,1a7vA00_10.pdb,0.266,124,125
2P97_single_001_density_input.pdb,2p97A00_27.pdb,0.614,197,197
2P97_single_001_density_input.pdb,2p97A00_26.pdb,0.637,197,197
2P97_single_001_density_input.pdb,2p97A00_7.pdb,0.596,197,197
2P97_single_001_density_input.pdb,2p97A00_10.pdb,0.612,197,197
2P97_single_001_density_input.pdb,2p97A00_11.pdb,0.607,197,197
2P97_single_001_density_input.pdb,2p97A00_9.pdb,0.604,197,197
2P97_single_001_density_input.pdb,2p97A00_21.pdb,0.596,197,197
2P97_single_001_density_input.pdb,2p97A00_5.pdb,0.619,197,197
2P97_single_001_density_input.pdb,2p97A00_17.pdb,0.586,197,197
2P97_single_001_density_input.pdb,2p97A00_25.pdb,0.602,197,197
2P97_single_001_density_input.pdb,2p97A00_1.pdb,0.588,197,197
2P97_single_001_density_input.pdb,2p97A00_19.pdb,0.596,197,197
2P97_single_001_density_input.pdb,2p97A00_8.pdb,0.583,197,197
2P97_single_001_density_input.pdb,2p97A00_23.pdb,0.614,197,197
2P97_single_001_density_input.pdb,2p97A00_15.pdb,0.583,197,197
2P97_single_001_density_input.pdb,2p97A00_30.pdb,0.593,197,197
2P97_single_001_density_input.pdb,2p97A00_6.pdb,0.604,197,197
2P97_single_001_density_input.pdb,2p97A00_14.pdb,0.596,197,197
2P97_single_001_density_input.pdb,2p97A00_22.pdb,0.607,197,197
2P97_single_001_density_input.pdb,2p97A00_28.pdb,0.586,197,197
2P97_single_001_density_input.pdb,2p97A00_3.pdb,0.598,197,197
2P97_single_001_density_input.pdb,2p97A00_4.pdb,0.586,197,197
2P97_single_001_density_input.pdb,2p97A00_13.pdb,0.587,197,197
2P97_single_001_density_input.pdb,2p97A00_18.pdb,0.566,197,197
2P97_single_001_density_input.pdb,2p97A00_20.pdb,0.571,197,197
2P97_single_001_density_input.pdb,2p97A00_12.pdb,0.578,197,197
2P97_single_001_density_input.pdb,2p97A00_16.pdb,0.586,197,197
2P97_single_001_density_input.pdb,2p97A00_24.pdb,0.567,197,197
2P97_single_001_density_input.pdb,2p97A00_2.pdb,0.561,197,197
2P97_single_001_density_input.pdb,2p97A00_29.pdb,0.561,197,197
2P97_single_001_density_input.pdb,2p97A00_0.pdb,0.545,197,197
2P97_single_001_density_input.pdb,2p97A00_31.pdb,0.551,197,197
6YVM_single_001_density_input.pdb,1dqwA00_27.pdb,0.406,254,267
6YVM_single_001_density_input.pdb,1dqwA00_29.pdb,0.397,254,267
6YVM_single_001_density_input.pdb,1dqwA00_11.pdb,0.402,254,267
6YVM_single_001_density_input.pdb,1dqwA00_26.pdb,0.409,254,267
6YVM_single_001_density_input.pdb,1dqwA00_24.pdb,0.386,254,267
6YVM_single_001_density_input.pdb,1dqwA00_22.pdb,0.409,254,267
6YVM_single_001_density_input.pdb,1dqwA00_28.pdb,0.393,254,267
6YVM_single_001_density_input.pdb,1dqwA00_19.pdb,0.393,254,267
6YVM_single_001_density_input.pdb,1dqwA00_2.pdb,0.4,254,267
6YVM_single_001_density_input.pdb,1dqwA00_9.pdb,0.398,254,267
6YVM_single_001_density_input.pdb,1dqwA00_17.pdb,0.379,254,267
6YVM_single_001_density_input.pdb,1dqwA00_15.pdb,0.379,254,267
6YVM_single_001_density_input.pdb,1dqwA00_23.pdb,0.386,254,267
6YVM_single_001_density_input.pdb,1dqwA00_21.pdb,0.377,254,267
6YVM_single_001_density_input.pdb,1dqwA00_4.pdb,0.386,254,267
6YVM_single_001_density_input.pdb,1dqwA00_16.pdb,0.375,254,267
6YVM_single_001_density_input.pdb,1dqwA00_20.pdb,0.386,254,267
6YVM_single_001_density_input.pdb,1dqwA00_7.pdb,0.373,254,267
6YVM_single_001_density_input.pdb,1dqwA00_6.pdb,0.375,254,267
6YVM_single_001_density_input.pdb,1dqwA00_13.pdb,0.377,254,267
6YVM_single_001_density_input.pdb,1dqwA00_31.pdb,0.385,254,267
6YVM_single_001_density_input.pdb,1dqwA00_12.pdb,0.393,254,267
6YVM_single_001_density_input.pdb,1dqwA00_1.pdb,0.383,254,267
6YVM_single_001_density_input.pdb,1dqwA00_10.pdb,0.373,254,267
6YVM_single_001_density_input.pdb,1dqwA00_5.pdb,0.373,254,267
6YVM_single_001_density_input.pdb,1dqwA00_25.pdb,0.372,254,267
6YVM_single_001_density_input.pdb,1dqwA00_18.pdb,0.371,254,267
6YVM_single_001_density_input.pdb,1dqwA00_8.pdb,0.385,254,267
6YVM_single_001_density_input.pdb,1dqwA00_3.pdb,0.377,254,267
6YVM_single_001_density_input.pdb,1dqwA00_30.pdb,0.372,254,267
6YVM_single_001_density_input.pdb,1dqwA00_14.pdb,0.377,254,267
6YVM_single_001_density_input.pdb,1dqwA00_0.pdb,0.37,254,267
3I7M_single_001_density_input.pdb,3i7mA00_17.pdb,0.5,130,130
3I7M_single_001_density_input.pdb,3i7mA00_12.pdb,0.5,130,130
3I7M_single_001_density_input.pdb,3i7mA00_0.pdb,0.48,130,130
3I7M_single_001_density_input.pdb,3i7mA00_6.pdb,0.461,130,130
3I7M_single_001_density_input.pdb,3i7mA00_10.pdb,0.48,130,130
3I7M_single_001_density_input.pdb,3i7mA00_14.pdb,0.465,130,130
3I7M_single_001_density_input.pdb,3i7mA00_26.pdb,0.476,130,130
3I7M_single_001_density_input.pdb,3i7mA00_28.pdb,0.461,130,130
3I7M_single_001_density_input.pdb,3i7mA00_1.pdb,0.465,130,130
3I7M_single_001_density_input.pdb,3i7mA00_8.pdb,0.438,130,130
3I7M_single_001_density_input.pdb,3i7mA00_21.pdb,0.468,130,130
3I7M_single_001_density_input.pdb,3i7mA00_19.pdb,0.457,130,130
3I7M_single_001_density_input.pdb,3i7mA00_23.pdb,0.465,130,130
3I7M_single_001_density_input.pdb,3i7mA00_16.pdb,0.457,130,130
3I7M_single_001_density_input.pdb,3i7mA00_2.pdb,0.449,130,130
3I7M_single_001_density_input.pdb,3i7mA00_25.pdb,0.464,130,130
3I7M_single_001_density_input.pdb,3i7mA00_18.pdb,0.472,130,130
3I7M_single_001_density_input.pdb,3i7mA00_27.pdb,0.441,130,130
3I7M_single_001_density_input.pdb,3i7mA00_5.pdb,0.476,130,130
3I7M_single_001_density_input.pdb,3i7mA00_3.pdb,0.449,130,130
3I7M_single_001_density_input.pdb,3i7mA00_11.pdb,0.448,130,130
3I7M_single_001_density_input.pdb,3i7mA00_30.pdb,0.444,130,130
3I7M_single_001_density_input.pdb,3i7mA00_29.pdb,0.423,130,130
3I7M_single_001_density_input.pdb,3i7mA00_13.pdb,0.441,130,130
3I7M_single_001_density_input.pdb,3i7mA00_9.pdb,0.452,130,130
3I7M_single_001_density_input.pdb,3i7mA00_20.pdb,0.456,130,130
3I7M_single_001_density_input.pdb,3i7mA00_7.pdb,0.423,130,130
3I7M_single_001_density_input.pdb,3i7mA00_24.pdb,0.415,130,130
3I7M_single_001_density_input.pdb,3i7mA00_4.pdb,0.429,130,130
3I7M_single_001_density_input.pdb,3i7mA00_15.pdb,0.398,130,130
3I7M_single_001_density_input.pdb,3i7mA00_22.pdb,0.41,130,130
3I7M_single_001_density_input.pdb,3i7mA00_31.pdb,0.425,130,130
3I7M_single_001_density_input.pdb,3oooA00_5.pdb,0.347,130,127
3I7M_single_001_density_input.pdb,3oooA00_11.pdb,0.308,130,127
3I7M_single_001_density_input.pdb,3oooA00_31.pdb,0.338,130,127
3I7M_single_001_density_input.pdb,3oooA00_19.pdb,0.425,130,127
3I7M_single_001_density_input.pdb,3oooA00_26.pdb,0.305,130,127
3I7M_single_001_density_input.pdb,3oooA00_3.pdb,0.322,130,127
3I7M_single_001_density_input.pdb,3oooA00_1.pdb,0.314,130,127
3I7M_single_001_density_input.pdb,3oooA00_15.pdb,0.314,130,127
3I7M_single_001_density_input.pdb,3oooA00_16.pdb,0.33,130,127
3I7M_single_001_density_input.pdb,3oooA00_30.pdb,0.412,130,127
3I7M_single_001_density_input.pdb,3oooA00_7.pdb,0.33,130,127
3I7M_single_001_density_input.pdb,3oooA00_27.pdb,0.314,130,127
3I7M_single_001_density_input.pdb,3oooA00_0.pdb,0.341,130,127
3I7M_single_001_density_input.pdb,3oooA00_12.pdb,0.314,130,127
3I7M_single_001_density_input.pdb,3oooA00_23.pdb,0.344,130,127
3I7M_single_001_density_input.pdb,3oooA00_22.pdb,0.366,130,127
3I7M_single_001_density_input.pdb,3oooA00_6.pdb,0.322,130,127
3I7M_single_001_density_input.pdb,3oooA00_10.pdb,0.314,130,127
3I7M_single_001_density_input.pdb,3oooA00_14.pdb,0.297,130,127
3I7M_single_001_density_input.pdb,3oooA00_20.pdb,0.305,130,127
3I7M_single_001_density_input.pdb,3oooA00_25.pdb,0.318,130,127
3I7M_single_001_density_input.pdb,3oooA00_9.pdb,0.305,130,127
3I7M_single_001_density_input.pdb,3oooA00_4.pdb,0.286,130,127
3I7M_single_001_density_input.pdb,3oooA00_21.pdb,0.305,130,127
3I7M_single_001_density_input.pdb,3oooA00_29.pdb,0.346,130,127
3I7M_single_001_density_input.pdb,3oooA00_24.pdb,0.31,130,127
3I7M_single_001_density_input.pdb,3oooA00_8.pdb,0.289,130,127
3I7M_single_001_density_input.pdb,3oooA00_13.pdb,0.387,130,127
3I7M_single_001_density_input.pdb,3oooA00_17.pdb,0.314,130,127
3I7M_single_001_density_input.pdb,3oooA00_2.pdb,0.362,130,127
3I7M_single_001_density_input.pdb,3oooA00_28.pdb,0.292,130,127
3I7M_single_001_density_input.pdb,4r60A01_25.pdb,0.306,130,162
3I7M_single_001_density_input.pdb,4r60A01_9.pdb,0.282,130,162
3I7M_single_001_density_input.pdb,3oooA00_18.pdb,0.3,130,127
3I7M_single_001_density_input.pdb,4r60A01_26.pdb,0.272,130,162
7Z0E_single_001_density_input.pdb,1h2sA00_21.pdb,0.333,229,225
7Z0E_single_001_density_input.pdb,1h2sA00_30.pdb,0.319,229,225
7Z0E_single_001_density_input.pdb,1h2sA00_7.pdb,0.308,229,225
7Z0E_single_001_density_input.pdb,1h2sA00_29.pdb,0.323,229,225
7Z0E_single_001_density_input.pdb,1h2sA00_31.pdb,0.33,229,225
7Z0E_single_001_density_input.pdb,1h2sA00_9.pdb,0.322,229,225
7Z0E_single_001_density_input.pdb,1h2sA00_0.pdb,0.312,229,225
7Z0E_single_001_density_input.pdb,1h2sA00_19.pdb,0.316,229,225
7Z0E_single_001_density_input.pdb,1h2sA00_18.pdb,0.298,229,225
7Z0E_single_001_density_input.pdb,1h2sA00_2.pdb,0.29,229,225
7Z0E_single_001_density_input.pdb,1at9A00_8.pdb,0.29,229,230
7Z0E_single_001_density_input.pdb,1at9A00_24.pdb,0.306,229,230
7Z0E_single_001_density_input.pdb,1at9A00_1.pdb,0.283,229,230
7Z0E_single_001_density_input.pdb,1at9A00_29.pdb,0.278,229,230
7Z0E_single_001_density_input.pdb,1h2sA00_1.pdb,0.328,229,225
7Z0E_single_001_density_input.pdb,1at9A00_13.pdb,0.288,229,230
7Z0E_single_001_density_input.pdb,1h2sA00_13.pdb,0.3,229,225
7Z0E_single_001_density_input.pdb,1at9A00_21.pdb,0.274,229,230
7Z0E_single_001_density_input.pdb,1h2sA00_5.pdb,0.316,229,225
7Z0E_single_001_density_input.pdb,1h2sA00_16.pdb,0.314,229,225
7Z0E_single_001_density_input.pdb,1h2sA00_11.pdb,0.295,229,225
7Z0E_single_001_density_input.pdb,1at9A00_25.pdb,0.305,229,230
7Z0E_single_001_density_input.pdb,1at9A00_28.pdb,0.272,229,230
7Z0E_single_001_density_input.pdb,1at9A00_4.pdb,0.278,229,230
7Z0E_single_001_density_input.pdb,1xioA00_26.pdb,0.301,229,217
7Z0E_single_001_density_input.pdb,1at9A00_15.pdb,0.295,229,230
7Z0E_single_001_density_input.pdb,1at9A00_14.pdb,0.27,229,230
7Z0E_single_001_density_input.pdb,1at9A00_23.pdb,0.27,229,230
7Z0E_single_001_density_input.pdb,1e12A00_18.pdb,0.296,229,239
7Z0E_single_001_density_input.pdb,1at9A00_11.pdb,0.265,229,230
7Z0E_single_001_density_input.pdb,1e12A00_1.pdb,0.317,229,239
7Z0E_single_001_density_input.pdb,3ddlB00_26_reres.pdb,0.254,229,250
7Z0E_single_001_density_input.pdb,3ddlB00_26.pdb,0.254,229,250
7Z0E_single_001_density_input.pdb,1e12A00_20.pdb,0.31,229,239
7Z0E_single_001_density_input.pdb,1xioA00_0.pdb,0.234,229,217
7Z0E_single_001_density_input.pdb,1e12A00_13.pdb,0.284,229,239
7Z0E_single_001_density_input.pdb,1e12A00_25.pdb,0.272,229,239
7Z0E_single_001_density_input.pdb,1xioA00_28.pdb,0.26,229,217
7Z0E_single_001_density_input.pdb,3ddlB00_17.pdb,0.271,229,250
7Z0E_single_001_density_input.pdb,3ddlB00_17_reres.pdb,0.271,229,250
7Z0E_single_001_density_input.pdb,1e12A00_2.pdb,0.246,229,239
7Z0E_single_001_density_input.pdb,1xioA00_9.pdb,0.241,229,217
3HYN_single_001_density_input.pdb,3hynA00_24.pdb,0.513,180,180
3HYN_single_001_density_input.pdb,3hynA00_18.pdb,0.519,180,180
3HYN_single_001_density_input.pdb,3hynA00_9.pdb,0.508,180,180
3HYN_single_001_density_input.pdb,3hynA00_26.pdb,0.513,180,180
3HYN_single_001_density_input.pdb,3hynA00_30.pdb,0.502,180,180
3HYN_single_001_density_input.pdb,3hynA00_5.pdb,0.502,180,180
3HYN_single_001_density_input.pdb,3hynA00_31.pdb,0.486,180,180
3HYN_single_001_density_input.pdb,3hynA00_27.pdb,0.497,180,180
3HYN_single_001_density_input.pdb,3hynA00_3.pdb,0.483,180,180
3HYN_single_001_density_input.pdb,3hynA00_28.pdb,0.483,180,180
3HYN_single_001_density_input.pdb,3hynA00_25.pdb,0.491,180,180
3HYN_single_001_density_input.pdb,3hynA00_4.pdb,0.469,180,180
3HYN_single_001_density_input.pdb,3hynA00_7.pdb,0.474,180,180
3HYN_single_001_density_input.pdb,3hynA00_0.pdb,0.474,180,180
3HYN_single_001_density_input.pdb,3hynA00_13.pdb,0.469,180,180
3HYN_single_001_density_input.pdb,3hynA00_17.pdb,0.48,180,180
3HYN_single_001_density_input.pdb,3hynA00_19.pdb,0.463,180,180
3HYN_single_001_density_input.pdb,3hynA00_23.pdb,0.458,180,180
3HYN_single_001_density_input.pdb,3hynA00_16.pdb,0.469,180,180
3HYN_single_001_density_input.pdb,3hynA00_6.pdb,0.468,180,180
3HYN_single_001_density_input.pdb,3hynA00_12.pdb,0.488,180,180
3HYN_single_001_density_input.pdb,3hynA00_15.pdb,0.468,180,180
3HYN_single_001_density_input.pdb,3hynA00_2.pdb,0.463,180,180
3HYN_single_001_density_input.pdb,3hynA00_22.pdb,0.451,180,180
3HYN_single_001_density_input.pdb,3hynA00_14.pdb,0.477,180,180
3HYN_single_001_density_input.pdb,3hynA00_1.pdb,0.468,180,180
3HYN_single_001_density_input.pdb,3hynA00_29.pdb,0.46,180,180
3HYN_single_001_density_input.pdb,3hynA00_20.pdb,0.455,180,180
3HYN_single_001_density_input.pdb,3hynA00_10.pdb,0.457,180,180
3HYN_single_001_density_input.pdb,3hynA00_21.pdb,0.455,180,180
3HYN_single_001_density_input.pdb,3hynA00_11.pdb,0.435,180,180
3HYN_single_001_density_input.pdb,3hynA00_8.pdb,0.43,180,180
4OLE_single_001_density_input.pdb,4oleA00_22.pdb,0.592,114,117
4OLE_single_001_density_input.pdb,4oleA00_16.pdb,0.575,114,117
4OLE_single_001_density_input.pdb,4oleA00_24.pdb,0.548,114,117
4OLE_single_001_density_input.pdb,4oleA00_19.pdb,0.575,114,117
4OLE_single_001_density_input.pdb,4oleA00_13.pdb,0.567,114,117
4OLE_single_001_density_input.pdb,4oleA00_12.pdb,0.547,114,117
4OLE_single_001_density_input.pdb,4oleA00_29.pdb,0.548,114,117
4OLE_single_001_density_input.pdb,4oleA00_18.pdb,0.548,114,117
4OLE_single_001_density_input.pdb,4oleA00_14.pdb,0.539,114,117
4OLE_single_001_density_input.pdb,4oleA00_11.pdb,0.539,114,117
4OLE_single_001_density_input.pdb,4oleA00_21.pdb,0.566,114,117
4OLE_single_001_density_input.pdb,4oleA00_9.pdb,0.539,114,117
4OLE_single_001_density_input.pdb,4oleA00_27.pdb,0.575,114,117
4OLE_single_001_density_input.pdb,4oleA00_5.pdb,0.557,114,117
4OLE_single_001_density_input.pdb,4oleA00_23.pdb,0.549,114,117
4OLE_single_001_density_input.pdb,4oleA00_30.pdb,0.566,114,117
4OLE_single_001_density_input.pdb,4oleA00_8.pdb,0.55,114,117
4OLE_single_001_density_input.pdb,4oleA00_1.pdb,0.522,114,117
4OLE_single_001_density_input.pdb,4oleA00_31.pdb,0.53,114,117
4OLE_single_001_density_input.pdb,4oleA00_4.pdb,0.522,114,117
4OLE_single_001_density_input.pdb,4oleA00_0.pdb,0.532,114,117
4OLE_single_001_density_input.pdb,4oleA00_7.pdb,0.513,114,117
4OLE_single_001_density_input.pdb,4oleA00_15.pdb,0.531,114,117
4OLE_single_001_density_input.pdb,4oleA00_6.pdb,0.522,114,117
4OLE_single_001_density_input.pdb,4oleA00_20.pdb,0.513,114,117
4OLE_single_001_density_input.pdb,4oleA00_26.pdb,0.546,114,117
4OLE_single_001_density_input.pdb,4oleA00_10.pdb,0.522,114,117
4OLE_single_001_density_input.pdb,4oleA00_17.pdb,0.522,114,117
4OLE_single_001_density_input.pdb,4oleA00_2.pdb,0.531,114,117
4OLE_single_001_density_input.pdb,4oleA00_25.pdb,0.513,114,117
4OLE_single_001_density_input.pdb,4oleA00_28.pdb,0.513,114,117
4OLE_single_001_density_input.pdb,4oleA00_3.pdb,0.548,114,117
2YL0_single_001_density_input.pdb,1cgnA00_27.pdb,0.439,126,124
2YL0_single_001_density_input.pdb,1cgnA00_15.pdb,0.435,126,124
2YL0_single_001_density_input.pdb,1cgnA00_11.pdb,0.427,126,124
2YL0_single_001_density_input.pdb,1cgnA00_26.pdb,0.427,126,124
2YL0_single_001_density_input.pdb,1cgnA00_12.pdb,0.418,126,124
2YL0_single_001_density_input.pdb,1cgnA00_18.pdb,0.398,126,124
2YL0_single_001_density_input.pdb,1cgnA00_8.pdb,0.423,126,124
2YL0_single_001_density_input.pdb,1cgnA00_16.pdb,0.435,126,124
2YL0_single_001_density_input.pdb,1cgnA00_29.pdb,0.4,126,124
2YL0_single_001_density_input.pdb,1cgnA00_13.pdb,0.414,126,124
2YL0_single_001_density_input.pdb,1cgnA00_5.pdb,0.427,126,124
2YL0_single_001_density_input.pdb,1cgnA00_4.pdb,0.401,126,124
2YL0_single_001_density_input.pdb,1cgnA00_10.pdb,0.365,126,124
2YL0_single_001_density_input.pdb,1cgnA00_2.pdb,0.391,126,124
2YL0_single_001_density_input.pdb,1cgnA00_23.pdb,0.418,126,124
2YL0_single_001_density_input.pdb,1cgnA00_24.pdb,0.406,126,124
2YL0_single_001_density_input.pdb,1cgnA00_21.pdb,0.406,126,124
2YL0_single_001_density_input.pdb,1cgnA00_3.pdb,0.41,126,124
2YL0_single_001_density_input.pdb,1cgnA00_25.pdb,0.385,126,124
2YL0_single_001_density_input.pdb,1cgnA00_0.pdb,0.398,126,124
2YL0_single_001_density_input.pdb,1cgnA00_1.pdb,0.39,126,124
2YL0_single_001_density_input.pdb,1cgnA00_9.pdb,0.393,126,124
2YL0_single_001_density_input.pdb,1cgnA00_17.pdb,0.401,126,124
2YL0_single_001_density_input.pdb,1cgnA00_14.pdb,0.401,126,124
2YL0_single_001_density_input.pdb,1cgnA00_30.pdb,0.368,126,124
2YL0_single_001_density_input.pdb,1cgnA00_6.pdb,0.384,126,124
2YL0_single_001_density_input.pdb,1cgnA00_31.pdb,0.41,126,124
2YL0_single_001_density_input.pdb,1cgnA00_20.pdb,0.387,126,124
2YL0_single_001_density_input.pdb,1cgnA00_28.pdb,0.358,126,124
2YL0_single_001_density_input.pdb,1cgnA00_7.pdb,0.378,126,124
2YL0_single_001_density_input.pdb,1cgnA00_19.pdb,0.366,126,124
2YL0_single_001_density_input.pdb,1cgnA00_22.pdb,0.353,126,124
2YL0_single_001_density_input.pdb,1a7vA00_0.pdb,0.322,126,125
2YL0_single_001_density_input.pdb,1bbhA00_27.pdb,0.279,126,131
2YL0_single_001_density_input.pdb,1bbhA00_22.pdb,0.274,126,131
2YL0_single_001_density_input.pdb,1a7vA00_15.pdb,0.315,126,125
2YL0_single_001_density_input.pdb,1cpqA00_9.pdb,0.298,126,129
2YL0_single_001_density_input.pdb,1cpqA00_12.pdb,0.305,126,129
2YL0_single_001_density_input.pdb,1a7vA00_18.pdb,0.286,126,125
2YL0_single_001_density_input.pdb,1bbhA00_0.pdb,0.288,126,131
6NI6_single_001_density_input.pdb,3ewnA00_3.pdb,0.421,227,228
6NI6_single_001_density_input.pdb,3ewnA00_7.pdb,0.439,227,228
6NI6_single_001_density_input.pdb,3ewnA00_25.pdb,0.451,227,228
6NI6_single_001_density_input.pdb,3ewnA00_0.pdb,0.437,227,228
6NI6_single_001_density_input.pdb,3ewnA00_24.pdb,0.421,227,228
6NI6_single_001_density_input.pdb,3ewnA00_22.pdb,0.443,227,228
6NI6_single_001_density_input.pdb,3ewnA00_15.pdb,0.465,227,228
6NI6_single_001_density_input.pdb,3ewnA00_19.pdb,0.433,227,228
6NI6_single_001_density_input.pdb,3ewnA00_5.pdb,0.449,227,228
6NI6_single_001_density_input.pdb,3ewnA00_17.pdb,0.43,227,228
6NI6_single_001_density_input.pdb,3ewnA00_18.pdb,0.449,227,228
6NI6_single_001_density_input.pdb,3ewnA00_31.pdb,0.406,227,228
6NI6_single_001_density_input.pdb,3mgkB_28.pdb,0.35,227,201
6NI6_single_001_density_input.pdb,3mgkB_28_reres.pdb,0.35,227,201
6NI6_single_001_density_input.pdb,3mgkB_29.pdb,0.355,227,201
6NI6_single_001_density_input.pdb,3mgkB_29_reres.pdb,0.355,227,201
6NI6_single_001_density_input.pdb,3ewnA00_4.pdb,0.443,227,228
6NI6_single_001_density_input.pdb,3ewnA00_30.pdb,0.417,227,228
6NI6_single_001_density_input.pdb,3ewnA00_6.pdb,0.427,227,228
6NI6_single_001_density_input.pdb,3ewnA00_8.pdb,0.412,227,228
6NI6_single_001_density_input.pdb,3ewnA00_13.pdb,0.424,227,228
6NI6_single_001_density_input.pdb,3ewnA00_21.pdb,0.413,227,228
6NI6_single_001_density_input.pdb,3ewnA00_28.pdb,0.415,227,228
6NI6_single_001_density_input.pdb,3mgkB_13.pdb,0.338,227,201
6NI6_single_001_density_input.pdb,3mgkB_13_reres.pdb,0.338,227,201
6NI6_single_001_density_input.pdb,3ewnA00_10.pdb,0.406,227,228
6NI6_single_001_density_input.pdb,3mgkB_7.pdb,0.35,227,201
6NI6_single_001_density_input.pdb,3mgkB_7_reres.pdb,0.35,227,201
6NI6_single_001_density_input.pdb,3ewnA00_1.pdb,0.424,227,228
6NI6_single_001_density_input.pdb,3ewnA00_26.pdb,0.421,227,228
6NI6_single_001_density_input.pdb,3ewnA00_27.pdb,0.414,227,228
6NI6_single_001_density_input.pdb,3ewnA00_16.pdb,0.424,227,228
6NI6_single_001_density_input.pdb,3ewnA00_9.pdb,0.401,227,228
6NI6_single_001_density_input.pdb,3mgkB_17.pdb,0.344,227,201
6NI6_single_001_density_input.pdb,3mgkB_17_reres.pdb,0.344,227,201
6NI6_single_001_density_input.pdb,3ewnA00_11.pdb,0.415,227,228
6NI6_single_001_density_input.pdb,3ewnA00_20.pdb,0.442,227,228
6NI6_single_001_density_input.pdb,3mgkB_15.pdb,0.344,227,201
6NI6_single_001_density_input.pdb,3mgkB_15_reres.pdb,0.344,227,201
6NI6_single_001_density_input.pdb,3mgkB_6.pdb,0.338,227,201
6NI6_single_001_density_input.pdb,3mgkB_6_reres.pdb,0.338,227,201
6NI6_single_001_density_input.pdb,3ewnA00_23.pdb,0.403,227,228
6NI6_single_001_density_input.pdb,3mgkB_18.pdb,0.35,227,201
6NI6_single_001_density_input.pdb,3mgkB_18_reres.pdb,0.35,227,201
6NI6_single_001_density_input.pdb,3mgkB_14.pdb,0.344,227,201
6NI6_single_001_density_input.pdb,3mgkB_14_reres.pdb,0.344,227,201
6NI6_single_001_density_input.pdb,3mgkB_20.pdb,0.333,227,201
6NI6_single_001_density_input.pdb,3mgkB_20_reres.pdb,0.333,227,201
6NI6_single_001_density_input.pdb,3mgkB_2_reres.pdb,0.333,227,201
6NI6_single_001_density_input.pdb,3mgkB_2.pdb,0.333,227,201
6NI6_single_001_density_input.pdb,3mgkB_9.pdb,0.338,227,201
6NI6_single_001_density_input.pdb,3mgkB_9_reres.pdb,0.338,227,201
6NI6_single_001_density_input.pdb,3mgkB_30.pdb,0.322,227,201
6NI6_single_001_density_input.pdb,3mgkB_30_reres.pdb,0.322,227,201
6NI6_single_001_density_input.pdb,3ewnA00_29.pdb,0.389,227,228
6NI6_single_001_density_input.pdb,3mgkB_25.pdb,0.327,227,201
6NI6_single_001_density_input.pdb,3mgkB_25_reres.pdb,0.327,227,201
6NI6_single_001_density_input.pdb,3mgkB_26_reres.pdb,0.322,227,201
6NI6_single_001_density_input.pdb,3mgkB_26.pdb,0.322,227,201
6NI6_single_001_density_input.pdb,3ewnA00_12.pdb,0.415,227,228
6NI6_single_001_density_input.pdb,3mgkB_4.pdb,0.338,227,201
6NI6_single_001_density_input.pdb,3mgkB_4_reres.pdb,0.338,227,201
6NI6_single_001_density_input.pdb,3mgkB_5.pdb,0.333,227,201
6NI6_single_001_density_input.pdb,3mgkB_5_reres.pdb,0.333,227,201
6NI6_single_001_density_input.pdb,3mgkB_22.pdb,0.327,227,201
6NI6_single_001_density_input.pdb,3mgkB_22_reres.pdb,0.327,227,201
6NI6_single_001_density_input.pdb,3mgkB_0.pdb,0.355,227,201
6NI6_single_001_density_input.pdb,3mgkB_0_reres.pdb,0.355,227,201
6NI6_single_001_density_input.pdb,3ewnA00_2.pdb,0.373,227,228
6NI6_single_001_density_input.pdb,3mgkB_31.pdb,0.338,227,201
6NI6_single_001_density_input.pdb,3mgkB_31_reres.pdb,0.338,227,201
6NI6_single_001_density_input.pdb,3mgkB_21.pdb,0.322,227,201
6NI6_single_001_density_input.pdb,3mgkB_21_reres.pdb,0.322,227,201
6NI6_single_001_density_input.pdb,3ewnA00_14.pdb,0.425,227,228
6NI6_single_001_density_input.pdb,3mgkB_1_reres.pdb,0.316,227,201
6NI6_single_001_density_input.pdb,3mgkB_1.pdb,0.316,227,201
6NI6_single_001_density_input.pdb,3mgkB_24.pdb,0.316,227,201
6NI6_single_001_density_input.pdb,3mgkB_24_reres.pdb,0.316,227,201
6NI6_single_001_density_input.pdb,3mgkB_23.pdb,0.322,227,201
6NI6_single_001_density_input.pdb,3mgkB_23_reres.pdb,0.322,227,201
6NI6_single_001_density_input.pdb,3mgkB_12.pdb,0.316,227,201
6NI6_single_001_density_input.pdb,3mgkB_12_reres.pdb,0.316,227,201
6NI6_single_001_density_input.pdb,3mgkB_11_reres.pdb,0.333,227,201
6NI6_single_001_density_input.pdb,3mgkB_11.pdb,0.333,227,201
6NI6_single_001_density_input.pdb,3mgkB_27.pdb,0.316,227,201
6NI6_single_001_density_input.pdb,3mgkB_27_reres.pdb,0.316,227,201
6NI6_single_001_density_input.pdb,3mgkB_16.pdb,0.318,227,201
6NI6_single_001_density_input.pdb,3mgkB_16_reres.pdb,0.318,227,201
6NI6_single_001_density_input.pdb,3mgkB_8.pdb,0.311,227,201
6NI6_single_001_density_input.pdb,3mgkB_8_reres.pdb,0.311,227,201
6NI6_single_001_density_input.pdb,3mgkB_3.pdb,0.316,227,201
6NI6_single_001_density_input.pdb,3mgkB_3_reres.pdb,0.316,227,201
6NI6_single_001_density_input.pdb,3mgkB_10.pdb,0.301,227,201
6NI6_single_001_density_input.pdb,3mgkB_10_reres.pdb,0.301,227,201
6NI6_single_001_density_input.pdb,3mgkB_19.pdb,0.306,227,201
6NI6_single_001_density_input.pdb,3mgkB_19_reres.pdb,0.306,227,201
6NI6_single_001_density_input.pdb,4k2hD00_5.pdb,0.333,227,186
6NI6_single_001_density_input.pdb,4k2hD00_5_reres.pdb,0.333,227,186
6NI6_single_001_density_input.pdb,4k2hD00_21.pdb,0.343,227,186
6NI6_single_001_density_input.pdb,4k2hD00_21_reres.pdb,0.343,227,186
6NI6_single_001_density_input.pdb,4y1eA_15.pdb,0.4,227,171
6NI6_single_001_density_input.pdb,3cyfA00_28.pdb,0.325,227,185
6NI6_single_001_density_input.pdb,4k2hD00_15.pdb,0.375,227,186
6NI6_single_001_density_input.pdb,4k2hD00_15_reres.pdb,0.375,227,186
6NI6_single_001_density_input.pdb,3fseA01_31.pdb,0.335,227,190
6NI6_single_001_density_input.pdb,4y1eA_25.pdb,0.373,227,171
6NI6_single_001_density_input.pdb,3uk7A01_30.pdb,0.382,227,187
6NI6_single_001_density_input.pdb,3uk7A01_9.pdb,0.386,227,187
6NI6_single_001_density_input.pdb,3cyfA00_20.pdb,0.35,227,185
6NI6_single_001_density_input.pdb,4k2hD00_0.pdb,0.387,227,186
6NI6_single_001_density_input.pdb,4k2hD00_0_reres.pdb,0.387,227,186
6NI6_single_001_density_input.pdb,3cyfA00_15.pdb,0.298,227,185
6NI6_single_001_density_input.pdb,3cyfA00_31.pdb,0.368,227,185
6NI6_single_001_density_input.pdb,3uk7A01_28.pdb,0.366,227,187
6NI6_single_001_density_input.pdb,3uk7A01_5.pdb,0.423,227,187
6NI6_single_001_density_input.pdb,3fseA01_20.pdb,0.328,227,190
6NI6_single_001_density_input.pdb,4k2hD00_27.pdb,0.337,227,186
6NI6_single_001_density_input.pdb,4k2hD00_27_reres.pdb,0.337,227,186
6NI6_single_001_density_input.pdb,4k2hD00_29.pdb,0.406,227,186
6NI6_single_001_density_input.pdb,4k2hD00_29_reres.pdb,0.406,227,186
6NI6_single_001_density_input.pdb,3uk7A01_14.pdb,0.346,227,187
6NI6_single_001_density_input.pdb,3cyfA00_30.pdb,0.308,227,185
6NI6_single_001_density_input.pdb,4k2hD00_1_reres.pdb,0.378,227,186
6NI6_single_001_density_input.pdb,4k2hD00_1.pdb,0.378,227,186
6NI6_single_001_density_input.pdb,3uk7A01_16.pdb,0.348,227,187
6NI6_single_001_density_input.pdb,4hcjA00_16.pdb,0.366,227,169
6NI6_single_001_density_input.pdb,4hcjA00_11.pdb,0.341,227,169
6NI6_single_001_density_input.pdb,4y1eA_18.pdb,0.373,227,171
6NI6_single_001_density_input.pdb,4y1eA_17.pdb,0.324,227,171
6NI6_single_001_density_input.pdb,4y1eA_23.pdb,0.311,227,171
6NI6_single_001_density_input.pdb,4y1eA_30.pdb,0.357,227,171
6NI6_single_001_density_input.pdb,4k2hD00_23.pdb,0.382,227,186
6NI6_single_001_density_input.pdb,4k2hD00_23_reres.pdb,0.382,227,186
6NI6_single_001_density_input.pdb,3fseA01_17.pdb,0.322,227,190
6NI6_single_001_density_input.pdb,3fseA01_9.pdb,0.348,227,190
6NI6_single_001_density_input.pdb,4k2hD00_16.pdb,0.367,227,186
6NI6_single_001_density_input.pdb,4k2hD00_16_reres.pdb,0.367,227,186
6NI6_single_001_density_input.pdb,3uk7A01_21.pdb,0.384,227,187
6NI6_single_001_density_input.pdb,4hcjA00_13.pdb,0.384,227,169
6NI6_single_001_density_input.pdb,4y1eA_14.pdb,0.313,227,171
6NI6_single_001_density_input.pdb,3fseA01_14.pdb,0.328,227,190
6NI6_single_001_density_input.pdb,4y1eA_8.pdb,0.365,227,171
6NI6_single_001_density_input.pdb,3cyfA00_0.pdb,0.325,227,185
6NI6_single_001_density_input.pdb,4k2hD00_28.pdb,0.319,227,186
6NI6_single_001_density_input.pdb,4k2hD00_28_reres.pdb,0.319,227,186
6NI6_single_001_density_input.pdb,4k2hD00_30.pdb,0.299,227,186
6NI6_single_001_density_input.pdb,4k2hD00_30_reres.pdb,0.299,227,186
6NI6_single_001_density_input.pdb,4k2hD00_7.pdb,0.375,227,186
6NI6_single_001_density_input.pdb,4k2hD00_7_reres.pdb,0.375,227,186
6NI6_single_001_density_input.pdb,4k2hD00_8.pdb,0.329,227,186
6NI6_single_001_density_input.pdb,4k2hD00_8_reres.pdb,0.329,227,186
6NI6_single_001_density_input.pdb,3uk7A01_24.pdb,0.356,227,187
6NI6_single_001_density_input.pdb,3fseA01_2.pdb,0.357,227,190
6NI6_single_001_density_input.pdb,4y1eA_0.pdb,0.311,227,171
6NI6_single_001_density_input.pdb,4y1eA_10.pdb,0.349,227,171
6NI6_single_001_density_input.pdb,4k2hD00_13.pdb,0.333,227,186
6NI6_single_001_density_input.pdb,4k2hD00_13_reres.pdb,0.333,227,186
6NI6_single_001_density_input.pdb,4k2hD00_4.pdb,0.307,227,186
6NI6_single_001_density_input.pdb,4k2hD00_4_reres.pdb,0.307,227,186
6NI6_single_001_density_input.pdb,3uk7A01_1.pdb,0.368,227,187
6NI6_single_001_density_input.pdb,4y1eA_20.pdb,0.307,227,171
6NI6_single_001_density_input.pdb,3cyfA00_27.pdb,0.308,227,185
6NI6_single_001_density_input.pdb,4hcjA00_20.pdb,0.361,227,169
6NI6_single_001_density_input.pdb,4y1eA_12.pdb,0.311,227,171
6NI6_single_001_density_input.pdb,3cyfA00_26.pdb,0.342,227,185
6NI6_single_001_density_input.pdb,3uk7A01_2.pdb,0.396,227,187
6NI6_single_001_density_input.pdb,4y1eA_19.pdb,0.369,227,171
6NI6_single_001_density_input.pdb,4xllA00_16.pdb,0.337,227,183
6NI6_single_001_density_input.pdb,4k2hD00_20.pdb,0.377,227,186
6NI6_single_001_density_input.pdb,4k2hD00_20_reres.pdb,0.377,227,186
6NI6_single_001_density_input.pdb,3uk7A01_10.pdb,0.387,227,187
6NI6_single_001_density_input.pdb,4y1eA_2.pdb,0.333,227,171
6NI6_single_001_density_input.pdb,3cyfA00_5.pdb,0.34,227,185
6NI6_single_001_density_input.pdb,3fseA01_15.pdb,0.333,227,190
6NI6_single_001_density_input.pdb,4xllA00_10.pdb,0.309,227,183
6NI6_single_001_density_input.pdb,3cyfA00_18.pdb,0.308,227,185
6NI6_single_001_density_input.pdb,3fseA01_19.pdb,0.315,227,190
6NI6_single_001_density_input.pdb,4hcjA00_26.pdb,0.36,227,169
6NI6_single_001_density_input.pdb,4y1eA_24.pdb,0.305,227,171
6NI6_single_001_density_input.pdb,3cyfA00_3.pdb,0.342,227,185
6NI6_single_001_density_input.pdb,3cyfA00_11.pdb,0.342,227,185
6NI6_single_001_density_input.pdb,3fseA01_10.pdb,0.335,227,190
6NI6_single_001_density_input.pdb,4y1eA_4.pdb,0.35,227,171
6NI6_single_001_density_input.pdb,3cyfA00_13.pdb,0.308,227,185
6NI6_single_001_density_input.pdb,3fseA01_29.pdb,0.328,227,190
6NI6_single_001_density_input.pdb,4y1eA_3.pdb,0.359,227,171
6NI6_single_001_density_input.pdb,4k2hD00_10.pdb,0.333,227,186
6NI6_single_001_density_input.pdb,4k2hD00_10_reres.pdb,0.333,227,186
6NI6_single_001_density_input.pdb,3bhnA00_3.pdb,0.37,227,208
6NI6_single_001_density_input.pdb,4xllA00_23.pdb,0.337,227,183
6NI6_single_001_density_input.pdb,3uk7A01_18.pdb,0.352,227,187
6NI6_single_001_density_input.pdb,3fseA01_13.pdb,0.311,227,190
6NI6_single_001_density_input.pdb,3bhnA00_11.pdb,0.369,227,208
6NI6_single_001_density_input.pdb,4hcjA00_1.pdb,0.35,227,169
6NI6_single_001_density_input.pdb,4y1eA_26.pdb,0.325,227,171
6NI6_single_001_density_input.pdb,3fseA01_11.pdb,0.333,227,190
6NI6_single_001_density_input.pdb,4y1eA_11.pdb,0.333,227,171
6NI6_single_001_density_input.pdb,3uk7A01_0.pdb,0.349,227,187
6NI6_single_001_density_input.pdb,3fseA01_7.pdb,0.313,227,190
6NI6_single_001_density_input.pdb,4y1eA_27.pdb,0.305,227,171
6NI6_single_001_density_input.pdb,4xllA00_14.pdb,0.298,227,183
6NI6_single_001_density_input.pdb,3cyfA00_7.pdb,0.303,227,185
6NI6_single_001_density_input.pdb,3cyfA00_9.pdb,0.297,227,185
6NI6_single_001_density_input.pdb,3fseA01_18.pdb,0.315,227,190
6NI6_single_001_density_input.pdb,3fseA01_5.pdb,0.32,227,190
6NI6_single_001_density_input.pdb,4y1eA_6.pdb,0.325,227,171
6NI6_single_001_density_input.pdb,4xllA00_2.pdb,0.327,227,183
6NI6_single_001_density_input.pdb,3cyfA00_4.pdb,0.296,227,185
6NI6_single_001_density_input.pdb,3fseA01_1.pdb,0.317,227,190
6NI6_single_001_density_input.pdb,4y1eA_16.pdb,0.325,227,171
6NI6_single_001_density_input.pdb,3cyfA00_16.pdb,0.308,227,185
6NI6_single_001_density_input.pdb,3cyfA00_6.pdb,0.292,227,185
6NI6_single_001_density_input.pdb,3cyfA00_29.pdb,0.302,227,185
6NI6_single_001_density_input.pdb,4y1eA_31.pdb,0.344,227,171
6NI6_single_001_density_input.pdb,4y1eA_5.pdb,0.298,227,171
6NI6_single_001_density_input.pdb,3fseA01_23.pdb,0.305,227,190
6NI6_single_001_density_input.pdb,3fseA01_26.pdb,0.296,227,190
6NI6_single_001_density_input.pdb,4y1eA_9.pdb,0.317,227,171
6NI6_single_001_density_input.pdb,3uk7A01_6.pdb,0.357,227,187
6NI6_single_001_density_input.pdb,3fseA01_16.pdb,0.309,227,190
6NI6_single_001_density_input.pdb,4y1eA_29.pdb,0.345,227,171
6NI6_single_001_density_input.pdb,4y1eA_1.pdb,0.33,227,171
6NI6_single_001_density_input.pdb,3cyfA00_2.pdb,0.297,227,185
6NI6_single_001_density_input.pdb,4xllA00_5.pdb,0.341,227,183
6NI6_single_001_density_input.pdb,3fseA01_12.pdb,0.293,227,190
6NI6_single_001_density_input.pdb,4xllA00_26.pdb,0.341,227,183
6NI6_single_001_density_input.pdb,3uk7A01_25.pdb,0.341,227,187
6NI6_single_001_density_input.pdb,3fseA01_30.pdb,0.328,227,190
6NI6_single_001_density_input.pdb,3bhnA00_1.pdb,0.369,227,208
6NI6_single_001_density_input.pdb,4xllA00_13.pdb,0.275,227,183
6NI6_single_001_density_input.pdb,4y1eA_28.pdb,0.292,227,171
6NI6_single_001_density_input.pdb,4y1eA_22.pdb,0.324,227,171
6NI6_single_001_density_input.pdb,3cyfA00_14.pdb,0.321,227,185
6NI6_single_001_density_input.pdb,3bhnA00_16.pdb,0.375,227,208
6NI6_single_001_density_input.pdb,3fseA01_27.pdb,0.305,227,190
6NI6_single_001_density_input.pdb,3bhnA00_25.pdb,0.326,227,208
6NI6_single_001_density_input.pdb,3fseA01_21.pdb,0.282,227,190
6NI6_single_001_density_input.pdb,4y1eA_21.pdb,0.387,227,171
6NI6_single_001_density_input.pdb,3cyfA00_12.pdb,0.321,227,185
6NI6_single_001_density_input.pdb,4k2hD00_31.pdb,0.276,227,186
6NI6_single_001_density_input.pdb,4k2hD00_31_reres.pdb,0.276,227,186
6NI6_single_001_density_input.pdb,3bhnA00_24.pdb,0.345,227,208
6NI6_single_001_density_input.pdb,2vrnA00_21.pdb,0.294,227,184
6NI6_single_001_density_input.pdb,3cyfA00_23.pdb,0.314,227,185
6NI6_single_001_density_input.pdb,3bhnA00_14.pdb,0.348,227,208
6NI6_single_001_density_input.pdb,2vrnA00_6.pdb,0.273,227,184
6NI6_single_001_density_input.pdb,3cyfA00_10.pdb,0.316,227,185
6NI6_single_001_density_input.pdb,3fseA01_25.pdb,0.296,227,190
6NI6_single_001_density_input.pdb,3fseA01_6.pdb,0.296,227,190
6NI6_single_001_density_input.pdb,4y1eA_7.pdb,0.324,227,171
6NI6_single_001_density_input.pdb,4xllA00_17.pdb,0.292,227,183
6NI6_single_001_density_input.pdb,3cyfA00_19.pdb,0.292,227,185
6NI6_single_001_density_input.pdb,3bhnA00_17.pdb,0.3,227,208
6NI6_single_001_density_input.pdb,3bhnA00_22.pdb,0.404,227,208
6NI6_single_001_density_input.pdb,3bhnA00_7.pdb,0.3,227,208
6NI6_single_001_density_input.pdb,4xllA00_25.pdb,0.324,227,183
6NI6_single_001_density_input.pdb,2vrnA00_3.pdb,0.309,227,184
6NI6_single_001_density_input.pdb,4xllA00_11.pdb,0.316,227,183
6NI6_single_001_density_input.pdb,2vrnA00_14.pdb,0.336,227,184
6NI6_single_001_density_input.pdb,3fseA01_22.pdb,0.373,227,190
6NI6_single_001_density_input.pdb,3bhnA00_30.pdb,0.366,227,208
6NI6_single_001_density_input.pdb,3bhnA00_23.pdb,0.3,227,208
6NI6_single_001_density_input.pdb,3bhnA00_0.pdb,0.393,227,208
6NI6_single_001_density_input.pdb,3bhnA00_13.pdb,0.324,227,208
6NI6_single_001_density_input.pdb,2vrnA00_11.pdb,0.298,227,184
6NI6_single_001_density_input.pdb,3fseA01_0.pdb,0.282,227,190
6NI6_single_001_density_input.pdb,3bhnA00_29.pdb,0.367,227,208
6NI6_single_001_density_input.pdb,4xllA00_24.pdb,0.324,227,183
6NI6_single_001_density_input.pdb,4xllA00_9.pdb,0.314,227,183
6NI6_single_001_density_input.pdb,3bhnA00_2.pdb,0.333,227,208
6NI6_single_001_density_input.pdb,3bhnA00_26.pdb,0.305,227,208
6NI6_single_001_density_input.pdb,3bhnA00_28.pdb,0.371,227,208
6NI6_single_001_density_input.pdb,3bhnA00_6.pdb,0.333,227,208
6NI6_single_001_density_input.pdb,3bhnA00_20.pdb,0.325,227,208
6NI6_single_001_density_input.pdb,4xllA00_8.pdb,0.284,227,183
6NI6_single_001_density_input.pdb,3bhnA00_27.pdb,0.278,227,208
6NI6_single_001_density_input.pdb,3bhnA00_21.pdb,0.39,227,208
6NI6_single_001_density_input.pdb,3bhnA00_19.pdb,0.39,227,208
6NI6_single_001_density_input.pdb,3bhnA00_5.pdb,0.436,227,208
6NI6_single_001_density_input.pdb,3bhnA00_18.pdb,0.382,227,208
6NI6_single_001_density_input.pdb,3bhnA00_8.pdb,0.333,227,208
6NI6_single_001_density_input.pdb,2vrnA00_12.pdb,0.31,227,184
6NI6_single_001_density_input.pdb,3bhnA00_9.pdb,0.382,227,208
6NI6_single_001_density_input.pdb,3fseA01_28.pdb,0.298,227,190
6NI6_single_001_density_input.pdb,3bhnA00_4.pdb,0.464,227,208
7AVG_single_001_density_input.pdb,132lA00_13.pdb,0.592,129,124
7AVG_single_001_density_input.pdb,132lA00_9.pdb,0.592,129,124
7AVG_single_001_density_input.pdb,132lA00_30.pdb,0.584,129,124
7AVG_single_001_density_input.pdb,132lA00_21.pdb,0.584,129,124
7AVG_single_001_density_input.pdb,132lA00_5.pdb,0.584,129,124
7AVG_single_001_density_input.pdb,132lA00_19.pdb,0.576,129,124
7AVG_single_001_density_input.pdb,132lA00_12.pdb,0.576,129,124
7AVG_single_001_density_input.pdb,132lA00_22.pdb,0.576,129,124
7AVG_single_001_density_input.pdb,132lA00_1.pdb,0.568,129,124
7AVG_single_001_density_input.pdb,132lA00_24.pdb,0.56,129,124
7AVG_single_001_density_input.pdb,132lA00_28.pdb,0.56,129,124
7AVG_single_001_density_input.pdb,132lA00_7.pdb,0.568,129,124
7AVG_single_001_density_input.pdb,132lA00_2.pdb,0.56,129,124
7AVG_single_001_density_input.pdb,132lA00_16.pdb,0.568,129,124
7AVG_single_001_density_input.pdb,132lA00_18.pdb,0.56,129,124
7AVG_single_001_density_input.pdb,132lA00_17.pdb,0.576,129,124
7AVG_single_001_density_input.pdb,132lA00_15.pdb,0.568,129,124
7AVG_single_001_density_input.pdb,132lA00_6.pdb,0.56,129,124
7AVG_single_001_density_input.pdb,132lA00_8.pdb,0.544,129,124
7AVG_single_001_density_input.pdb,132lA00_4.pdb,0.568,129,124
7AVG_single_001_density_input.pdb,132lA00_20.pdb,0.544,129,124
7AVG_single_001_density_input.pdb,132lA00_26.pdb,0.56,129,124
7AVG_single_001_density_input.pdb,132lA00_10.pdb,0.568,129,124
7AVG_single_001_density_input.pdb,132lA00_0.pdb,0.56,129,124
7AVG_single_001_density_input.pdb,132lA00_29.pdb,0.56,129,124
7AVG_single_001_density_input.pdb,132lA00_14.pdb,0.544,129,124
7AVG_single_001_density_input.pdb,132lA00_31.pdb,0.552,129,124
7AVG_single_001_density_input.pdb,132lA00_25.pdb,0.528,129,124
7AVG_single_001_density_input.pdb,132lA00_27.pdb,0.528,129,124
7AVG_single_001_density_input.pdb,132lA00_23.pdb,0.555,129,124
7AVG_single_001_density_input.pdb,132lA00_11.pdb,0.536,129,124
7AVG_single_001_density_input.pdb,132lA00_3.pdb,0.52,129,124
7AVG_single_001_density_input.pdb,1hfxA00_15.pdb,0.385,129,123
7AVG_single_001_density_input.pdb,1hfxA00_21.pdb,0.379,129,123
7AVG_single_001_density_input.pdb,1hfxA00_28.pdb,0.417,129,123
7AVG_single_001_density_input.pdb,1hfxA00_26.pdb,0.36,129,123
7AVG_single_001_density_input.pdb,1hfxA00_4.pdb,0.405,129,123
7AVG_single_001_density_input.pdb,1hfxA00_16.pdb,0.369,129,123
7AVG_single_001_density_input.pdb,1hfxA00_8.pdb,0.36,129,123
7AVG_single_001_density_input.pdb,1hfxA00_0.pdb,0.396,129,123
7AVG_single_001_density_input.pdb,1hfxA00_11.pdb,0.378,129,123
7AVG_single_001_density_input.pdb,1hfxA00_2.pdb,0.369,129,123
7AVG_single_001_density_input.pdb,1hfxA00_22.pdb,0.378,129,123
7AVG_single_001_density_input.pdb,1hfxA00_12.pdb,0.336,129,123
7AVG_single_001_density_input.pdb,1hfxA00_14.pdb,0.344,129,123
7AVG_single_001_density_input.pdb,1hfxA00_31.pdb,0.378,129,123
7AVG_single_001_density_input.pdb,3zvqA00_28.pdb,0.514,129,70
7AVG_single_001_density_input.pdb,1iizA00_25.pdb,0.354,129,120
7AVG_single_001_density_input.pdb,1hfxA00_27.pdb,0.352,129,123
7AVG_single_001_density_input.pdb,1iizA00_28.pdb,0.373,129,120
7AVG_single_001_density_input.pdb,1hfxA00_25.pdb,0.372,129,123
7AVG_single_001_density_input.pdb,1iizA00_21.pdb,0.349,129,120
7AVG_single_001_density_input.pdb,1iizA00_22.pdb,0.356,129,120
7AVG_single_001_density_input.pdb,1iizA00_29.pdb,0.344,129,120
7AVG_single_001_density_input.pdb,1hfxA00_29.pdb,0.354,129,123
7AVG_single_001_density_input.pdb,1hfxA00_7.pdb,0.336,129,123
7AVG_single_001_density_input.pdb,1iizA00_26.pdb,0.41,129,120
7AVG_single_001_density_input.pdb,1hfxA00_6.pdb,0.375,129,123
7AVG_single_001_density_input.pdb,1hfxA00_9.pdb,0.352,129,123
7AVG_single_001_density_input.pdb,1hfxA00_10.pdb,0.327,129,123
7AVG_single_001_density_input.pdb,3zvqA00_7.pdb,0.515,129,70
7AVG_single_001_density_input.pdb,3zvqA00_14.pdb,0.515,129,70
7AVG_single_001_density_input.pdb,1hfxA00_18.pdb,0.36,129,123
7AVG_single_001_density_input.pdb,1iizA00_15.pdb,0.349,129,120
7AVG_single_001_density_input.pdb,1hfxA00_13.pdb,0.336,129,123
7AVG_single_001_density_input.pdb,1hfxA00_20.pdb,0.369,129,123
7AVG_single_001_density_input.pdb,3zvqA00_5.pdb,0.471,129,70
7AVG_single_001_density_input.pdb,1iizA00_18.pdb,0.351,129,120
7AVG_single_001_density_input.pdb,1iizA00_12.pdb,0.338,129,120
7AVG_single_001_density_input.pdb,1iizA00_6.pdb,0.365,129,120
7AVG_single_001_density_input.pdb,1iizA00_0.pdb,0.341,129,120
7AVG_single_001_density_input.pdb,1iizA00_13.pdb,0.333,129,120
7AVG_single_001_density_input.pdb,1iizA00_14.pdb,0.341,129,120
7AVG_single_001_density_input.pdb,1iizA00_31.pdb,0.404,129,120
7AVG_single_001_density_input.pdb,1iizA00_8.pdb,0.408,129,120
7AVG_single_001_density_input.pdb,1hfxA00_30.pdb,0.336,129,123
7AVG_single_001_density_input.pdb,1iizA00_11.pdb,0.341,129,120
7AVG_single_001_density_input.pdb,1iizA00_3.pdb,0.347,129,120
7AVG_single_001_density_input.pdb,1iizA00_19.pdb,0.33,129,120
7AVG_single_001_density_input.pdb,1iizA00_24.pdb,0.354,129,120
7AVG_single_001_density_input.pdb,1iizA00_7.pdb,0.347,129,120
7AVG_single_001_density_input.pdb,1iizA00_17.pdb,0.404,129,120
7AVG_single_001_density_input.pdb,1hfxA00_19.pdb,0.35,129,123
7AVG_single_001_density_input.pdb,1hfxA00_24.pdb,0.362,129,123
7AVG_single_001_density_input.pdb,1iizA00_30.pdb,0.383,129,120
7AVG_single_001_density_input.pdb,1iizA00_4.pdb,0.356,129,120
7AVG_single_001_density_input.pdb,1hfxA00_5.pdb,0.318,129,123
7AVG_single_001_density_input.pdb,1iizA00_10.pdb,0.362,129,120
7AVG_single_001_density_input.pdb,1iizA00_9.pdb,0.347,129,120
7AVG_single_001_density_input.pdb,3zvqA00_19.pdb,0.492,129,70
7AVG_single_001_density_input.pdb,1hfxA00_1.pdb,0.357,129,123
7AVG_single_001_density_input.pdb,3zvqA00_3.pdb,0.463,129,70
7AVG_single_001_density_input.pdb,3zvqA00_2.pdb,0.457,129,70
7AVG_single_001_density_input.pdb,1iizA00_27.pdb,0.37,129,120
7AVG_single_001_density_input.pdb,3zvqA00_6.pdb,0.47,129,70
7AVG_single_001_density_input.pdb,1iizA00_1.pdb,0.33,129,120
7AVG_single_001_density_input.pdb,1hfxA00_23.pdb,0.368,129,123
7AVG_single_001_density_input.pdb,1hfxA00_3.pdb,0.323,129,123
7AVG_single_001_density_input.pdb,3zvqA00_20.pdb,0.468,129,70
7AVG_single_001_density_input.pdb,1hfxA00_17.pdb,0.336,129,123
7AVG_single_001_density_input.pdb,1iizA00_20.pdb,0.33,129,120
7AVG_single_001_density_input.pdb,1iizA00_23.pdb,0.363,129,120
7AVG_single_001_density_input.pdb,3zvqA00_24.pdb,0.441,129,70
7AVG_single_001_density_input.pdb,3zvqA00_8.pdb,0.442,129,70
7AVG_single_001_density_input.pdb,1iizA00_16.pdb,0.333,129,120
7AVG_single_001_density_input.pdb,3zvqA00_31.pdb,0.457,129,70
7AVG_single_001_density_input.pdb,1iizA00_5.pdb,0.367,129,120
7AVG_single_001_density_input.pdb,3zvqA00_4.pdb,0.455,129,70
7AVG_single_001_density_input.pdb,3zvqA00_9.pdb,0.428,129,70
7AVG_single_001_density_input.pdb,3zvqA00_16.pdb,0.442,129,70
7AVG_single_001_density_input.pdb,3zvqA00_30.pdb,0.476,129,70
7AVG_single_001_density_input.pdb,3zvqA00_1.pdb,0.476,129,70
7AVG_single_001_density_input.pdb,3zvqA00_15.pdb,0.468,129,70
7AVG_single_001_density_input.pdb,3zvqA00_0.pdb,0.428,129,70
7AVG_single_001_density_input.pdb,3zvqA00_10.pdb,0.468,129,70
7AVG_single_001_density_input.pdb,3zvqA00_29.pdb,0.453,129,70
7AVG_single_001_density_input.pdb,3zvqA00_23.pdb,0.428,129,70
7AVG_single_001_density_input.pdb,3zvqA00_26.pdb,0.428,129,70
7AVG_single_001_density_input.pdb,3zvqA00_18.pdb,0.414,129,70
7AVG_single_001_density_input.pdb,3zvqA00_12.pdb,0.434,129,70
7AVG_single_001_density_input.pdb,3zvqA00_27.pdb,0.414,129,70
7AVG_single_001_density_input.pdb,3zvqB_23.pdb,0.454,129,58
7AVG_single_001_density_input.pdb,3zvqB_23_reres.pdb,0.454,129,58
7AVG_single_001_density_input.pdb,3zvqB_12.pdb,0.482,129,58
7AVG_single_001_density_input.pdb,3zvqB_12_reres.pdb,0.482,129,58
7AVG_single_001_density_input.pdb,3zvqB_21.pdb,0.421,129,58
7AVG_single_001_density_input.pdb,3zvqB_21_reres.pdb,0.421,129,58
7AVG_single_001_density_input.pdb,3zvqA00_11.pdb,0.444,129,69
7AVG_single_001_density_input.pdb,3zvqA00_21.pdb,0.428,129,70
7AVG_single_001_density_input.pdb,3zvqA00_17.pdb,0.411,129,70
7AVG_single_001_density_input.pdb,3zvqB_0.pdb,0.428,129,58
7AVG_single_001_density_input.pdb,3zvqB_0_reres.pdb,0.428,129,58
7AVG_single_001_density_input.pdb,3zvqA00_25.pdb,0.412,129,70
7AVG_single_001_density_input.pdb,3zvqB_9.pdb,0.362,129,58
7AVG_single_001_density_input.pdb,3zvqB_9_reres.pdb,0.362,129,58
7AVG_single_001_density_input.pdb,3zvqB_7.pdb,0.377,129,58
7AVG_single_001_density_input.pdb,3zvqB_7_reres.pdb,0.377,129,58
7AVG_single_001_density_input.pdb,3zvqB_31.pdb,0.35,129,58
7AVG_single_001_density_input.pdb,3zvqB_31_reres.pdb,0.35,129,58
7AVG_single_001_density_input.pdb,3zvqB_1_reres.pdb,0.357,129,58
7AVG_single_001_density_input.pdb,3zvqB_1.pdb,0.357,129,58
7AVG_single_001_density_input.pdb,3zvqB_10.pdb,0.375,129,58
7AVG_single_001_density_input.pdb,3zvqB_10_reres.pdb,0.375,129,58
7AVG_single_001_density_input.pdb,3zvqB_18.pdb,0.375,129,58
7AVG_single_001_density_input.pdb,3zvqB_18_reres.pdb,0.375,129,58
7AVG_single_001_density_input.pdb,3zvqB_8.pdb,0.392,129,58
7AVG_single_001_density_input.pdb,3zvqB_22.pdb,0.375,129,58
7AVG_single_001_density_input.pdb,3zvqB_8_reres.pdb,0.392,129,58
7AVG_single_001_density_input.pdb,3zvqB_22_reres.pdb,0.375,129,58
7AVG_single_001_density_input.pdb,3zvqB_30.pdb,0.357,129,58
7AVG_single_001_density_input.pdb,3zvqB_30_reres.pdb,0.357,129,58
7FRD_single_001_density_input.pdb,2acfD00_2_reres.pdb,0.56,167,179
7FRD_single_001_density_input.pdb,2acfD00_2.pdb,0.56,167,179
7FRD_single_001_density_input.pdb,2acfD00_7.pdb,0.548,167,179
7FRD_single_001_density_input.pdb,2acfD00_7_reres.pdb,0.548,167,179
7FRD_single_001_density_input.pdb,2acfD00_16.pdb,0.56,167,179
7FRD_single_001_density_input.pdb,2acfD00_16_reres.pdb,0.56,167,179
7FRD_single_001_density_input.pdb,2acfD00_25.pdb,0.53,167,179
7FRD_single_001_density_input.pdb,2acfD00_25_reres.pdb,0.53,167,179
7FRD_single_001_density_input.pdb,2acfD00_29.pdb,0.53,167,179
7FRD_single_001_density_input.pdb,2acfD00_29_reres.pdb,0.53,167,179
7FRD_single_001_density_input.pdb,2acfD00_23.pdb,0.554,167,179
7FRD_single_001_density_input.pdb,2acfD00_23_reres.pdb,0.554,167,179
7FRD_single_001_density_input.pdb,2acfD00_12.pdb,0.53,167,179
7FRD_single_001_density_input.pdb,2acfD00_12_reres.pdb,0.53,167,179
7FRD_single_001_density_input.pdb,2acfD00_28.pdb,0.53,167,179
7FRD_single_001_density_input.pdb,2acfD00_28_reres.pdb,0.53,167,179
7FRD_single_001_density_input.pdb,2acfD00_3.pdb,0.545,167,179
7FRD_single_001_density_input.pdb,2acfD00_3_reres.pdb,0.545,167,179
7FRD_single_001_density_input.pdb,2acfD00_4.pdb,0.524,167,179
7FRD_single_001_density_input.pdb,2acfD00_4_reres.pdb,0.524,167,179
7FRD_single_001_density_input.pdb,2acfD00_1_reres.pdb,0.524,167,179
7FRD_single_001_density_input.pdb,2acfD00_21.pdb,0.524,167,179
7FRD_single_001_density_input.pdb,2acfD00_21_reres.pdb,0.524,167,179
7FRD_single_001_density_input.pdb,2acfD00_1.pdb,0.524,167,179
7FRD_single_001_density_input.pdb,2acfD00_0.pdb,0.515,167,179
7FRD_single_001_density_input.pdb,2acfD00_0_reres.pdb,0.515,167,179
7FRD_single_001_density_input.pdb,2acfD00_31.pdb,0.53,167,179
7FRD_single_001_density_input.pdb,2acfD00_31_reres.pdb,0.53,167,179
7FRD_single_001_density_input.pdb,2acfD00_15.pdb,0.53,167,179
7FRD_single_001_density_input.pdb,2acfD00_15_reres.pdb,0.53,167,179
7FRD_single_001_density_input.pdb,2acfD00_22.pdb,0.512,167,179
7FRD_single_001_density_input.pdb,2acfD00_22_reres.pdb,0.512,167,179
7FRD_single_001_density_input.pdb,2acfD00_11.pdb,0.512,167,179
7FRD_single_001_density_input.pdb,2acfD00_11_reres.pdb,0.512,167,179
7FRD_single_001_density_input.pdb,2acfD00_14.pdb,0.518,167,179
7FRD_single_001_density_input.pdb,2acfD00_14_reres.pdb,0.518,167,179
7FRD_single_001_density_input.pdb,2acfD00_18.pdb,0.496,167,179
7FRD_single_001_density_input.pdb,2acfD00_18_reres.pdb,0.496,167,179
7FRD_single_001_density_input.pdb,2acfD00_20.pdb,0.512,167,179
7FRD_single_001_density_input.pdb,2acfD00_20_reres.pdb,0.512,167,179
7FRD_single_001_density_input.pdb,2acfD00_24.pdb,0.518,167,179
7FRD_single_001_density_input.pdb,2acfD00_24_reres.pdb,0.518,167,179
7FRD_single_001_density_input.pdb,2acfD00_10.pdb,0.5,167,179
7FRD_single_001_density_input.pdb,2acfD00_10_reres.pdb,0.5,167,179
7FRD_single_001_density_input.pdb,2acfD00_13.pdb,0.5,167,179
7FRD_single_001_density_input.pdb,2acfD00_13_reres.pdb,0.5,167,179
7FRD_single_001_density_input.pdb,2acfD00_5.pdb,0.506,167,179
7FRD_single_001_density_input.pdb,2acfD00_5_reres.pdb,0.506,167,179
7FRD_single_001_density_input.pdb,2acfD00_9.pdb,0.506,167,179
7FRD_single_001_density_input.pdb,2acfD00_9_reres.pdb,0.506,167,179
7FRD_single_001_density_input.pdb,2acfD00_8.pdb,0.5,167,179
7FRD_single_001_density_input.pdb,2acfD00_8_reres.pdb,0.5,167,179
7FRD_single_001_density_input.pdb,2acfD00_27.pdb,0.518,167,179
7FRD_single_001_density_input.pdb,2acfD00_27_reres.pdb,0.518,167,179
7FRD_single_001_density_input.pdb,2acfD00_19.pdb,0.512,167,179
7FRD_single_001_density_input.pdb,2acfD00_19_reres.pdb,0.512,167,179
7FRD_single_001_density_input.pdb,2acfD00_6.pdb,0.481,167,179
7FRD_single_001_density_input.pdb,2acfD00_6_reres.pdb,0.481,167,179
7FRD_single_001_density_input.pdb,2acfD00_30.pdb,0.493,167,179
7FRD_single_001_density_input.pdb,2acfD00_30_reres.pdb,0.493,167,179
7FRD_single_001_density_input.pdb,2acfD00_17.pdb,0.472,167,179
7FRD_single_001_density_input.pdb,2acfD00_17_reres.pdb,0.472,167,179
7FRD_single_001_density_input.pdb,2acfD00_26.pdb,0.445,167,179
7FRD_single_001_density_input.pdb,2acfD00_26_reres.pdb,0.445,167,179
7FRD_single_001_density_input.pdb,3ejgA00_12.pdb,0.333,167,165
7FRD_single_001_density_input.pdb,3ejgA00_13.pdb,0.337,167,165
7FRD_single_001_density_input.pdb,3ejgA00_4.pdb,0.343,167,165
7FRD_single_001_density_input.pdb,3ejgA00_21.pdb,0.335,167,165
7FRD_single_001_density_input.pdb,3ejgA00_6.pdb,0.33,167,165
7FRD_single_001_density_input.pdb,3ejgA00_20.pdb,0.291,167,165
7FRD_single_001_density_input.pdb,3ejgA00_24.pdb,0.33,167,165
7FRD_single_001_density_input.pdb,3ejgA00_29.pdb,0.33,167,165
7FRD_single_001_density_input.pdb,3ejgA00_8.pdb,0.291,167,165
7FRD_single_001_density_input.pdb,3ejgA00_31.pdb,0.305,167,165
7FRD_single_001_density_input.pdb,3ejgA00_7.pdb,0.321,167,165
7FRD_single_001_density_input.pdb,3ejgA00_15.pdb,0.3,167,165
7FRD_single_001_density_input.pdb,3ejgA00_17.pdb,0.327,167,165
7FRD_single_001_density_input.pdb,3ejgA00_10.pdb,0.299,167,165
7FRD_single_001_density_input.pdb,3ejgA00_3.pdb,0.323,167,165
7FRD_single_001_density_input.pdb,4d86A01_17.pdb,0.28,167,188
7FRD_single_001_density_input.pdb,3ejgA00_23.pdb,0.308,167,165
7FRD_single_001_density_input.pdb,3ejgA00_2.pdb,0.308,167,165
7FRD_single_001_density_input.pdb,3ejgA00_28.pdb,0.333,167,165
7FRD_single_001_density_input.pdb,4d86A01_25.pdb,0.352,167,188
5SOP_single_001_density_input.pdb,2acfD00_2_reres.pdb,0.56,167,179
5SOP_single_001_density_input.pdb,2acfD00_2.pdb,0.56,167,179
5SOP_single_001_density_input.pdb,2acfD00_7.pdb,0.548,167,179
5SOP_single_001_density_input.pdb,2acfD00_7_reres.pdb,0.548,167,179
5SOP_single_001_density_input.pdb,2acfD00_16.pdb,0.56,167,179
5SOP_single_001_density_input.pdb,2acfD00_16_reres.pdb,0.56,167,179
5SOP_single_001_density_input.pdb,2acfD00_25.pdb,0.53,167,179
5SOP_single_001_density_input.pdb,2acfD00_25_reres.pdb,0.53,167,179
5SOP_single_001_density_input.pdb,2acfD00_29.pdb,0.53,167,179
5SOP_single_001_density_input.pdb,2acfD00_29_reres.pdb,0.53,167,179
5SOP_single_001_density_input.pdb,2acfD00_23.pdb,0.554,167,179
5SOP_single_001_density_input.pdb,2acfD00_23_reres.pdb,0.554,167,179
5SOP_single_001_density_input.pdb,2acfD00_12.pdb,0.53,167,179
5SOP_single_001_density_input.pdb,2acfD00_12_reres.pdb,0.53,167,179
5SOP_single_001_density_input.pdb,2acfD00_28.pdb,0.53,167,179
5SOP_single_001_density_input.pdb,2acfD00_28_reres.pdb,0.53,167,179
5SOP_single_001_density_input.pdb,2acfD00_3.pdb,0.545,167,179
5SOP_single_001_density_input.pdb,2acfD00_3_reres.pdb,0.545,167,179
5SOP_single_001_density_input.pdb,2acfD00_4.pdb,0.524,167,179
5SOP_single_001_density_input.pdb,2acfD00_4_reres.pdb,0.524,167,179
5SOP_single_001_density_input.pdb,2acfD00_1_reres.pdb,0.524,167,179
5SOP_single_001_density_input.pdb,2acfD00_21.pdb,0.524,167,179
5SOP_single_001_density_input.pdb,2acfD00_21_reres.pdb,0.524,167,179
5SOP_single_001_density_input.pdb,2acfD00_1.pdb,0.524,167,179
5SOP_single_001_density_input.pdb,2acfD00_0.pdb,0.515,167,179
5SOP_single_001_density_input.pdb,2acfD00_0_reres.pdb,0.515,167,179
5SOP_single_001_density_input.pdb,2acfD00_31.pdb,0.53,167,179
5SOP_single_001_density_input.pdb,2acfD00_31_reres.pdb,0.53,167,179
5SOP_single_001_density_input.pdb,2acfD00_15.pdb,0.53,167,179
5SOP_single_001_density_input.pdb,2acfD00_15_reres.pdb,0.53,167,179
5SOP_single_001_density_input.pdb,2acfD00_22.pdb,0.512,167,179
5SOP_single_001_density_input.pdb,2acfD00_22_reres.pdb,0.512,167,179
5SOP_single_001_density_input.pdb,2acfD00_11.pdb,0.512,167,179
5SOP_single_001_density_input.pdb,2acfD00_11_reres.pdb,0.512,167,179
5SOP_single_001_density_input.pdb,2acfD00_14.pdb,0.518,167,179
5SOP_single_001_density_input.pdb,2acfD00_14_reres.pdb,0.518,167,179
5SOP_single_001_density_input.pdb,2acfD00_18.pdb,0.496,167,179
5SOP_single_001_density_input.pdb,2acfD00_18_reres.pdb,0.496,167,179
5SOP_single_001_density_input.pdb,2acfD00_20.pdb,0.512,167,179
5SOP_single_001_density_input.pdb,2acfD00_20_reres.pdb,0.512,167,179
5SOP_single_001_density_input.pdb,2acfD00_24.pdb,0.518,167,179
5SOP_single_001_density_input.pdb,2acfD00_24_reres.pdb,0.518,167,179
5SOP_single_001_density_input.pdb,2acfD00_10.pdb,0.5,167,179
5SOP_single_001_density_input.pdb,2acfD00_10_reres.pdb,0.5,167,179
5SOP_single_001_density_input.pdb,2acfD00_13.pdb,0.5,167,179
5SOP_single_001_density_input.pdb,2acfD00_13_reres.pdb,0.5,167,179
5SOP_single_001_density_input.pdb,2acfD00_5.pdb,0.506,167,179
5SOP_single_001_density_input.pdb,2acfD00_5_reres.pdb,0.506,167,179
5SOP_single_001_density_input.pdb,2acfD00_9.pdb,0.506,167,179
5SOP_single_001_density_input.pdb,2acfD00_9_reres.pdb,0.506,167,179
5SOP_single_001_density_input.pdb,2acfD00_8.pdb,0.5,167,179
5SOP_single_001_density_input.pdb,2acfD00_8_reres.pdb,0.5,167,179
5SOP_single_001_density_input.pdb,2acfD00_27.pdb,0.518,167,179
5SOP_single_001_density_input.pdb,2acfD00_27_reres.pdb,0.518,167,179
5SOP_single_001_density_input.pdb,2acfD00_19.pdb,0.512,167,179
5SOP_single_001_density_input.pdb,2acfD00_19_reres.pdb,0.512,167,179
5SOP_single_001_density_input.pdb,2acfD00_6.pdb,0.481,167,179
5SOP_single_001_density_input.pdb,2acfD00_6_reres.pdb,0.481,167,179
5SOP_single_001_density_input.pdb,2acfD00_30.pdb,0.493,167,179
5SOP_single_001_density_input.pdb,2acfD00_30_reres.pdb,0.493,167,179
5SOP_single_001_density_input.pdb,2acfD00_17.pdb,0.472,167,179
5SOP_single_001_density_input.pdb,2acfD00_17_reres.pdb,0.472,167,179
5SOP_single_001_density_input.pdb,2acfD00_26.pdb,0.445,167,179
5SOP_single_001_density_input.pdb,2acfD00_26_reres.pdb,0.445,167,179
5SOP_single_001_density_input.pdb,3ejgA00_12.pdb,0.333,167,165
5SOP_single_001_density_input.pdb,3ejgA00_13.pdb,0.337,167,165
5SOP_single_001_density_input.pdb,3ejgA00_4.pdb,0.343,167,165
5SOP_single_001_density_input.pdb,3ejgA00_21.pdb,0.335,167,165
5SOP_single_001_density_input.pdb,3ejgA00_6.pdb,0.33,167,165
5SOP_single_001_density_input.pdb,3ejgA00_20.pdb,0.291,167,165
5SOP_single_001_density_input.pdb,3ejgA00_24.pdb,0.33,167,165
5SOP_single_001_density_input.pdb,3ejgA00_29.pdb,0.33,167,165
5SOP_single_001_density_input.pdb,3ejgA00_8.pdb,0.291,167,165
5SOP_single_001_density_input.pdb,3ejgA00_31.pdb,0.305,167,165
5SOP_single_001_density_input.pdb,3ejgA00_7.pdb,0.321,167,165
5SOP_single_001_density_input.pdb,3ejgA00_15.pdb,0.3,167,165
5SOP_single_001_density_input.pdb,3ejgA00_17.pdb,0.327,167,165
5SOP_single_001_density_input.pdb,3ejgA00_10.pdb,0.299,167,165
5SOP_single_001_density_input.pdb,3ejgA00_3.pdb,0.323,167,165
5SOP_single_001_density_input.pdb,4d86A01_17.pdb,0.28,167,188
5SOP_single_001_density_input.pdb,3ejgA00_23.pdb,0.308,167,165
5SOP_single_001_density_input.pdb,3ejgA00_2.pdb,0.308,167,165
5SOP_single_001_density_input.pdb,3ejgA00_28.pdb,0.333,167,165
5SOP_single_001_density_input.pdb,4d86A01_25.pdb,0.352,167,188
8VQ1_single_001_density_input.pdb,3ewnA00_3.pdb,0.421,226,228
8VQ1_single_001_density_input.pdb,3ewnA00_0.pdb,0.437,226,228
8VQ1_single_001_density_input.pdb,3ewnA00_7.pdb,0.433,226,228
8VQ1_single_001_density_input.pdb,3ewnA00_25.pdb,0.446,226,228
8VQ1_single_001_density_input.pdb,3ewnA00_22.pdb,0.443,226,228
8VQ1_single_001_density_input.pdb,3ewnA00_15.pdb,0.465,226,228
8VQ1_single_001_density_input.pdb,3ewnA00_24.pdb,0.416,226,228
8VQ1_single_001_density_input.pdb,3ewnA00_19.pdb,0.433,226,228
8VQ1_single_001_density_input.pdb,3ewnA00_4.pdb,0.443,226,228
8VQ1_single_001_density_input.pdb,3ewnA00_8.pdb,0.412,226,228
8VQ1_single_001_density_input.pdb,3ewnA00_5.pdb,0.443,226,228
8VQ1_single_001_density_input.pdb,3ewnA00_17.pdb,0.424,226,228
8VQ1_single_001_density_input.pdb,3mgkB_28.pdb,0.344,226,201
8VQ1_single_001_density_input.pdb,3mgkB_28_reres.pdb,0.344,226,201
8VQ1_single_001_density_input.pdb,3ewnA00_18.pdb,0.443,226,228
8VQ1_single_001_density_input.pdb,3ewnA00_31.pdb,0.401,226,228
8VQ1_single_001_density_input.pdb,3mgkB_29.pdb,0.35,226,201
8VQ1_single_001_density_input.pdb,3mgkB_29_reres.pdb,0.35,226,201
8VQ1_single_001_density_input.pdb,3ewnA00_30.pdb,0.411,226,228
8VQ1_single_001_density_input.pdb,3ewnA00_6.pdb,0.421,226,228
8VQ1_single_001_density_input.pdb,3ewnA00_13.pdb,0.417,226,228
8VQ1_single_001_density_input.pdb,3ewnA00_21.pdb,0.407,226,228
8VQ1_single_001_density_input.pdb,3ewnA00_10.pdb,0.406,226,228
8VQ1_single_001_density_input.pdb,3ewnA00_28.pdb,0.408,226,228
8VQ1_single_001_density_input.pdb,3mgkB_13.pdb,0.333,226,201
8VQ1_single_001_density_input.pdb,3mgkB_13_reres.pdb,0.333,226,201
8VQ1_single_001_density_input.pdb,3mgkB_7.pdb,0.344,226,201
8VQ1_single_001_density_input.pdb,3mgkB_7_reres.pdb,0.344,226,201
8VQ1_single_001_density_input.pdb,3ewnA00_23.pdb,0.403,226,228
8VQ1_single_001_density_input.pdb,3ewnA00_1.pdb,0.417,226,228
8VQ1_single_001_density_input.pdb,3ewnA00_26.pdb,0.415,226,228
8VQ1_single_001_density_input.pdb,3ewnA00_27.pdb,0.409,226,228
8VQ1_single_001_density_input.pdb,3mgkB_17.pdb,0.338,226,201
8VQ1_single_001_density_input.pdb,3mgkB_17_reres.pdb,0.338,226,201
8VQ1_single_001_density_input.pdb,3ewnA00_16.pdb,0.417,226,228
8VQ1_single_001_density_input.pdb,3ewnA00_9.pdb,0.395,226,228
8VQ1_single_001_density_input.pdb,3ewnA00_11.pdb,0.409,226,228
8VQ1_single_001_density_input.pdb,3mgkB_15.pdb,0.338,226,201
8VQ1_single_001_density_input.pdb,3mgkB_15_reres.pdb,0.338,226,201
8VQ1_single_001_density_input.pdb,3mgkB_6.pdb,0.333,226,201
8VQ1_single_001_density_input.pdb,3mgkB_6_reres.pdb,0.333,226,201
8VQ1_single_001_density_input.pdb,3ewnA00_20.pdb,0.436,226,228
8VQ1_single_001_density_input.pdb,3mgkB_18.pdb,0.344,226,201
8VQ1_single_001_density_input.pdb,3mgkB_18_reres.pdb,0.344,226,201
8VQ1_single_001_density_input.pdb,3mgkB_14.pdb,0.338,226,201
8VQ1_single_001_density_input.pdb,3mgkB_14_reres.pdb,0.338,226,201
8VQ1_single_001_density_input.pdb,3mgkB_20.pdb,0.327,226,201
8VQ1_single_001_density_input.pdb,3mgkB_20_reres.pdb,0.327,226,201
8VQ1_single_001_density_input.pdb,3mgkB_2_reres.pdb,0.327,226,201
8VQ1_single_001_density_input.pdb,3mgkB_2.pdb,0.327,226,201
8VQ1_single_001_density_input.pdb,3mgkB_9.pdb,0.333,226,201
8VQ1_single_001_density_input.pdb,3mgkB_9_reres.pdb,0.333,226,201
8VQ1_single_001_density_input.pdb,3mgkB_30.pdb,0.316,226,201
8VQ1_single_001_density_input.pdb,3mgkB_30_reres.pdb,0.316,226,201
8VQ1_single_001_density_input.pdb,3mgkB_25.pdb,0.322,226,201
8VQ1_single_001_density_input.pdb,3mgkB_25_reres.pdb,0.322,226,201
8VQ1_single_001_density_input.pdb,3ewnA00_29.pdb,0.384,226,228
8VQ1_single_001_density_input.pdb,3mgkB_26_reres.pdb,0.316,226,201
8VQ1_single_001_density_input.pdb,3mgkB_26.pdb,0.316,226,201
8VQ1_single_001_density_input.pdb,3ewnA00_12.pdb,0.408,226,228
8VQ1_single_001_density_input.pdb,3mgkB_4.pdb,0.333,226,201
8VQ1_single_001_density_input.pdb,3mgkB_4_reres.pdb,0.333,226,201
8VQ1_single_001_density_input.pdb,3mgkB_5.pdb,0.327,226,201
8VQ1_single_001_density_input.pdb,3mgkB_5_reres.pdb,0.327,226,201
8VQ1_single_001_density_input.pdb,3mgkB_22.pdb,0.322,226,201
8VQ1_single_001_density_input.pdb,3mgkB_22_reres.pdb,0.322,226,201
8VQ1_single_001_density_input.pdb,3mgkB_0.pdb,0.349,226,201
8VQ1_single_001_density_input.pdb,3mgkB_0_reres.pdb,0.349,226,201
8VQ1_single_001_density_input.pdb,3mgkB_31.pdb,0.333,226,201
8VQ1_single_001_density_input.pdb,3mgkB_31_reres.pdb,0.333,226,201
8VQ1_single_001_density_input.pdb,3mgkB_21.pdb,0.316,226,201
8VQ1_single_001_density_input.pdb,3mgkB_21_reres.pdb,0.316,226,201
8VQ1_single_001_density_input.pdb,3ewnA00_2.pdb,0.367,226,228
8VQ1_single_001_density_input.pdb,3ewnA00_14.pdb,0.419,226,228
8VQ1_single_001_density_input.pdb,3mgkB_1_reres.pdb,0.311,226,201
8VQ1_single_001_density_input.pdb,3mgkB_1.pdb,0.311,226,201
8VQ1_single_001_density_input.pdb,3mgkB_24.pdb,0.311,226,201
8VQ1_single_001_density_input.pdb,3mgkB_24_reres.pdb,0.311,226,201
8VQ1_single_001_density_input.pdb,3mgkB_23.pdb,0.316,226,201
8VQ1_single_001_density_input.pdb,3mgkB_23_reres.pdb,0.316,226,201
8VQ1_single_001_density_input.pdb,3mgkB_12.pdb,0.311,226,201
8VQ1_single_001_density_input.pdb,3mgkB_12_reres.pdb,0.311,226,201
8VQ1_single_001_density_input.pdb,3mgkB_11_reres.pdb,0.327,226,201
8VQ1_single_001_density_input.pdb,3mgkB_11.pdb,0.327,226,201
8VQ1_single_001_density_input.pdb,3mgkB_27.pdb,0.311,226,201
8VQ1_single_001_density_input.pdb,3mgkB_27_reres.pdb,0.311,226,201
8VQ1_single_001_density_input.pdb,3mgkB_16.pdb,0.312,226,201
8VQ1_single_001_density_input.pdb,3mgkB_16_reres.pdb,0.312,226,201
8VQ1_single_001_density_input.pdb,3mgkB_8.pdb,0.305,226,201
8VQ1_single_001_density_input.pdb,3mgkB_8_reres.pdb,0.305,226,201
8VQ1_single_001_density_input.pdb,3mgkB_3.pdb,0.311,226,201
8VQ1_single_001_density_input.pdb,3mgkB_3_reres.pdb,0.311,226,201
8VQ1_single_001_density_input.pdb,3mgkB_10.pdb,0.295,226,201
8VQ1_single_001_density_input.pdb,3mgkB_10_reres.pdb,0.295,226,201
8VQ1_single_001_density_input.pdb,3mgkB_19.pdb,0.301,226,201
8VQ1_single_001_density_input.pdb,3mgkB_19_reres.pdb,0.301,226,201
8VQ1_single_001_density_input.pdb,4k2hD00_21.pdb,0.343,226,186
8VQ1_single_001_density_input.pdb,4k2hD00_21_reres.pdb,0.343,226,186
8VQ1_single_001_density_input.pdb,4k2hD00_5.pdb,0.333,226,186
8VQ1_single_001_density_input.pdb,4k2hD00_5_reres.pdb,0.333,226,186
8VQ1_single_001_density_input.pdb,3cyfA00_28.pdb,0.325,226,185
8VQ1_single_001_density_input.pdb,4k2hD00_15.pdb,0.375,226,186
8VQ1_single_001_density_input.pdb,4k2hD00_15_reres.pdb,0.375,226,186
8VQ1_single_001_density_input.pdb,4y1eA_15.pdb,0.4,226,171
8VQ1_single_001_density_input.pdb,3fseA01_31.pdb,0.335,226,190
8VQ1_single_001_density_input.pdb,4y1eA_25.pdb,0.373,226,171
8VQ1_single_001_density_input.pdb,3cyfA00_15.pdb,0.298,226,185
8VQ1_single_001_density_input.pdb,3cyfA00_20.pdb,0.35,226,185
8VQ1_single_001_density_input.pdb,4k2hD00_0.pdb,0.387,226,186
8VQ1_single_001_density_input.pdb,4k2hD00_0_reres.pdb,0.387,226,186
8VQ1_single_001_density_input.pdb,3uk7A01_30.pdb,0.382,226,187
8VQ1_single_001_density_input.pdb,3fseA01_20.pdb,0.328,226,190
8VQ1_single_001_density_input.pdb,3cyfA00_31.pdb,0.368,226,185
8VQ1_single_001_density_input.pdb,4k2hD00_27.pdb,0.337,226,186
8VQ1_single_001_density_input.pdb,4k2hD00_27_reres.pdb,0.337,226,186
8VQ1_single_001_density_input.pdb,4k2hD00_29.pdb,0.343,226,186
8VQ1_single_001_density_input.pdb,4k2hD00_29_reres.pdb,0.343,226,186
8VQ1_single_001_density_input.pdb,3cyfA00_30.pdb,0.308,226,185
8VQ1_single_001_density_input.pdb,3uk7A01_28.pdb,0.366,226,187
8VQ1_single_001_density_input.pdb,3uk7A01_5.pdb,0.423,226,187
8VQ1_single_001_density_input.pdb,4k2hD00_11_reres.pdb,0.317,226,186
8VQ1_single_001_density_input.pdb,4k2hD00_1_reres.pdb,0.378,226,186
8VQ1_single_001_density_input.pdb,4k2hD00_1.pdb,0.378,226,186
8VQ1_single_001_density_input.pdb,4k2hD00_11.pdb,0.317,226,186
8VQ1_single_001_density_input.pdb,3uk7A01_14.pdb,0.346,226,187
8VQ1_single_001_density_input.pdb,4y1eA_17.pdb,0.324,226,171
8VQ1_single_001_density_input.pdb,4y1eA_18.pdb,0.373,226,171
8VQ1_single_001_density_input.pdb,4y1eA_23.pdb,0.311,226,171
8VQ1_single_001_density_input.pdb,3uk7A01_16.pdb,0.348,226,187
8VQ1_single_001_density_input.pdb,3fseA01_17.pdb,0.322,226,190
8VQ1_single_001_density_input.pdb,3fseA01_9.pdb,0.348,226,190
8VQ1_single_001_density_input.pdb,4hcjA00_11.pdb,0.341,226,169
8VQ1_single_001_density_input.pdb,4y1eA_30.pdb,0.357,226,171
8VQ1_single_001_density_input.pdb,4k2hD00_23.pdb,0.382,226,186
8VQ1_single_001_density_input.pdb,4k2hD00_23_reres.pdb,0.382,226,186
8VQ1_single_001_density_input.pdb,4y1eA_14.pdb,0.313,226,171
8VQ1_single_001_density_input.pdb,4k2hD00_14.pdb,0.319,226,186
8VQ1_single_001_density_input.pdb,4k2hD00_14_reres.pdb,0.319,226,186
8VQ1_single_001_density_input.pdb,4k2hD00_16.pdb,0.367,226,186
8VQ1_single_001_density_input.pdb,4k2hD00_16_reres.pdb,0.367,226,186
8VQ1_single_001_density_input.pdb,3fseA01_14.pdb,0.328,226,190
8VQ1_single_001_density_input.pdb,3cyfA00_0.pdb,0.325,226,185
8VQ1_single_001_density_input.pdb,4k2hD00_28.pdb,0.319,226,186
8VQ1_single_001_density_input.pdb,4k2hD00_28_reres.pdb,0.319,226,186
8VQ1_single_001_density_input.pdb,4k2hD00_8.pdb,0.329,226,186
8VQ1_single_001_density_input.pdb,4k2hD00_8_reres.pdb,0.329,226,186
8VQ1_single_001_density_input.pdb,3uk7A01_21.pdb,0.384,226,187
8VQ1_single_001_density_input.pdb,3fseA01_2.pdb,0.357,226,190
8VQ1_single_001_density_input.pdb,4hcjA00_13.pdb,0.384,226,169
8VQ1_single_001_density_input.pdb,4y1eA_8.pdb,0.365,226,171
8VQ1_single_001_density_input.pdb,4y1eA_0.pdb,0.311,226,171
8VQ1_single_001_density_input.pdb,4k2hD00_13.pdb,0.333,226,186
8VQ1_single_001_density_input.pdb,4k2hD00_13_reres.pdb,0.333,226,186
8VQ1_single_001_density_input.pdb,4k2hD00_4.pdb,0.307,226,186
8VQ1_single_001_density_input.pdb,4k2hD00_4_reres.pdb,0.307,226,186
8VQ1_single_001_density_input.pdb,4k2hD00_7.pdb,0.375,226,186
8VQ1_single_001_density_input.pdb,4k2hD00_7_reres.pdb,0.375,226,186
8VQ1_single_001_density_input.pdb,4y1eA_20.pdb,0.307,226,171
8VQ1_single_001_density_input.pdb,4y1eA_10.pdb,0.349,226,171
8VQ1_single_001_density_input.pdb,3cyfA00_27.pdb,0.308,226,185
8VQ1_single_001_density_input.pdb,4k2hD00_30.pdb,0.298,226,186
8VQ1_single_001_density_input.pdb,4k2hD00_30_reres.pdb,0.298,226,186
8VQ1_single_001_density_input.pdb,4y1eA_12.pdb,0.311,226,171
8VQ1_single_001_density_input.pdb,4xllA00_16.pdb,0.337,226,183
8VQ1_single_001_density_input.pdb,3uk7A01_1.pdb,0.368,226,187
8VQ1_single_001_density_input.pdb,3cyfA00_26.pdb,0.342,226,185
8VQ1_single_001_density_input.pdb,4hcjA00_20.pdb,0.361,226,169
8VQ1_single_001_density_input.pdb,4k2hD00_20.pdb,0.377,226,186
8VQ1_single_001_density_input.pdb,4k2hD00_20_reres.pdb,0.377,226,186
8VQ1_single_001_density_input.pdb,3uk7A01_2.pdb,0.396,226,187
8VQ1_single_001_density_input.pdb,3fseA01_15.pdb,0.333,226,190
8VQ1_single_001_density_input.pdb,4y1eA_19.pdb,0.369,226,171
8VQ1_single_001_density_input.pdb,4y1eA_2.pdb,0.333,226,171
8VQ1_single_001_density_input.pdb,3cyfA00_18.pdb,0.308,226,185
8VQ1_single_001_density_input.pdb,3cyfA00_5.pdb,0.34,226,185
8VQ1_single_001_density_input.pdb,3uk7A01_10.pdb,0.387,226,187
8VQ1_single_001_density_input.pdb,3fseA01_19.pdb,0.315,226,190
8VQ1_single_001_density_input.pdb,4y1eA_24.pdb,0.305,226,171
8VQ1_single_001_density_input.pdb,3fseA01_10.pdb,0.335,226,190
8VQ1_single_001_density_input.pdb,3cyfA00_3.pdb,0.342,226,185
8VQ1_single_001_density_input.pdb,3cyfA00_11.pdb,0.342,226,185
8VQ1_single_001_density_input.pdb,3cyfA00_13.pdb,0.308,226,185
8VQ1_single_001_density_input.pdb,3fseA01_29.pdb,0.328,226,190
8VQ1_single_001_density_input.pdb,4hcjA00_26.pdb,0.36,226,169
8VQ1_single_001_density_input.pdb,4hcjA00_10.pdb,0.333,226,169
8VQ1_single_001_density_input.pdb,4y1eA_4.pdb,0.35,226,171
8VQ1_single_001_density_input.pdb,4xllA00_23.pdb,0.337,226,183
8VQ1_single_001_density_input.pdb,4y1eA_3.pdb,0.359,226,171
8VQ1_single_001_density_input.pdb,4k2hD00_10.pdb,0.333,226,186
8VQ1_single_001_density_input.pdb,4k2hD00_10_reres.pdb,0.333,226,186
8VQ1_single_001_density_input.pdb,3fseA01_13.pdb,0.311,226,190
8VQ1_single_001_density_input.pdb,4hcjA00_0.pdb,0.333,226,169
8VQ1_single_001_density_input.pdb,4y1eA_26.pdb,0.325,226,171
8VQ1_single_001_density_input.pdb,4xllA00_14.pdb,0.298,226,183
8VQ1_single_001_density_input.pdb,3uk7A01_18.pdb,0.352,226,187
8VQ1_single_001_density_input.pdb,3fseA01_7.pdb,0.313,226,190
8VQ1_single_001_density_input.pdb,3fseA01_11.pdb,0.333,226,190
8VQ1_single_001_density_input.pdb,4hcjA00_1.pdb,0.35,226,169
8VQ1_single_001_density_input.pdb,4y1eA_27.pdb,0.305,226,171
8VQ1_single_001_density_input.pdb,4y1eA_11.pdb,0.333,226,171
8VQ1_single_001_density_input.pdb,3cyfA00_7.pdb,0.303,226,185
8VQ1_single_001_density_input.pdb,3cyfA00_9.pdb,0.297,226,185
8VQ1_single_001_density_input.pdb,4k2hD00_9.pdb,0.303,226,186
8VQ1_single_001_density_input.pdb,4k2hD00_9_reres.pdb,0.303,226,186
8VQ1_single_001_density_input.pdb,3fseA01_18.pdb,0.315,226,190
8VQ1_single_001_density_input.pdb,3fseA01_5.pdb,0.32,226,190
8VQ1_single_001_density_input.pdb,4xllA00_2.pdb,0.327,226,183
8VQ1_single_001_density_input.pdb,3uk7A01_0.pdb,0.349,226,187
8VQ1_single_001_density_input.pdb,4y1eA_6.pdb,0.325,226,171
8VQ1_single_001_density_input.pdb,3cyfA00_4.pdb,0.296,226,185
8VQ1_single_001_density_input.pdb,3cyfA00_16.pdb,0.308,226,185
8VQ1_single_001_density_input.pdb,3cyfA00_6.pdb,0.292,226,185
8VQ1_single_001_density_input.pdb,4k2hD00_2_reres.pdb,0.384,226,186
8VQ1_single_001_density_input.pdb,4k2hD00_2.pdb,0.384,226,186
8VQ1_single_001_density_input.pdb,3fseA01_1.pdb,0.317,226,190
8VQ1_single_001_density_input.pdb,4y1eA_16.pdb,0.325,226,171
8VQ1_single_001_density_input.pdb,4xllA00_26.pdb,0.35,226,183
8VQ1_single_001_density_input.pdb,3cyfA00_21.pdb,0.293,226,185
8VQ1_single_001_density_input.pdb,4y1eA_5.pdb,0.298,226,171
8VQ1_single_001_density_input.pdb,3cyfA00_29.pdb,0.302,226,185
8VQ1_single_001_density_input.pdb,3fseA01_23.pdb,0.305,226,190
8VQ1_single_001_density_input.pdb,3fseA01_26.pdb,0.296,226,190
8VQ1_single_001_density_input.pdb,3fseA01_16.pdb,0.309,226,190
8VQ1_single_001_density_input.pdb,3bhnA00_3.pdb,0.362,226,208
8VQ1_single_001_density_input.pdb,4y1eA_31.pdb,0.344,226,171
8VQ1_single_001_density_input.pdb,4y1eA_9.pdb,0.317,226,171
8VQ1_single_001_density_input.pdb,3cyfA00_2.pdb,0.297,226,185
8VQ1_single_001_density_input.pdb,4k2hD00_6.pdb,0.276,226,186
8VQ1_single_001_density_input.pdb,4k2hD00_6_reres.pdb,0.276,226,186
8VQ1_single_001_density_input.pdb,3bhnA00_11.pdb,0.36,226,208
8VQ1_single_001_density_input.pdb,4y1eA_1.pdb,0.33,226,171
8VQ1_single_001_density_input.pdb,3uk7A01_6.pdb,0.357,226,187
8VQ1_single_001_density_input.pdb,3fseA01_12.pdb,0.293,226,190
8VQ1_single_001_density_input.pdb,4y1eA_29.pdb,0.345,226,171
8VQ1_single_001_density_input.pdb,4xllA00_5.pdb,0.341,226,183
8VQ1_single_001_density_input.pdb,4k2hD00_3.pdb,0.343,226,186
8VQ1_single_001_density_input.pdb,3fseA01_30.pdb,0.328,226,190
8VQ1_single_001_density_input.pdb,4y1eA_28.pdb,0.292,226,171
8VQ1_single_001_density_input.pdb,4y1eA_22.pdb,0.324,226,171
8VQ1_single_001_density_input.pdb,3fseA01_27.pdb,0.305,226,190
8VQ1_single_001_density_input.pdb,4xllA00_22.pdb,0.284,226,183
8VQ1_single_001_density_input.pdb,2vrnA00_21.pdb,0.294,226,184
8VQ1_single_001_density_input.pdb,3cyfA00_12.pdb,0.321,226,185
8VQ1_single_001_density_input.pdb,4y1eA_21.pdb,0.387,226,171
8VQ1_single_001_density_input.pdb,4xllA00_17.pdb,0.292,226,183
8VQ1_single_001_density_input.pdb,2vrnA00_6.pdb,0.273,226,184
8VQ1_single_001_density_input.pdb,3cyfA00_23.pdb,0.314,226,185
8VQ1_single_001_density_input.pdb,4k2hD00_31.pdb,0.328,226,186
8VQ1_single_001_density_input.pdb,4k2hD00_31_reres.pdb,0.328,226,186
8VQ1_single_001_density_input.pdb,3fseA01_25.pdb,0.296,226,190
8VQ1_single_001_density_input.pdb,3fseA01_6.pdb,0.296,226,190
8VQ1_single_001_density_input.pdb,3cyfA00_19.pdb,0.292,226,185
8VQ1_single_001_density_input.pdb,3cyfA00_10.pdb,0.316,226,185
8VQ1_single_001_density_input.pdb,3bhnA00_1.pdb,0.36,226,208
8VQ1_single_001_density_input.pdb,4y1eA_7.pdb,0.324,226,171
8VQ1_single_001_density_input.pdb,3cyfA00_1.pdb,0.314,226,185
8VQ1_single_001_density_input.pdb,2vrnA00_3.pdb,0.309,226,184
8VQ1_single_001_density_input.pdb,3bhnA00_16.pdb,0.366,226,208
8VQ1_single_001_density_input.pdb,4xllA00_11.pdb,0.316,226,183
8VQ1_single_001_density_input.pdb,2vrnA00_14.pdb,0.336,226,184
8VQ1_single_001_density_input.pdb,3fseA01_22.pdb,0.373,226,190
8VQ1_single_001_density_input.pdb,3bhnA00_25.pdb,0.318,226,208
8VQ1_single_001_density_input.pdb,4xllA00_24.pdb,0.324,226,183
8VQ1_single_001_density_input.pdb,3bhnA00_24.pdb,0.338,226,208
8VQ1_single_001_density_input.pdb,4xllA00_9.pdb,0.314,226,183
8VQ1_single_001_density_input.pdb,2vrnA00_11.pdb,0.298,226,184
8VQ1_single_001_density_input.pdb,3bhnA00_14.pdb,0.34,226,208
8VQ1_single_001_density_input.pdb,3bhnA00_17.pdb,0.294,226,208
8VQ1_single_001_density_input.pdb,4xllA00_8.pdb,0.284,226,183
8VQ1_single_001_density_input.pdb,3bhnA00_22.pdb,0.393,226,208
8VQ1_single_001_density_input.pdb,3bhnA00_7.pdb,0.293,226,208
8VQ1_single_001_density_input.pdb,3bhnA00_23.pdb,0.294,226,208
8VQ1_single_001_density_input.pdb,3bhnA00_30.pdb,0.357,226,208
8VQ1_single_001_density_input.pdb,3bhnA00_0.pdb,0.382,226,208
8VQ1_single_001_density_input.pdb,3bhnA00_13.pdb,0.315,226,208
8VQ1_single_001_density_input.pdb,3bhnA00_29.pdb,0.358,226,208
8VQ1_single_001_density_input.pdb,2vrnA00_12.pdb,0.256,226,184
8VQ1_single_001_density_input.pdb,3bhnA00_2.pdb,0.324,226,208
8VQ1_single_001_density_input.pdb,3bhnA00_26.pdb,0.298,226,208
8VQ1_single_001_density_input.pdb,3bhnA00_28.pdb,0.362,226,208
8VQ1_single_001_density_input.pdb,3bhnA00_6.pdb,0.324,226,208
8VQ1_single_001_density_input.pdb,3fseA01_28.pdb,0.298,226,190
8VQ1_single_001_density_input.pdb,3bhnA00_20.pdb,0.333,226,208
8VQ1_single_001_density_input.pdb,3bhnA00_27.pdb,0.272,226,208
8VQ1_single_001_density_input.pdb,3bhnA00_21.pdb,0.379,226,208
8VQ1_single_001_density_input.pdb,3bhnA00_19.pdb,0.379,226,208
8VQ1_single_001_density_input.pdb,3bhnA00_5.pdb,0.266,226,208
6NI5_single_001_density_input.pdb,3ewnA00_3.pdb,0.427,227,228
6NI5_single_001_density_input.pdb,3ewnA00_0.pdb,0.443,227,228
6NI5_single_001_density_input.pdb,3ewnA00_25.pdb,0.446,227,228
6NI5_single_001_density_input.pdb,3ewnA00_7.pdb,0.433,227,228
6NI5_single_001_density_input.pdb,3ewnA00_22.pdb,0.449,227,228
6NI5_single_001_density_input.pdb,3ewnA00_15.pdb,0.471,227,228
6NI5_single_001_density_input.pdb,3ewnA00_19.pdb,0.44,227,228
6NI5_single_001_density_input.pdb,3ewnA00_24.pdb,0.416,227,228
6NI5_single_001_density_input.pdb,3ewnA00_4.pdb,0.448,227,228
6NI5_single_001_density_input.pdb,3ewnA00_8.pdb,0.418,227,228
6NI5_single_001_density_input.pdb,3ewnA00_5.pdb,0.443,227,228
6NI5_single_001_density_input.pdb,3ewnA00_17.pdb,0.424,227,228
6NI5_single_001_density_input.pdb,3ewnA00_31.pdb,0.401,227,228
6NI5_single_001_density_input.pdb,3ewnA00_18.pdb,0.443,227,228
6NI5_single_001_density_input.pdb,3mgkB_28.pdb,0.344,227,201
6NI5_single_001_density_input.pdb,3mgkB_28_reres.pdb,0.344,227,201
6NI5_single_001_density_input.pdb,3mgkB_29.pdb,0.35,227,201
6NI5_single_001_density_input.pdb,3mgkB_29_reres.pdb,0.35,227,201
6NI5_single_001_density_input.pdb,3ewnA00_30.pdb,0.411,227,228
6NI5_single_001_density_input.pdb,3ewnA00_6.pdb,0.421,227,228
6NI5_single_001_density_input.pdb,3ewnA00_10.pdb,0.411,227,228
6NI5_single_001_density_input.pdb,3ewnA00_21.pdb,0.407,227,228
6NI5_single_001_density_input.pdb,3ewnA00_13.pdb,0.417,227,228
6NI5_single_001_density_input.pdb,3ewnA00_28.pdb,0.408,227,228
6NI5_single_001_density_input.pdb,3mgkB_13.pdb,0.333,227,201
6NI5_single_001_density_input.pdb,3mgkB_13_reres.pdb,0.333,227,201
6NI5_single_001_density_input.pdb,3ewnA00_23.pdb,0.409,227,228
6NI5_single_001_density_input.pdb,3mgkB_7.pdb,0.344,227,201
6NI5_single_001_density_input.pdb,3mgkB_7_reres.pdb,0.344,227,201
6NI5_single_001_density_input.pdb,3ewnA00_1.pdb,0.417,227,228
6NI5_single_001_density_input.pdb,3ewnA00_26.pdb,0.415,227,228
6NI5_single_001_density_input.pdb,3ewnA00_27.pdb,0.409,227,228
6NI5_single_001_density_input.pdb,3ewnA00_16.pdb,0.417,227,228
6NI5_single_001_density_input.pdb,3ewnA00_9.pdb,0.395,227,228
6NI5_single_001_density_input.pdb,3mgkB_17.pdb,0.338,227,201
6NI5_single_001_density_input.pdb,3mgkB_17_reres.pdb,0.338,227,201
6NI5_single_001_density_input.pdb,3ewnA00_11.pdb,0.409,227,228
6NI5_single_001_density_input.pdb,3ewnA00_20.pdb,0.436,227,228
6NI5_single_001_density_input.pdb,3mgkB_15.pdb,0.338,227,201
6NI5_single_001_density_input.pdb,3mgkB_15_reres.pdb,0.338,227,201
6NI5_single_001_density_input.pdb,3mgkB_6.pdb,0.333,227,201
6NI5_single_001_density_input.pdb,3mgkB_6_reres.pdb,0.333,227,201
6NI5_single_001_density_input.pdb,3mgkB_18.pdb,0.344,227,201
6NI5_single_001_density_input.pdb,3mgkB_18_reres.pdb,0.344,227,201
6NI5_single_001_density_input.pdb,3mgkB_14.pdb,0.338,227,201
6NI5_single_001_density_input.pdb,3mgkB_14_reres.pdb,0.338,227,201
6NI5_single_001_density_input.pdb,3mgkB_20.pdb,0.327,227,201
6NI5_single_001_density_input.pdb,3mgkB_20_reres.pdb,0.327,227,201
6NI5_single_001_density_input.pdb,3mgkB_2_reres.pdb,0.327,227,201
6NI5_single_001_density_input.pdb,3mgkB_2.pdb,0.327,227,201
6NI5_single_001_density_input.pdb,3mgkB_9.pdb,0.333,227,201
6NI5_single_001_density_input.pdb,3mgkB_9_reres.pdb,0.333,227,201
6NI5_single_001_density_input.pdb,3mgkB_30.pdb,0.316,227,201
6NI5_single_001_density_input.pdb,3mgkB_30_reres.pdb,0.316,227,201
6NI5_single_001_density_input.pdb,3ewnA00_29.pdb,0.384,227,228
6NI5_single_001_density_input.pdb,3mgkB_25.pdb,0.322,227,201
6NI5_single_001_density_input.pdb,3mgkB_25_reres.pdb,0.322,227,201
6NI5_single_001_density_input.pdb,3mgkB_26_reres.pdb,0.316,227,201
6NI5_single_001_density_input.pdb,3mgkB_26.pdb,0.316,227,201
6NI5_single_001_density_input.pdb,3ewnA00_12.pdb,0.408,227,228
6NI5_single_001_density_input.pdb,3mgkB_4.pdb,0.333,227,201
6NI5_single_001_density_input.pdb,3mgkB_4_reres.pdb,0.333,227,201
6NI5_single_001_density_input.pdb,3mgkB_5.pdb,0.327,227,201
6NI5_single_001_density_input.pdb,3mgkB_5_reres.pdb,0.327,227,201
6NI5_single_001_density_input.pdb,3mgkB_22.pdb,0.322,227,201
6NI5_single_001_density_input.pdb,3mgkB_22_reres.pdb,0.322,227,201
6NI5_single_001_density_input.pdb,3mgkB_0.pdb,0.349,227,201
6NI5_single_001_density_input.pdb,3mgkB_0_reres.pdb,0.349,227,201
6NI5_single_001_density_input.pdb,3ewnA00_2.pdb,0.367,227,228
6NI5_single_001_density_input.pdb,3mgkB_31.pdb,0.333,227,201
6NI5_single_001_density_input.pdb,3mgkB_31_reres.pdb,0.333,227,201
6NI5_single_001_density_input.pdb,3mgkB_21.pdb,0.316,227,201
6NI5_single_001_density_input.pdb,3mgkB_21_reres.pdb,0.316,227,201
6NI5_single_001_density_input.pdb,3ewnA00_14.pdb,0.419,227,228
6NI5_single_001_density_input.pdb,3mgkB_1_reres.pdb,0.311,227,201
6NI5_single_001_density_input.pdb,3mgkB_1.pdb,0.311,227,201
6NI5_single_001_density_input.pdb,3mgkB_24.pdb,0.311,227,201
6NI5_single_001_density_input.pdb,3mgkB_24_reres.pdb,0.311,227,201
6NI5_single_001_density_input.pdb,3mgkB_23.pdb,0.316,227,201
6NI5_single_001_density_input.pdb,3mgkB_23_reres.pdb,0.316,227,201
6NI5_single_001_density_input.pdb,3mgkB_12.pdb,0.311,227,201
6NI5_single_001_density_input.pdb,3mgkB_12_reres.pdb,0.311,227,201
6NI5_single_001_density_input.pdb,3mgkB_11_reres.pdb,0.327,227,201
6NI5_single_001_density_input.pdb,3mgkB_11.pdb,0.327,227,201
6NI5_single_001_density_input.pdb,3mgkB_27.pdb,0.311,227,201
6NI5_single_001_density_input.pdb,3mgkB_27_reres.pdb,0.311,227,201
6NI5_single_001_density_input.pdb,3mgkB_16.pdb,0.312,227,201
6NI5_single_001_density_input.pdb,3mgkB_16_reres.pdb,0.312,227,201
6NI5_single_001_density_input.pdb,3mgkB_8.pdb,0.305,227,201
6NI5_single_001_density_input.pdb,3mgkB_8_reres.pdb,0.305,227,201
6NI5_single_001_density_input.pdb,3mgkB_3.pdb,0.311,227,201
6NI5_single_001_density_input.pdb,3mgkB_3_reres.pdb,0.311,227,201
6NI5_single_001_density_input.pdb,3mgkB_10.pdb,0.295,227,201
6NI5_single_001_density_input.pdb,3mgkB_10_reres.pdb,0.295,227,201
6NI5_single_001_density_input.pdb,3mgkB_19.pdb,0.301,227,201
6NI5_single_001_density_input.pdb,3mgkB_19_reres.pdb,0.301,227,201
6NI5_single_001_density_input.pdb,4k2hD00_5.pdb,0.333,227,186
6NI5_single_001_density_input.pdb,4k2hD00_5_reres.pdb,0.333,227,186
6NI5_single_001_density_input.pdb,4k2hD00_21.pdb,0.343,227,186
6NI5_single_001_density_input.pdb,4k2hD00_21_reres.pdb,0.343,227,186
6NI5_single_001_density_input.pdb,4y1eA_15.pdb,0.4,227,171
6NI5_single_001_density_input.pdb,3fseA01_31.pdb,0.335,227,190
6NI5_single_001_density_input.pdb,3cyfA00_28.pdb,0.325,227,185
6NI5_single_001_density_input.pdb,4k2hD00_15.pdb,0.375,227,186
6NI5_single_001_density_input.pdb,4k2hD00_15_reres.pdb,0.375,227,186
6NI5_single_001_density_input.pdb,4y1eA_25.pdb,0.373,227,171
6NI5_single_001_density_input.pdb,3uk7A01_30.pdb,0.39,227,187
6NI5_single_001_density_input.pdb,3uk7A01_9.pdb,0.415,227,187
6NI5_single_001_density_input.pdb,3uk7A01_14.pdb,0.353,227,187
6NI5_single_001_density_input.pdb,3uk7A01_5.pdb,0.432,227,187
6NI5_single_001_density_input.pdb,3uk7A01_28.pdb,0.375,227,187
6NI5_single_001_density_input.pdb,3fseA01_20.pdb,0.328,227,190
6NI5_single_001_density_input.pdb,3cyfA00_20.pdb,0.35,227,185
6NI5_single_001_density_input.pdb,4k2hD00_0.pdb,0.387,227,186
6NI5_single_001_density_input.pdb,4k2hD00_0_reres.pdb,0.387,227,186
6NI5_single_001_density_input.pdb,3uk7A01_16.pdb,0.356,227,187
6NI5_single_001_density_input.pdb,3cyfA00_15.pdb,0.298,227,185
6NI5_single_001_density_input.pdb,4y1eA_18.pdb,0.373,227,171
6NI5_single_001_density_input.pdb,3cyfA00_31.pdb,0.368,227,185
6NI5_single_001_density_input.pdb,4y1eA_17.pdb,0.324,227,171
6NI5_single_001_density_input.pdb,4y1eA_23.pdb,0.311,227,171
6NI5_single_001_density_input.pdb,4y1eA_30.pdb,0.357,227,171
6NI5_single_001_density_input.pdb,4k2hD00_27.pdb,0.337,227,186
6NI5_single_001_density_input.pdb,4k2hD00_27_reres.pdb,0.337,227,186
6NI5_single_001_density_input.pdb,4k2hD00_29.pdb,0.406,227,186
6NI5_single_001_density_input.pdb,4k2hD00_29_reres.pdb,0.406,227,186
6NI5_single_001_density_input.pdb,3uk7A01_21.pdb,0.392,227,187
6NI5_single_001_density_input.pdb,3fseA01_17.pdb,0.322,227,190
6NI5_single_001_density_input.pdb,3fseA01_9.pdb,0.348,227,190
6NI5_single_001_density_input.pdb,3cyfA00_30.pdb,0.308,227,185
6NI5_single_001_density_input.pdb,4k2hD00_1_reres.pdb,0.378,227,186
6NI5_single_001_density_input.pdb,3uk7A01_24.pdb,0.363,227,187
6NI5_single_001_density_input.pdb,4y1eA_14.pdb,0.313,227,171
6NI5_single_001_density_input.pdb,4k2hD00_11_reres.pdb,0.317,227,186
6NI5_single_001_density_input.pdb,4k2hD00_11.pdb,0.317,227,186
6NI5_single_001_density_input.pdb,3uk7A01_1.pdb,0.377,227,187
6NI5_single_001_density_input.pdb,3fseA01_14.pdb,0.328,227,190
6NI5_single_001_density_input.pdb,4y1eA_8.pdb,0.365,227,171
6NI5_single_001_density_input.pdb,4k2hD00_23.pdb,0.382,227,186
6NI5_single_001_density_input.pdb,4k2hD00_23_reres.pdb,0.382,227,186
6NI5_single_001_density_input.pdb,3fseA01_2.pdb,0.357,227,190
6NI5_single_001_density_input.pdb,4hcjA00_16.pdb,0.366,227,169
6NI5_single_001_density_input.pdb,4y1eA_0.pdb,0.311,227,171
6NI5_single_001_density_input.pdb,4y1eA_10.pdb,0.349,227,171
6NI5_single_001_density_input.pdb,4k2hD00_14.pdb,0.319,227,186
6NI5_single_001_density_input.pdb,4k2hD00_14_reres.pdb,0.319,227,186
6NI5_single_001_density_input.pdb,4k2hD00_16.pdb,0.367,227,186
6NI5_single_001_density_input.pdb,4k2hD00_16_reres.pdb,0.367,227,186
6NI5_single_001_density_input.pdb,3uk7A01_2.pdb,0.405,227,187
6NI5_single_001_density_input.pdb,4y1eA_20.pdb,0.307,227,171
6NI5_single_001_density_input.pdb,3uk7A01_10.pdb,0.396,227,187
6NI5_single_001_density_input.pdb,4y1eA_12.pdb,0.311,227,171
6NI5_single_001_density_input.pdb,3cyfA00_0.pdb,0.325,227,185
6NI5_single_001_density_input.pdb,4k2hD00_28.pdb,0.319,227,186
6NI5_single_001_density_input.pdb,4k2hD00_28_reres.pdb,0.319,227,186
6NI5_single_001_density_input.pdb,4k2hD00_30.pdb,0.299,227,186
6NI5_single_001_density_input.pdb,4k2hD00_30_reres.pdb,0.299,227,186
6NI5_single_001_density_input.pdb,4k2hD00_7.pdb,0.375,227,186
6NI5_single_001_density_input.pdb,4k2hD00_7_reres.pdb,0.375,227,186
6NI5_single_001_density_input.pdb,4hcjA00_13.pdb,0.384,227,169
6NI5_single_001_density_input.pdb,4k2hD00_13.pdb,0.333,227,186
6NI5_single_001_density_input.pdb,4k2hD00_13_reres.pdb,0.333,227,186
6NI5_single_001_density_input.pdb,4k2hD00_4.pdb,0.307,227,186
6NI5_single_001_density_input.pdb,4k2hD00_4_reres.pdb,0.307,227,186
6NI5_single_001_density_input.pdb,4y1eA_19.pdb,0.369,227,171
6NI5_single_001_density_input.pdb,4y1eA_2.pdb,0.333,227,171
6NI5_single_001_density_input.pdb,4xllA00_16.pdb,0.337,227,183
6NI5_single_001_density_input.pdb,3cyfA00_27.pdb,0.308,227,185
6NI5_single_001_density_input.pdb,3fseA01_15.pdb,0.333,227,190
6NI5_single_001_density_input.pdb,3cyfA00_26.pdb,0.342,227,185
6NI5_single_001_density_input.pdb,4k2hD00_20.pdb,0.377,227,186
6NI5_single_001_density_input.pdb,4k2hD00_20_reres.pdb,0.377,227,186
6NI5_single_001_density_input.pdb,3fseA01_19.pdb,0.315,227,190
6NI5_single_001_density_input.pdb,4y1eA_24.pdb,0.305,227,171
6NI5_single_001_density_input.pdb,3fseA01_10.pdb,0.335,227,190
6NI5_single_001_density_input.pdb,4y1eA_4.pdb,0.35,227,171
6NI5_single_001_density_input.pdb,3cyfA00_5.pdb,0.34,227,185
6NI5_single_001_density_input.pdb,3fseA01_29.pdb,0.328,227,190
6NI5_single_001_density_input.pdb,4hcjA00_20.pdb,0.375,227,169
6NI5_single_001_density_input.pdb,4y1eA_3.pdb,0.359,227,171
6NI5_single_001_density_input.pdb,4xllA00_10.pdb,0.309,227,183
6NI5_single_001_density_input.pdb,3cyfA00_18.pdb,0.308,227,185
6NI5_single_001_density_input.pdb,3cyfA00_3.pdb,0.342,227,185
6NI5_single_001_density_input.pdb,3cyfA00_11.pdb,0.342,227,185
6NI5_single_001_density_input.pdb,3uk7A01_18.pdb,0.362,227,187
6NI5_single_001_density_input.pdb,3uk7A01_0.pdb,0.357,227,187
6NI5_single_001_density_input.pdb,3fseA01_13.pdb,0.311,227,190
6NI5_single_001_density_input.pdb,4y1eA_26.pdb,0.325,227,171
6NI5_single_001_density_input.pdb,4xllA00_23.pdb,0.337,227,183
6NI5_single_001_density_input.pdb,3cyfA00_13.pdb,0.308,227,185
6NI5_single_001_density_input.pdb,4hcjA00_26.pdb,0.36,227,169
6NI5_single_001_density_input.pdb,4y1eA_11.pdb,0.333,227,171
6NI5_single_001_density_input.pdb,4k2hD00_10.pdb,0.333,227,186
6NI5_single_001_density_input.pdb,4k2hD00_10_reres.pdb,0.333,227,186
6NI5_single_001_density_input.pdb,3fseA01_7.pdb,0.313,227,190
6NI5_single_001_density_input.pdb,3fseA01_11.pdb,0.333,227,190
6NI5_single_001_density_input.pdb,4y1eA_27.pdb,0.305,227,171
6NI5_single_001_density_input.pdb,3fseA01_18.pdb,0.315,227,190
6NI5_single_001_density_input.pdb,3fseA01_5.pdb,0.32,227,190
6NI5_single_001_density_input.pdb,4y1eA_6.pdb,0.325,227,171
6NI5_single_001_density_input.pdb,4xllA00_14.pdb,0.298,227,183
6NI5_single_001_density_input.pdb,4hcjA00_0.pdb,0.333,227,169
6NI5_single_001_density_input.pdb,4hcjA00_1.pdb,0.35,227,169
6NI5_single_001_density_input.pdb,4y1eA_16.pdb,0.325,227,171
6NI5_single_001_density_input.pdb,4xllA00_2.pdb,0.327,227,183
6NI5_single_001_density_input.pdb,3cyfA00_7.pdb,0.303,227,185
6NI5_single_001_density_input.pdb,3cyfA00_9.pdb,0.297,227,185
6NI5_single_001_density_input.pdb,3fseA01_1.pdb,0.317,227,190
6NI5_single_001_density_input.pdb,3uk7A01_6.pdb,0.365,227,187
6NI5_single_001_density_input.pdb,3bhnA00_11.pdb,0.36,227,208
6NI5_single_001_density_input.pdb,4y1eA_5.pdb,0.298,227,171
6NI5_single_001_density_input.pdb,3cyfA00_4.pdb,0.296,227,185
6NI5_single_001_density_input.pdb,3fseA01_23.pdb,0.305,227,190
6NI5_single_001_density_input.pdb,3fseA01_26.pdb,0.296,227,190
6NI5_single_001_density_input.pdb,4y1eA_31.pdb,0.344,227,171
6NI5_single_001_density_input.pdb,4y1eA_9.pdb,0.317,227,171
6NI5_single_001_density_input.pdb,3cyfA00_16.pdb,0.308,227,185
6NI5_single_001_density_input.pdb,3cyfA00_6.pdb,0.292,227,185
6NI5_single_001_density_input.pdb,3fseA01_16.pdb,0.309,227,190
6NI5_single_001_density_input.pdb,3bhnA00_3.pdb,0.362,227,208
6NI5_single_001_density_input.pdb,4y1eA_1.pdb,0.33,227,171
6NI5_single_001_density_input.pdb,3cyfA00_29.pdb,0.302,227,185
6NI5_single_001_density_input.pdb,3uk7A01_25.pdb,0.349,227,187
6NI5_single_001_density_input.pdb,4y1eA_29.pdb,0.345,227,171
6NI5_single_001_density_input.pdb,3fseA01_30.pdb,0.328,227,190
6NI5_single_001_density_input.pdb,3cyfA00_2.pdb,0.297,227,185
6NI5_single_001_density_input.pdb,3fseA01_12.pdb,0.307,227,190
6NI5_single_001_density_input.pdb,4y1eA_28.pdb,0.292,227,171
6NI5_single_001_density_input.pdb,4xllA00_26.pdb,0.341,227,183
6NI5_single_001_density_input.pdb,4xllA00_5.pdb,0.341,227,183
6NI5_single_001_density_input.pdb,4xllA00_13.pdb,0.275,227,183
6NI5_single_001_density_input.pdb,4y1eA_22.pdb,0.324,227,171
6NI5_single_001_density_input.pdb,3fseA01_27.pdb,0.305,227,190
6NI5_single_001_density_input.pdb,3fseA01_21.pdb,0.282,227,190
6NI5_single_001_density_input.pdb,3cyfA00_14.pdb,0.321,227,185
6NI5_single_001_density_input.pdb,3bhnA00_1.pdb,0.36,227,208
6NI5_single_001_density_input.pdb,4y1eA_21.pdb,0.387,227,171
6NI5_single_001_density_input.pdb,2vrnA00_21.pdb,0.294,227,184
6NI5_single_001_density_input.pdb,2vrnA00_6.pdb,0.273,227,184
6NI5_single_001_density_input.pdb,3fseA01_25.pdb,0.296,227,190
6NI5_single_001_density_input.pdb,3fseA01_6.pdb,0.296,227,190
6NI5_single_001_density_input.pdb,4y1eA_7.pdb,0.324,227,171
6NI5_single_001_density_input.pdb,3cyfA00_12.pdb,0.321,227,185
6NI5_single_001_density_input.pdb,4k2hD00_31.pdb,0.276,227,186
6NI5_single_001_density_input.pdb,4xllA00_17.pdb,0.292,227,183
6NI5_single_001_density_input.pdb,3cyfA00_23.pdb,0.314,227,185
6NI5_single_001_density_input.pdb,3cyfA00_10.pdb,0.316,227,185
6NI5_single_001_density_input.pdb,2vrnA00_3.pdb,0.309,227,184
6NI5_single_001_density_input.pdb,3cyfA00_19.pdb,0.292,227,185
6NI5_single_001_density_input.pdb,2vrnA00_14.pdb,0.336,227,184
6NI5_single_001_density_input.pdb,3fseA01_22.pdb,0.373,227,190
6NI5_single_001_density_input.pdb,3bhnA00_16.pdb,0.366,227,208
6NI5_single_001_density_input.pdb,3bhnA00_14.pdb,0.34,227,208
6NI5_single_001_density_input.pdb,3bhnA00_25.pdb,0.318,227,208
6NI5_single_001_density_input.pdb,4xllA00_25.pdb,0.324,227,183
6NI5_single_001_density_input.pdb,4xllA00_11.pdb,0.316,227,183
6NI5_single_001_density_input.pdb,2vrnA00_11.pdb,0.298,227,184
6NI5_single_001_density_input.pdb,3fseA01_0.pdb,0.282,227,190
6NI5_single_001_density_input.pdb,3bhnA00_24.pdb,0.345,227,208
6NI5_single_001_density_input.pdb,3bhnA00_17.pdb,0.306,227,208
6NI5_single_001_density_input.pdb,3bhnA00_22.pdb,0.393,227,208
6NI5_single_001_density_input.pdb,4xllA00_24.pdb,0.324,227,183
6NI5_single_001_density_input.pdb,3bhnA00_7.pdb,0.293,227,208
6NI5_single_001_density_input.pdb,4xllA00_9.pdb,0.314,227,183
6NI5_single_001_density_input.pdb,4xllA00_8.pdb,0.284,227,183
6NI5_single_001_density_input.pdb,3bhnA00_23.pdb,0.294,227,208
6NI5_single_001_density_input.pdb,3bhnA00_30.pdb,0.389,227,208
6NI5_single_001_density_input.pdb,3bhnA00_0.pdb,0.382,227,208
6NI5_single_001_density_input.pdb,3bhnA00_13.pdb,0.315,227,208
6NI5_single_001_density_input.pdb,3bhnA00_2.pdb,0.324,227,208
6NI5_single_001_density_input.pdb,3bhnA00_29.pdb,0.397,227,208
6NI5_single_001_density_input.pdb,3bhnA00_20.pdb,0.318,227,208
6NI5_single_001_density_input.pdb,3bhnA00_6.pdb,0.361,227,208
6NI5_single_001_density_input.pdb,2vrnA00_12.pdb,0.31,227,184
6NI5_single_001_density_input.pdb,3bhnA00_26.pdb,0.324,227,208
6NI5_single_001_density_input.pdb,3bhnA00_28.pdb,0.362,227,208
6NI5_single_001_density_input.pdb,3fseA01_28.pdb,0.298,227,190
6NI5_single_001_density_input.pdb,3bhnA00_21.pdb,0.379,227,208
6NI5_single_001_density_input.pdb,3bhnA00_19.pdb,0.379,227,208
6NI5_single_001_density_input.pdb,3bhnA00_27.pdb,0.287,227,208
6NI5_single_001_density_input.pdb,3bhnA00_5.pdb,0.418,227,208
6NI5_single_001_density_input.pdb,3bhnA00_18.pdb,0.37,227,208
7P6M_single_001_density_input.pdb,132lA00_13.pdb,0.601,130,124
7P6M_single_001_density_input.pdb,132lA00_9.pdb,0.592,130,124
7P6M_single_001_density_input.pdb,132lA00_30.pdb,0.584,130,124
7P6M_single_001_density_input.pdb,132lA00_21.pdb,0.584,130,124
7P6M_single_001_density_input.pdb,132lA00_5.pdb,0.584,130,124
7P6M_single_001_density_input.pdb,132lA00_19.pdb,0.576,130,124
7P6M_single_001_density_input.pdb,132lA00_12.pdb,0.576,130,124
7P6M_single_001_density_input.pdb,132lA00_22.pdb,0.576,130,124
7P6M_single_001_density_input.pdb,132lA00_1.pdb,0.577,130,124
7P6M_single_001_density_input.pdb,132lA00_24.pdb,0.56,130,124
7P6M_single_001_density_input.pdb,132lA00_28.pdb,0.56,130,124
7P6M_single_001_density_input.pdb,132lA00_7.pdb,0.577,130,124
7P6M_single_001_density_input.pdb,132lA00_2.pdb,0.56,130,124
7P6M_single_001_density_input.pdb,132lA00_16.pdb,0.568,130,124
7P6M_single_001_density_input.pdb,132lA00_18.pdb,0.56,130,124
7P6M_single_001_density_input.pdb,132lA00_17.pdb,0.576,130,124
7P6M_single_001_density_input.pdb,132lA00_15.pdb,0.568,130,124
7P6M_single_001_density_input.pdb,132lA00_6.pdb,0.56,130,124
7P6M_single_001_density_input.pdb,132lA00_8.pdb,0.544,130,124
7P6M_single_001_density_input.pdb,132lA00_4.pdb,0.568,130,124
7P6M_single_001_density_input.pdb,132lA00_20.pdb,0.544,130,124
7P6M_single_001_density_input.pdb,132lA00_26.pdb,0.569,130,124
7P6M_single_001_density_input.pdb,132lA00_10.pdb,0.577,130,124
7P6M_single_001_density_input.pdb,132lA00_0.pdb,0.569,130,124
7P6M_single_001_density_input.pdb,132lA00_29.pdb,0.56,130,124
7P6M_single_001_density_input.pdb,132lA00_14.pdb,0.544,130,124
7P6M_single_001_density_input.pdb,132lA00_31.pdb,0.552,130,124
7P6M_single_001_density_input.pdb,132lA00_25.pdb,0.528,130,124
7P6M_single_001_density_input.pdb,132lA00_27.pdb,0.528,130,124
7P6M_single_001_density_input.pdb,132lA00_23.pdb,0.555,130,124
7P6M_single_001_density_input.pdb,132lA00_11.pdb,0.536,130,124
7P6M_single_001_density_input.pdb,132lA00_3.pdb,0.52,130,124
7P6M_single_001_density_input.pdb,1hfxA00_15.pdb,0.385,130,123
7P6M_single_001_density_input.pdb,1hfxA00_21.pdb,0.379,130,123
7P6M_single_001_density_input.pdb,1hfxA00_28.pdb,0.417,130,123
7P6M_single_001_density_input.pdb,1hfxA00_26.pdb,0.36,130,123
7P6M_single_001_density_input.pdb,1hfxA00_4.pdb,0.405,130,123
7P6M_single_001_density_input.pdb,1hfxA00_16.pdb,0.369,130,123
7P6M_single_001_density_input.pdb,1hfxA00_8.pdb,0.36,130,123
7P6M_single_001_density_input.pdb,1hfxA00_0.pdb,0.396,130,123
7P6M_single_001_density_input.pdb,1hfxA00_11.pdb,0.378,130,123
7P6M_single_001_density_input.pdb,1hfxA00_2.pdb,0.369,130,123
7P6M_single_001_density_input.pdb,1hfxA00_22.pdb,0.378,130,123
7P6M_single_001_density_input.pdb,1hfxA00_12.pdb,0.336,130,123
7P6M_single_001_density_input.pdb,1hfxA00_14.pdb,0.344,130,123
7P6M_single_001_density_input.pdb,1hfxA00_31.pdb,0.378,130,123
7P6M_single_001_density_input.pdb,3zvqA00_28.pdb,0.514,130,70
7P6M_single_001_density_input.pdb,1hfxA00_27.pdb,0.352,130,123
7P6M_single_001_density_input.pdb,1iizA00_25.pdb,0.354,130,120
7P6M_single_001_density_input.pdb,1iizA00_28.pdb,0.373,130,120
7P6M_single_001_density_input.pdb,1hfxA00_25.pdb,0.372,130,123
7P6M_single_001_density_input.pdb,1iizA00_21.pdb,0.349,130,120
7P6M_single_001_density_input.pdb,1iizA00_22.pdb,0.356,130,120
7P6M_single_001_density_input.pdb,1hfxA00_29.pdb,0.354,130,123
7P6M_single_001_density_input.pdb,1hfxA00_7.pdb,0.336,130,123
7P6M_single_001_density_input.pdb,1iizA00_29.pdb,0.344,130,120
7P6M_single_001_density_input.pdb,1hfxA00_6.pdb,0.375,130,123
7P6M_single_001_density_input.pdb,1hfxA00_9.pdb,0.352,130,123
7P6M_single_001_density_input.pdb,1iizA00_26.pdb,0.41,130,120
7P6M_single_001_density_input.pdb,1hfxA00_10.pdb,0.327,130,123
7P6M_single_001_density_input.pdb,3zvqA00_7.pdb,0.515,130,70
7P6M_single_001_density_input.pdb,3zvqA00_14.pdb,0.515,130,70
7P6M_single_001_density_input.pdb,1hfxA00_18.pdb,0.36,130,123
7P6M_single_001_density_input.pdb,1hfxA00_13.pdb,0.336,130,123
7P6M_single_001_density_input.pdb,1hfxA00_20.pdb,0.369,130,123
7P6M_single_001_density_input.pdb,1iizA00_15.pdb,0.349,130,120
7P6M_single_001_density_input.pdb,3zvqA00_5.pdb,0.471,130,70
7P6M_single_001_density_input.pdb,1iizA00_18.pdb,0.351,130,120
7P6M_single_001_density_input.pdb,1iizA00_12.pdb,0.338,130,120
7P6M_single_001_density_input.pdb,1iizA00_6.pdb,0.365,130,120
7P6M_single_001_density_input.pdb,1iizA00_0.pdb,0.341,130,120
7P6M_single_001_density_input.pdb,1iizA00_13.pdb,0.333,130,120
7P6M_single_001_density_input.pdb,1iizA00_14.pdb,0.341,130,120
7P6M_single_001_density_input.pdb,1iizA00_31.pdb,0.404,130,120
7P6M_single_001_density_input.pdb,1iizA00_8.pdb,0.408,130,120
7P6M_single_001_density_input.pdb,1hfxA00_30.pdb,0.336,130,123
7P6M_single_001_density_input.pdb,1iizA00_11.pdb,0.341,130,120
7P6M_single_001_density_input.pdb,1iizA00_3.pdb,0.347,130,120
7P6M_single_001_density_input.pdb,1iizA00_19.pdb,0.33,130,120
7P6M_single_001_density_input.pdb,1iizA00_24.pdb,0.354,130,120
7P6M_single_001_density_input.pdb,1iizA00_7.pdb,0.347,130,120
7P6M_single_001_density_input.pdb,1hfxA00_19.pdb,0.35,130,123
7P6M_single_001_density_input.pdb,1hfxA00_24.pdb,0.362,130,123
7P6M_single_001_density_input.pdb,1iizA00_17.pdb,0.404,130,120
7P6M_single_001_density_input.pdb,1iizA00_30.pdb,0.383,130,120
7P6M_single_001_density_input.pdb,1iizA00_4.pdb,0.356,130,120
7P6M_single_001_density_input.pdb,1hfxA00_5.pdb,0.318,130,123
7P6M_single_001_density_input.pdb,3zvqA00_19.pdb,0.492,130,70
7P6M_single_001_density_input.pdb,1iizA00_10.pdb,0.362,130,120
7P6M_single_001_density_input.pdb,1iizA00_9.pdb,0.347,130,120
7P6M_single_001_density_input.pdb,1hfxA00_1.pdb,0.357,130,123
7P6M_single_001_density_input.pdb,3zvqA00_3.pdb,0.463,130,70
7P6M_single_001_density_input.pdb,3zvqA00_2.pdb,0.457,130,70
7P6M_single_001_density_input.pdb,1hfxA00_23.pdb,0.368,130,123
7P6M_single_001_density_input.pdb,3zvqA00_6.pdb,0.47,130,70
7P6M_single_001_density_input.pdb,1iizA00_1.pdb,0.33,130,120
7P6M_single_001_density_input.pdb,1iizA00_27.pdb,0.37,130,120
7P6M_single_001_density_input.pdb,3zvqA00_20.pdb,0.468,130,70
7P6M_single_001_density_input.pdb,1hfxA00_17.pdb,0.336,130,123
7P6M_single_001_density_input.pdb,1hfxA00_3.pdb,0.323,130,123
7P6M_single_001_density_input.pdb,1iizA00_23.pdb,0.363,130,120
7P6M_single_001_density_input.pdb,1iizA00_20.pdb,0.339,130,120
7P6M_single_001_density_input.pdb,3zvqA00_24.pdb,0.454,130,70
7P6M_single_001_density_input.pdb,3zvqA00_8.pdb,0.442,130,70
7P6M_single_001_density_input.pdb,1iizA00_16.pdb,0.333,130,120
7P6M_single_001_density_input.pdb,3zvqA00_31.pdb,0.457,130,70
7P6M_single_001_density_input.pdb,1iizA00_5.pdb,0.367,130,120
7P6M_single_001_density_input.pdb,3zvqA00_4.pdb,0.469,130,70
7P6M_single_001_density_input.pdb,3zvqA00_9.pdb,0.428,130,70
7P6M_single_001_density_input.pdb,3zvqA00_30.pdb,0.476,130,70
7P6M_single_001_density_input.pdb,3zvqA00_16.pdb,0.442,130,70
7P6M_single_001_density_input.pdb,3zvqA00_1.pdb,0.476,130,70
7P6M_single_001_density_input.pdb,3zvqA00_15.pdb,0.468,130,70
7P6M_single_001_density_input.pdb,3zvqA00_10.pdb,0.468,130,70
7P6M_single_001_density_input.pdb,3zvqA00_0.pdb,0.428,130,70
7P6M_single_001_density_input.pdb,3zvqA00_29.pdb,0.453,130,70
7P6M_single_001_density_input.pdb,3zvqA00_23.pdb,0.428,130,70
7P6M_single_001_density_input.pdb,3zvqA00_12.pdb,0.434,130,70
7P6M_single_001_density_input.pdb,3zvqA00_27.pdb,0.414,130,70
7P6M_single_001_density_input.pdb,3zvqB_23.pdb,0.454,130,58
7P6M_single_001_density_input.pdb,3zvqB_23_reres.pdb,0.454,130,58
7P6M_single_001_density_input.pdb,3zvqB_12.pdb,0.482,130,58
7P6M_single_001_density_input.pdb,3zvqB_12_reres.pdb,0.482,130,58
7P6M_single_001_density_input.pdb,3zvqB_21.pdb,0.421,130,58
7P6M_single_001_density_input.pdb,3zvqB_21_reres.pdb,0.421,130,58
7P6M_single_001_density_input.pdb,3zvqA00_11.pdb,0.444,130,69
7P6M_single_001_density_input.pdb,3zvqA00_21.pdb,0.428,130,70
7P6M_single_001_density_input.pdb,3zvqA00_17.pdb,0.424,130,70
7P6M_single_001_density_input.pdb,3zvqA00_25.pdb,0.412,130,70
7P6M_single_001_density_input.pdb,3zvqB_0.pdb,0.428,130,58
7P6M_single_001_density_input.pdb,3zvqB_0_reres.pdb,0.428,130,58
7P6M_single_001_density_input.pdb,3zvqB_9.pdb,0.362,130,58
7P6M_single_001_density_input.pdb,3zvqB_9_reres.pdb,0.362,130,58
7P6M_single_001_density_input.pdb,3zvqB_7.pdb,0.377,130,58
7P6M_single_001_density_input.pdb,3zvqB_7_reres.pdb,0.377,130,58
7P6M_single_001_density_input.pdb,3zvqB_31.pdb,0.35,130,58
7P6M_single_001_density_input.pdb,3zvqB_31_reres.pdb,0.35,130,58
7P6M_single_001_density_input.pdb,3zvqB_1_reres.pdb,0.357,130,58
7P6M_single_001_density_input.pdb,3zvqB_1.pdb,0.357,130,58
7P6M_single_001_density_input.pdb,3zvqB_10.pdb,0.375,130,58
7P6M_single_001_density_input.pdb,3zvqB_10_reres.pdb,0.375,130,58
7P6M_single_001_density_input.pdb,3zvqB_18.pdb,0.375,130,58
7P6M_single_001_density_input.pdb,3zvqB_18_reres.pdb,0.375,130,58
7P6M_single_001_density_input.pdb,3zvqB_8.pdb,0.392,130,58
7P6M_single_001_density_input.pdb,3zvqB_22.pdb,0.375,130,58
7P6M_single_001_density_input.pdb,3zvqB_8_reres.pdb,0.392,130,58
7P6M_single_001_density_input.pdb,3zvqB_22_reres.pdb,0.375,130,58
7P6M_single_001_density_input.pdb,3zvqB_30.pdb,0.357,130,58
7P6M_single_001_density_input.pdb,3zvqB_30_reres.pdb,0.357,130,58
2I6H_single_001_density_input.pdb,2i6hA02_0.pdb,0.494,174,96
2I6H_single_001_density_input.pdb,2i6hA02_12.pdb,0.468,174,96
2I6H_single_001_density_input.pdb,2i6hA02_15.pdb,0.473,174,96
2I6H_single_001_density_input.pdb,2i6hA02_21.pdb,0.505,174,96
2I6H_single_001_density_input.pdb,2i6hA02_11.pdb,0.517,174,96
2I6H_single_001_density_input.pdb,2i6hA02_27.pdb,0.505,174,96
2I6H_single_001_density_input.pdb,2i6hA02_9.pdb,0.505,174,96
2I6H_single_001_density_input.pdb,2i6hA02_30.pdb,0.482,174,96
2I6H_single_001_density_input.pdb,2i6hA02_10.pdb,0.448,174,96
2I6H_single_001_density_input.pdb,2i6hA02_25.pdb,0.482,174,96
2I6H_single_001_density_input.pdb,2i6hA02_31.pdb,0.471,174,96
2I6H_single_001_density_input.pdb,2i6hA02_2.pdb,0.425,174,96
2I6H_single_001_density_input.pdb,2i6hA02_19.pdb,0.471,174,96
2I6H_single_001_density_input.pdb,2i6hA02_7.pdb,0.471,174,96
2I6H_single_001_density_input.pdb,2i6hA02_6.pdb,0.459,174,96
2I6H_single_001_density_input.pdb,2i6hA02_22.pdb,0.494,174,96
2I6H_single_001_density_input.pdb,2i6hA01_20.pdb,0.485,174,79
2I6H_single_001_density_input.pdb,2i6hA01_8.pdb,0.521,174,79
2I6H_single_001_density_input.pdb,2i6hA02_23.pdb,0.505,174,96
2I6H_single_001_density_input.pdb,2i6hA02_14.pdb,0.494,174,96
2I6H_single_001_density_input.pdb,2i6hA02_17.pdb,0.471,174,96
2I6H_single_001_density_input.pdb,2i6hA02_26.pdb,0.471,174,96
2I6H_single_001_density_input.pdb,2i6hA01_13.pdb,0.485,174,79
2I6H_single_001_density_input.pdb,2i6hA02_4.pdb,0.448,174,96
2I6H_single_001_density_input.pdb,2i6hA01_9.pdb,0.542,174,79
2I6H_single_001_density_input.pdb,2i6hA02_13.pdb,0.471,174,96
2I6H_single_001_density_input.pdb,2i6hA01_27.pdb,0.507,174,79
2I6H_single_001_density_input.pdb,2i6hA01_10.pdb,0.464,174,79
2I6H_single_001_density_input.pdb,2i6hA01_5.pdb,0.528,174,79
2I6H_single_001_density_input.pdb,2i6hA02_3.pdb,0.452,174,96
2I6H_single_001_density_input.pdb,2i6hA01_26.pdb,0.514,174,79
2I6H_single_001_density_input.pdb,2i6hA02_1.pdb,0.436,174,96
2I6H_single_001_density_input.pdb,2i6hA01_4.pdb,0.471,174,79
2I6H_single_001_density_input.pdb,2i6hA02_20.pdb,0.459,174,96
2I6H_single_001_density_input.pdb,2i6hA01_7.pdb,0.485,174,79
2I6H_single_001_density_input.pdb,2i6hA02_24.pdb,0.436,174,96
2I6H_single_001_density_input.pdb,2i6hA02_28.pdb,0.436,174,96
2I6H_single_001_density_input.pdb,2i6hA01_16.pdb,0.457,174,79
2I6H_single_001_density_input.pdb,2i6hA02_18.pdb,0.459,174,96
2I6H_single_001_density_input.pdb,2i6hA01_2.pdb,0.478,174,79
2I6H_single_001_density_input.pdb,2i6hA02_5.pdb,0.425,174,96
2I6H_single_001_density_input.pdb,2i6hA01_21.pdb,0.492,174,79
2I6H_single_001_density_input.pdb,2i6hA01_28.pdb,0.422,174,79
2I6H_single_001_density_input.pdb,2i6hA01_0.pdb,0.485,174,79
2I6H_single_001_density_input.pdb,2i6hA01_29.pdb,0.464,174,79
2I6H_single_001_density_input.pdb,2i6hA01_11.pdb,0.442,174,79
2I6H_single_001_density_input.pdb,2i6hA02_29.pdb,0.426,174,96
2I6H_single_001_density_input.pdb,2i6hA01_22.pdb,0.442,174,79
2I6H_single_001_density_input.pdb,2i6hA01_24.pdb,0.5,174,79
2I6H_single_001_density_input.pdb,2i6hA02_8.pdb,0.444,174,96
2I6H_single_001_density_input.pdb,2i6hA02_16.pdb,0.413,174,96
2I6H_single_001_density_input.pdb,2i6hA01_25.pdb,0.432,174,79
2I6H_single_001_density_input.pdb,2i6hA01_23.pdb,0.442,174,79
2I6H_single_001_density_input.pdb,2i6hA01_19.pdb,0.447,174,79
2I6H_single_001_density_input.pdb,2i6hA01_31.pdb,0.442,174,79
2I6H_single_001_density_input.pdb,2i6hA01_6.pdb,0.45,174,79
2I6H_single_001_density_input.pdb,2i6hA01_18.pdb,0.4,174,79
2I6H_single_001_density_input.pdb,2i6hA01_30.pdb,0.414,174,79
2I6H_single_001_density_input.pdb,2i6hA01_17.pdb,0.447,174,79
2I6H_single_001_density_input.pdb,2i6hA01_12.pdb,0.385,174,79
2I6H_single_001_density_input.pdb,2i6hA01_14.pdb,0.371,174,79
2I6H_single_001_density_input.pdb,2i6hA01_15.pdb,0.385,174,79
2I6H_single_001_density_input.pdb,2i6hA01_3.pdb,0.471,174,79
2I6H_single_001_density_input.pdb,2i6hA01_1.pdb,0.385,174,79
