2026-03-27 16:38:13,316 [INFO] Found rosetta database at: /wynton/home/rotation/jqmo/.conda/envs/mcsce/lib/python3.7/site-packages/pyrosetta/database; using it....
2026-03-27 16:38:13,317 [INFO] ┌──────────────────────────────────────────────────────────────────────────────┐
│                                 PyRosetta-4                                  │
│              Created in JHU by Sergey Lyskov and PyRosetta Team              │
│              (C) Copyright Rosetta Commons Member Institutions               │
│                                                                              │
│ NOTE: USE OF PyRosetta FOR COMMERCIAL PURPOSES REQUIRE PURCHASE OF A LICENSE │
│         See LICENSE.PyRosetta.md or email license@uw.edu for details         │
└──────────────────────────────────────────────────────────────────────────────┘
PyRosetta-4 2024 [Rosetta PyRosetta4.conda.linux.cxx11thread.serialization.CentOS.python37.Release 2024.39+release.59628fbc5bc09f1221e1642f1f8d157ce49b1410 2024-09-23T07:49:48] retrieved from: http://www.pyrosetta.org
2026-03-27 16:38:13,346 [INFO] Found rosetta database at: /wynton/home/rotation/jqmo/.conda/envs/mcsce/lib/python3.7/site-packages/pyrosetta/database; using it....
2026-03-27 16:38:13,347 [INFO] ┌──────────────────────────────────────────────────────────────────────────────┐
│                                 PyRosetta-4                                  │
│              Created in JHU by Sergey Lyskov and PyRosetta Team              │
│              (C) Copyright Rosetta Commons Member Institutions               │
│                                                                              │
│ NOTE: USE OF PyRosetta FOR COMMERCIAL PURPOSES REQUIRE PURCHASE OF A LICENSE │
│         See LICENSE.PyRosetta.md or email license@uw.edu for details         │
└──────────────────────────────────────────────────────────────────────────────┘
PyRosetta-4 2024 [Rosetta PyRosetta4.conda.linux.cxx11thread.serialization.CentOS.python37.Release 2024.39+release.59628fbc5bc09f1221e1642f1f8d157ce49b1410 2024-09-23T07:49:48] retrieved from: http://www.pyrosetta.org
2026-03-27 16:38:13,415 [INFO] Found rosetta database at: /wynton/home/rotation/jqmo/.conda/envs/mcsce/lib/python3.7/site-packages/pyrosetta/database; using it....
2026-03-27 16:38:13,416 [INFO] ┌──────────────────────────────────────────────────────────────────────────────┐
│                                 PyRosetta-4                                  │
│              Created in JHU by Sergey Lyskov and PyRosetta Team              │
│              (C) Copyright Rosetta Commons Member Institutions               │
│                                                                              │
│ NOTE: USE OF PyRosetta FOR COMMERCIAL PURPOSES REQUIRE PURCHASE OF A LICENSE │
│         See LICENSE.PyRosetta.md or email license@uw.edu for details         │
└──────────────────────────────────────────────────────────────────────────────┘
PyRosetta-4 2024 [Rosetta PyRosetta4.conda.linux.cxx11thread.serialization.CentOS.python37.Release 2024.39+release.59628fbc5bc09f1221e1642f1f8d157ce49b1410 2024-09-23T07:49:48] retrieved from: http://www.pyrosetta.org
2026-03-27 16:38:13,656 [INFO] Found rosetta database at: /wynton/home/rotation/jqmo/.conda/envs/mcsce/lib/python3.7/site-packages/pyrosetta/database; using it....
2026-03-27 16:38:13,657 [INFO] ┌──────────────────────────────────────────────────────────────────────────────┐
│                                 PyRosetta-4                                  │
│              Created in JHU by Sergey Lyskov and PyRosetta Team              │
│              (C) Copyright Rosetta Commons Member Institutions               │
│                                                                              │
│ NOTE: USE OF PyRosetta FOR COMMERCIAL PURPOSES REQUIRE PURCHASE OF A LICENSE │
│         See LICENSE.PyRosetta.md or email license@uw.edu for details         │
└──────────────────────────────────────────────────────────────────────────────┘
PyRosetta-4 2024 [Rosetta PyRosetta4.conda.linux.cxx11thread.serialization.CentOS.python37.Release 2024.39+release.59628fbc5bc09f1221e1642f1f8d157ce49b1410 2024-09-23T07:49:48] retrieved from: http://www.pyrosetta.org
2026-03-27 16:38:13,711 [INFO] Found rosetta database at: /wynton/home/rotation/jqmo/.conda/envs/mcsce/lib/python3.7/site-packages/pyrosetta/database; using it....
2026-03-27 16:38:13,712 [INFO] ┌──────────────────────────────────────────────────────────────────────────────┐
│                                 PyRosetta-4                                  │
│              Created in JHU by Sergey Lyskov and PyRosetta Team              │
│              (C) Copyright Rosetta Commons Member Institutions               │
│                                                                              │
│ NOTE: USE OF PyRosetta FOR COMMERCIAL PURPOSES REQUIRE PURCHASE OF A LICENSE │
│         See LICENSE.PyRosetta.md or email license@uw.edu for details         │
└──────────────────────────────────────────────────────────────────────────────┘
PyRosetta-4 2024 [Rosetta PyRosetta4.conda.linux.cxx11thread.serialization.CentOS.python37.Release 2024.39+release.59628fbc5bc09f1221e1642f1f8d157ce49b1410 2024-09-23T07:49:48] retrieved from: http://www.pyrosetta.org
2026-03-27 16:38:13,716 [INFO] Found rosetta database at: /wynton/home/rotation/jqmo/.conda/envs/mcsce/lib/python3.7/site-packages/pyrosetta/database; using it....
2026-03-27 16:38:13,716 [INFO] Found rosetta database at: /wynton/home/rotation/jqmo/.conda/envs/mcsce/lib/python3.7/site-packages/pyrosetta/database; using it....
2026-03-27 16:38:13,717 [INFO] ┌──────────────────────────────────────────────────────────────────────────────┐
│                                 PyRosetta-4                                  │
│              Created in JHU by Sergey Lyskov and PyRosetta Team              │
│              (C) Copyright Rosetta Commons Member Institutions               │
│                                                                              │
│ NOTE: USE OF PyRosetta FOR COMMERCIAL PURPOSES REQUIRE PURCHASE OF A LICENSE │
│         See LICENSE.PyRosetta.md or email license@uw.edu for details         │
└──────────────────────────────────────────────────────────────────────────────┘
PyRosetta-4 2024 [Rosetta PyRosetta4.conda.linux.cxx11thread.serialization.CentOS.python37.Release 2024.39+release.59628fbc5bc09f1221e1642f1f8d157ce49b1410 2024-09-23T07:49:48] retrieved from: http://www.pyrosetta.org
2026-03-27 16:38:13,718 [INFO] ┌──────────────────────────────────────────────────────────────────────────────┐
│                                 PyRosetta-4                                  │
│              Created in JHU by Sergey Lyskov and PyRosetta Team              │
│              (C) Copyright Rosetta Commons Member Institutions               │
│                                                                              │
│ NOTE: USE OF PyRosetta FOR COMMERCIAL PURPOSES REQUIRE PURCHASE OF A LICENSE │
│         See LICENSE.PyRosetta.md or email license@uw.edu for details         │
└──────────────────────────────────────────────────────────────────────────────┘
PyRosetta-4 2024 [Rosetta PyRosetta4.conda.linux.cxx11thread.serialization.CentOS.python37.Release 2024.39+release.59628fbc5bc09f1221e1642f1f8d157ce49b1410 2024-09-23T07:49:48] retrieved from: http://www.pyrosetta.org
2026-03-27 16:38:13,735 [INFO] Found rosetta database at: /wynton/home/rotation/jqmo/.conda/envs/mcsce/lib/python3.7/site-packages/pyrosetta/database; using it....
2026-03-27 16:38:13,736 [INFO] ┌──────────────────────────────────────────────────────────────────────────────┐
│                                 PyRosetta-4                                  │
│              Created in JHU by Sergey Lyskov and PyRosetta Team              │
│              (C) Copyright Rosetta Commons Member Institutions               │
│                                                                              │
│ NOTE: USE OF PyRosetta FOR COMMERCIAL PURPOSES REQUIRE PURCHASE OF A LICENSE │
│         See LICENSE.PyRosetta.md or email license@uw.edu for details         │
└──────────────────────────────────────────────────────────────────────────────┘
PyRosetta-4 2024 [Rosetta PyRosetta4.conda.linux.cxx11thread.serialization.CentOS.python37.Release 2024.39+release.59628fbc5bc09f1221e1642f1f8d157ce49b1410 2024-09-23T07:49:48] retrieved from: http://www.pyrosetta.org
2026-03-27 16:38:13,741 [INFO] Found rosetta database at: /wynton/home/rotation/jqmo/.conda/envs/mcsce/lib/python3.7/site-packages/pyrosetta/database; using it....
2026-03-27 16:38:13,742 [INFO] ┌──────────────────────────────────────────────────────────────────────────────┐
│                                 PyRosetta-4                                  │
│              Created in JHU by Sergey Lyskov and PyRosetta Team              │
│              (C) Copyright Rosetta Commons Member Institutions               │
│                                                                              │
│ NOTE: USE OF PyRosetta FOR COMMERCIAL PURPOSES REQUIRE PURCHASE OF A LICENSE │
│         See LICENSE.PyRosetta.md or email license@uw.edu for details         │
└──────────────────────────────────────────────────────────────────────────────┘
PyRosetta-4 2024 [Rosetta PyRosetta4.conda.linux.cxx11thread.serialization.CentOS.python37.Release 2024.39+release.59628fbc5bc09f1221e1642f1f8d157ce49b1410 2024-09-23T07:49:48] retrieved from: http://www.pyrosetta.org
2026-03-27 16:38:13,743 [INFO] Found rosetta database at: /wynton/home/rotation/jqmo/.conda/envs/mcsce/lib/python3.7/site-packages/pyrosetta/database; using it....
2026-03-27 16:38:13,744 [INFO] ┌──────────────────────────────────────────────────────────────────────────────┐
│                                 PyRosetta-4                                  │
│              Created in JHU by Sergey Lyskov and PyRosetta Team              │
│              (C) Copyright Rosetta Commons Member Institutions               │
│                                                                              │
│ NOTE: USE OF PyRosetta FOR COMMERCIAL PURPOSES REQUIRE PURCHASE OF A LICENSE │
│         See LICENSE.PyRosetta.md or email license@uw.edu for details         │
└──────────────────────────────────────────────────────────────────────────────┘
PyRosetta-4 2024 [Rosetta PyRosetta4.conda.linux.cxx11thread.serialization.CentOS.python37.Release 2024.39+release.59628fbc5bc09f1221e1642f1f8d157ce49b1410 2024-09-23T07:49:48] retrieved from: http://www.pyrosetta.org
2026-03-27 16:38:13,912 [INFO] Found rosetta database at: /wynton/home/rotation/jqmo/.conda/envs/mcsce/lib/python3.7/site-packages/pyrosetta/database; using it....
2026-03-27 16:38:13,913 [INFO] ┌──────────────────────────────────────────────────────────────────────────────┐
│                                 PyRosetta-4                                  │
│              Created in JHU by Sergey Lyskov and PyRosetta Team              │
│              (C) Copyright Rosetta Commons Member Institutions               │
│                                                                              │
│ NOTE: USE OF PyRosetta FOR COMMERCIAL PURPOSES REQUIRE PURCHASE OF A LICENSE │
│         See LICENSE.PyRosetta.md or email license@uw.edu for details         │
└──────────────────────────────────────────────────────────────────────────────┘
PyRosetta-4 2024 [Rosetta PyRosetta4.conda.linux.cxx11thread.serialization.CentOS.python37.Release 2024.39+release.59628fbc5bc09f1221e1642f1f8d157ce49b1410 2024-09-23T07:49:48] retrieved from: http://www.pyrosetta.org
2026-03-27 16:38:13,915 [INFO] Found rosetta database at: /wynton/home/rotation/jqmo/.conda/envs/mcsce/lib/python3.7/site-packages/pyrosetta/database; using it....
2026-03-27 16:38:13,915 [INFO] Found rosetta database at: /wynton/home/rotation/jqmo/.conda/envs/mcsce/lib/python3.7/site-packages/pyrosetta/database; using it....
2026-03-27 16:38:13,916 [INFO] ┌──────────────────────────────────────────────────────────────────────────────┐
│                                 PyRosetta-4                                  │
│              Created in JHU by Sergey Lyskov and PyRosetta Team              │
│              (C) Copyright Rosetta Commons Member Institutions               │
│                                                                              │
│ NOTE: USE OF PyRosetta FOR COMMERCIAL PURPOSES REQUIRE PURCHASE OF A LICENSE │
│         See LICENSE.PyRosetta.md or email license@uw.edu for details         │
└──────────────────────────────────────────────────────────────────────────────┘
PyRosetta-4 2024 [Rosetta PyRosetta4.conda.linux.cxx11thread.serialization.CentOS.python37.Release 2024.39+release.59628fbc5bc09f1221e1642f1f8d157ce49b1410 2024-09-23T07:49:48] retrieved from: http://www.pyrosetta.org
2026-03-27 16:38:13,916 [INFO] ┌──────────────────────────────────────────────────────────────────────────────┐
│                                 PyRosetta-4                                  │
│              Created in JHU by Sergey Lyskov and PyRosetta Team              │
│              (C) Copyright Rosetta Commons Member Institutions               │
│                                                                              │
│ NOTE: USE OF PyRosetta FOR COMMERCIAL PURPOSES REQUIRE PURCHASE OF A LICENSE │
│         See LICENSE.PyRosetta.md or email license@uw.edu for details         │
└──────────────────────────────────────────────────────────────────────────────┘
PyRosetta-4 2024 [Rosetta PyRosetta4.conda.linux.cxx11thread.serialization.CentOS.python37.Release 2024.39+release.59628fbc5bc09f1221e1642f1f8d157ce49b1410 2024-09-23T07:49:48] retrieved from: http://www.pyrosetta.org
2026-03-27 16:38:13,917 [INFO] Found rosetta database at: /wynton/home/rotation/jqmo/.conda/envs/mcsce/lib/python3.7/site-packages/pyrosetta/database; using it....
2026-03-27 16:38:13,919 [INFO] ┌──────────────────────────────────────────────────────────────────────────────┐
│                                 PyRosetta-4                                  │
│              Created in JHU by Sergey Lyskov and PyRosetta Team              │
│              (C) Copyright Rosetta Commons Member Institutions               │
│                                                                              │
│ NOTE: USE OF PyRosetta FOR COMMERCIAL PURPOSES REQUIRE PURCHASE OF A LICENSE │
│         See LICENSE.PyRosetta.md or email license@uw.edu for details         │
└──────────────────────────────────────────────────────────────────────────────┘
PyRosetta-4 2024 [Rosetta PyRosetta4.conda.linux.cxx11thread.serialization.CentOS.python37.Release 2024.39+release.59628fbc5bc09f1221e1642f1f8d157ce49b1410 2024-09-23T07:49:48] retrieved from: http://www.pyrosetta.org
2026-03-27 16:38:14,030 [INFO] Found rosetta database at: /wynton/home/rotation/jqmo/.conda/envs/mcsce/lib/python3.7/site-packages/pyrosetta/database; using it....
2026-03-27 16:38:14,031 [INFO] ┌──────────────────────────────────────────────────────────────────────────────┐
│                                 PyRosetta-4                                  │
│              Created in JHU by Sergey Lyskov and PyRosetta Team              │
│              (C) Copyright Rosetta Commons Member Institutions               │
│                                                                              │
│ NOTE: USE OF PyRosetta FOR COMMERCIAL PURPOSES REQUIRE PURCHASE OF A LICENSE │
│         See LICENSE.PyRosetta.md or email license@uw.edu for details         │
└──────────────────────────────────────────────────────────────────────────────┘
PyRosetta-4 2024 [Rosetta PyRosetta4.conda.linux.cxx11thread.serialization.CentOS.python37.Release 2024.39+release.59628fbc5bc09f1221e1642f1f8d157ce49b1410 2024-09-23T07:49:48] retrieved from: http://www.pyrosetta.org
2026-03-27 16:38:14,163 [INFO] Found rosetta database at: /wynton/home/rotation/jqmo/.conda/envs/mcsce/lib/python3.7/site-packages/pyrosetta/database; using it....
2026-03-27 16:38:14,164 [INFO] ┌──────────────────────────────────────────────────────────────────────────────┐
│                                 PyRosetta-4                                  │
│              Created in JHU by Sergey Lyskov and PyRosetta Team              │
│              (C) Copyright Rosetta Commons Member Institutions               │
│                                                                              │
│ NOTE: USE OF PyRosetta FOR COMMERCIAL PURPOSES REQUIRE PURCHASE OF A LICENSE │
│         See LICENSE.PyRosetta.md or email license@uw.edu for details         │
└──────────────────────────────────────────────────────────────────────────────┘
PyRosetta-4 2024 [Rosetta PyRosetta4.conda.linux.cxx11thread.serialization.CentOS.python37.Release 2024.39+release.59628fbc5bc09f1221e1642f1f8d157ce49b1410 2024-09-23T07:49:48] retrieved from: http://www.pyrosetta.org
2026-03-27 16:38:14,425 [INFO] Found rosetta database at: /wynton/home/rotation/jqmo/.conda/envs/mcsce/lib/python3.7/site-packages/pyrosetta/database; using it....
2026-03-27 16:38:14,426 [INFO] ┌──────────────────────────────────────────────────────────────────────────────┐
│                                 PyRosetta-4                                  │
│              Created in JHU by Sergey Lyskov and PyRosetta Team              │
│              (C) Copyright Rosetta Commons Member Institutions               │
│                                                                              │
│ NOTE: USE OF PyRosetta FOR COMMERCIAL PURPOSES REQUIRE PURCHASE OF A LICENSE │
│         See LICENSE.PyRosetta.md or email license@uw.edu for details         │
└──────────────────────────────────────────────────────────────────────────────┘
PyRosetta-4 2024 [Rosetta PyRosetta4.conda.linux.cxx11thread.serialization.CentOS.python37.Release 2024.39+release.59628fbc5bc09f1221e1642f1f8d157ce49b1410 2024-09-23T07:49:48] retrieved from: http://www.pyrosetta.org
2026-03-27 16:38:14,840 [INFO] Found rosetta database at: /wynton/home/rotation/jqmo/.conda/envs/mcsce/lib/python3.7/site-packages/pyrosetta/database; using it....
2026-03-27 16:38:14,841 [INFO] ┌──────────────────────────────────────────────────────────────────────────────┐
│                                 PyRosetta-4                                  │
│              Created in JHU by Sergey Lyskov and PyRosetta Team              │
│              (C) Copyright Rosetta Commons Member Institutions               │
│                                                                              │
│ NOTE: USE OF PyRosetta FOR COMMERCIAL PURPOSES REQUIRE PURCHASE OF A LICENSE │
│         See LICENSE.PyRosetta.md or email license@uw.edu for details         │
└──────────────────────────────────────────────────────────────────────────────┘
PyRosetta-4 2024 [Rosetta PyRosetta4.conda.linux.cxx11thread.serialization.CentOS.python37.Release 2024.39+release.59628fbc5bc09f1221e1642f1f8d157ce49b1410 2024-09-23T07:49:48] retrieved from: http://www.pyrosetta.org
2026-03-27 16:38:16,098 [INFO] Found rosetta database at: /wynton/home/rotation/jqmo/.conda/envs/mcsce/lib/python3.7/site-packages/pyrosetta/database; using it....
2026-03-27 16:38:16,098 [INFO] Found rosetta database at: /wynton/home/rotation/jqmo/.conda/envs/mcsce/lib/python3.7/site-packages/pyrosetta/database; using it....
2026-03-27 16:38:16,099 [INFO] ┌──────────────────────────────────────────────────────────────────────────────┐
│                                 PyRosetta-4                                  │
│              Created in JHU by Sergey Lyskov and PyRosetta Team              │
│              (C) Copyright Rosetta Commons Member Institutions               │
│                                                                              │
│ NOTE: USE OF PyRosetta FOR COMMERCIAL PURPOSES REQUIRE PURCHASE OF A LICENSE │
│         See LICENSE.PyRosetta.md or email license@uw.edu for details         │
└──────────────────────────────────────────────────────────────────────────────┘
PyRosetta-4 2024 [Rosetta PyRosetta4.conda.linux.cxx11thread.serialization.CentOS.python37.Release 2024.39+release.59628fbc5bc09f1221e1642f1f8d157ce49b1410 2024-09-23T07:49:48] retrieved from: http://www.pyrosetta.org
2026-03-27 16:38:16,100 [INFO] ┌──────────────────────────────────────────────────────────────────────────────┐
│                                 PyRosetta-4                                  │
│              Created in JHU by Sergey Lyskov and PyRosetta Team              │
│              (C) Copyright Rosetta Commons Member Institutions               │
│                                                                              │
│ NOTE: USE OF PyRosetta FOR COMMERCIAL PURPOSES REQUIRE PURCHASE OF A LICENSE │
│         See LICENSE.PyRosetta.md or email license@uw.edu for details         │
└──────────────────────────────────────────────────────────────────────────────┘
PyRosetta-4 2024 [Rosetta PyRosetta4.conda.linux.cxx11thread.serialization.CentOS.python37.Release 2024.39+release.59628fbc5bc09f1221e1642f1f8d157ce49b1410 2024-09-23T07:49:48] retrieved from: http://www.pyrosetta.org
2026-03-27 16:38:16,100 [INFO] Found rosetta database at: /wynton/home/rotation/jqmo/.conda/envs/mcsce/lib/python3.7/site-packages/pyrosetta/database; using it....
2026-03-27 16:38:16,103 [INFO] ┌──────────────────────────────────────────────────────────────────────────────┐
│                                 PyRosetta-4                                  │
│              Created in JHU by Sergey Lyskov and PyRosetta Team              │
│              (C) Copyright Rosetta Commons Member Institutions               │
│                                                                              │
│ NOTE: USE OF PyRosetta FOR COMMERCIAL PURPOSES REQUIRE PURCHASE OF A LICENSE │
│         See LICENSE.PyRosetta.md or email license@uw.edu for details         │
└──────────────────────────────────────────────────────────────────────────────┘
PyRosetta-4 2024 [Rosetta PyRosetta4.conda.linux.cxx11thread.serialization.CentOS.python37.Release 2024.39+release.59628fbc5bc09f1221e1642f1f8d157ce49b1410 2024-09-23T07:49:48] retrieved from: http://www.pyrosetta.org
2026-03-27 16:38:16,103 [INFO] Found rosetta database at: /wynton/home/rotation/jqmo/.conda/envs/mcsce/lib/python3.7/site-packages/pyrosetta/database; using it....
2026-03-27 16:38:16,105 [INFO] ┌──────────────────────────────────────────────────────────────────────────────┐
│                                 PyRosetta-4                                  │
│              Created in JHU by Sergey Lyskov and PyRosetta Team              │
│              (C) Copyright Rosetta Commons Member Institutions               │
│                                                                              │
│ NOTE: USE OF PyRosetta FOR COMMERCIAL PURPOSES REQUIRE PURCHASE OF A LICENSE │
│         See LICENSE.PyRosetta.md or email license@uw.edu for details         │
└──────────────────────────────────────────────────────────────────────────────┘
PyRosetta-4 2024 [Rosetta PyRosetta4.conda.linux.cxx11thread.serialization.CentOS.python37.Release 2024.39+release.59628fbc5bc09f1221e1642f1f8d157ce49b1410 2024-09-23T07:49:48] retrieved from: http://www.pyrosetta.org
2026-03-27 16:38:16,494 [INFO] Found rosetta database at: /wynton/home/rotation/jqmo/.conda/envs/mcsce/lib/python3.7/site-packages/pyrosetta/database; using it....
2026-03-27 16:38:16,494 [INFO] Found rosetta database at: /wynton/home/rotation/jqmo/.conda/envs/mcsce/lib/python3.7/site-packages/pyrosetta/database; using it....
2026-03-27 16:38:16,494 [INFO] Found rosetta database at: /wynton/home/rotation/jqmo/.conda/envs/mcsce/lib/python3.7/site-packages/pyrosetta/database; using it....
2026-03-27 16:38:16,495 [INFO] ┌──────────────────────────────────────────────────────────────────────────────┐
│                                 PyRosetta-4                                  │
│              Created in JHU by Sergey Lyskov and PyRosetta Team              │
│              (C) Copyright Rosetta Commons Member Institutions               │
│                                                                              │
│ NOTE: USE OF PyRosetta FOR COMMERCIAL PURPOSES REQUIRE PURCHASE OF A LICENSE │
│         See LICENSE.PyRosetta.md or email license@uw.edu for details         │
└──────────────────────────────────────────────────────────────────────────────┘
PyRosetta-4 2024 [Rosetta PyRosetta4.conda.linux.cxx11thread.serialization.CentOS.python37.Release 2024.39+release.59628fbc5bc09f1221e1642f1f8d157ce49b1410 2024-09-23T07:49:48] retrieved from: http://www.pyrosetta.org
2026-03-27 16:38:16,496 [INFO] ┌──────────────────────────────────────────────────────────────────────────────┐
│                                 PyRosetta-4                                  │
│              Created in JHU by Sergey Lyskov and PyRosetta Team              │
│              (C) Copyright Rosetta Commons Member Institutions               │
│                                                                              │
│ NOTE: USE OF PyRosetta FOR COMMERCIAL PURPOSES REQUIRE PURCHASE OF A LICENSE │
│         See LICENSE.PyRosetta.md or email license@uw.edu for details         │
└──────────────────────────────────────────────────────────────────────────────┘
PyRosetta-4 2024 [Rosetta PyRosetta4.conda.linux.cxx11thread.serialization.CentOS.python37.Release 2024.39+release.59628fbc5bc09f1221e1642f1f8d157ce49b1410 2024-09-23T07:49:48] retrieved from: http://www.pyrosetta.org
2026-03-27 16:38:16,497 [INFO] ┌──────────────────────────────────────────────────────────────────────────────┐
│                                 PyRosetta-4                                  │
│              Created in JHU by Sergey Lyskov and PyRosetta Team              │
│              (C) Copyright Rosetta Commons Member Institutions               │
│                                                                              │
│ NOTE: USE OF PyRosetta FOR COMMERCIAL PURPOSES REQUIRE PURCHASE OF A LICENSE │
│         See LICENSE.PyRosetta.md or email license@uw.edu for details         │
└──────────────────────────────────────────────────────────────────────────────┘
PyRosetta-4 2024 [Rosetta PyRosetta4.conda.linux.cxx11thread.serialization.CentOS.python37.Release 2024.39+release.59628fbc5bc09f1221e1642f1f8d157ce49b1410 2024-09-23T07:49:48] retrieved from: http://www.pyrosetta.org
2026-03-27 16:38:16,499 [INFO] Found rosetta database at: /wynton/home/rotation/jqmo/.conda/envs/mcsce/lib/python3.7/site-packages/pyrosetta/database; using it....
2026-03-27 16:38:16,500 [INFO] ┌──────────────────────────────────────────────────────────────────────────────┐
│                                 PyRosetta-4                                  │
│              Created in JHU by Sergey Lyskov and PyRosetta Team              │
│              (C) Copyright Rosetta Commons Member Institutions               │
│                                                                              │
│ NOTE: USE OF PyRosetta FOR COMMERCIAL PURPOSES REQUIRE PURCHASE OF A LICENSE │
│         See LICENSE.PyRosetta.md or email license@uw.edu for details         │
└──────────────────────────────────────────────────────────────────────────────┘
PyRosetta-4 2024 [Rosetta PyRosetta4.conda.linux.cxx11thread.serialization.CentOS.python37.Release 2024.39+release.59628fbc5bc09f1221e1642f1f8d157ce49b1410 2024-09-23T07:49:48] retrieved from: http://www.pyrosetta.org
2026-03-27 16:38:16,661 [INFO] Found rosetta database at: /wynton/home/rotation/jqmo/.conda/envs/mcsce/lib/python3.7/site-packages/pyrosetta/database; using it....
2026-03-27 16:38:16,662 [INFO] ┌──────────────────────────────────────────────────────────────────────────────┐
│                                 PyRosetta-4                                  │
│              Created in JHU by Sergey Lyskov and PyRosetta Team              │
│              (C) Copyright Rosetta Commons Member Institutions               │
│                                                                              │
│ NOTE: USE OF PyRosetta FOR COMMERCIAL PURPOSES REQUIRE PURCHASE OF A LICENSE │
│         See LICENSE.PyRosetta.md or email license@uw.edu for details         │
└──────────────────────────────────────────────────────────────────────────────┘
PyRosetta-4 2024 [Rosetta PyRosetta4.conda.linux.cxx11thread.serialization.CentOS.python37.Release 2024.39+release.59628fbc5bc09f1221e1642f1f8d157ce49b1410 2024-09-23T07:49:48] retrieved from: http://www.pyrosetta.org
2026-03-27 16:38:16,674 [INFO] Found rosetta database at: /wynton/home/rotation/jqmo/.conda/envs/mcsce/lib/python3.7/site-packages/pyrosetta/database; using it....
2026-03-27 16:38:16,675 [INFO] ┌──────────────────────────────────────────────────────────────────────────────┐
│                                 PyRosetta-4                                  │
│              Created in JHU by Sergey Lyskov and PyRosetta Team              │
│              (C) Copyright Rosetta Commons Member Institutions               │
│                                                                              │
│ NOTE: USE OF PyRosetta FOR COMMERCIAL PURPOSES REQUIRE PURCHASE OF A LICENSE │
│         See LICENSE.PyRosetta.md or email license@uw.edu for details         │
└──────────────────────────────────────────────────────────────────────────────┘
PyRosetta-4 2024 [Rosetta PyRosetta4.conda.linux.cxx11thread.serialization.CentOS.python37.Release 2024.39+release.59628fbc5bc09f1221e1642f1f8d157ce49b1410 2024-09-23T07:49:48] retrieved from: http://www.pyrosetta.org
2026-03-27 16:38:16,690 [INFO] Found rosetta database at: /wynton/home/rotation/jqmo/.conda/envs/mcsce/lib/python3.7/site-packages/pyrosetta/database; using it....
2026-03-27 16:38:16,690 [INFO] Found rosetta database at: /wynton/home/rotation/jqmo/.conda/envs/mcsce/lib/python3.7/site-packages/pyrosetta/database; using it....
2026-03-27 16:38:16,691 [INFO] ┌──────────────────────────────────────────────────────────────────────────────┐
│                                 PyRosetta-4                                  │
│              Created in JHU by Sergey Lyskov and PyRosetta Team              │
│              (C) Copyright Rosetta Commons Member Institutions               │
│                                                                              │
│ NOTE: USE OF PyRosetta FOR COMMERCIAL PURPOSES REQUIRE PURCHASE OF A LICENSE │
│         See LICENSE.PyRosetta.md or email license@uw.edu for details         │
└──────────────────────────────────────────────────────────────────────────────┘
PyRosetta-4 2024 [Rosetta PyRosetta4.conda.linux.cxx11thread.serialization.CentOS.python37.Release 2024.39+release.59628fbc5bc09f1221e1642f1f8d157ce49b1410 2024-09-23T07:49:48] retrieved from: http://www.pyrosetta.org
2026-03-27 16:38:16,692 [INFO] ┌──────────────────────────────────────────────────────────────────────────────┐
│                                 PyRosetta-4                                  │
│              Created in JHU by Sergey Lyskov and PyRosetta Team              │
│              (C) Copyright Rosetta Commons Member Institutions               │
│                                                                              │
│ NOTE: USE OF PyRosetta FOR COMMERCIAL PURPOSES REQUIRE PURCHASE OF A LICENSE │
│         See LICENSE.PyRosetta.md or email license@uw.edu for details         │
└──────────────────────────────────────────────────────────────────────────────┘
PyRosetta-4 2024 [Rosetta PyRosetta4.conda.linux.cxx11thread.serialization.CentOS.python37.Release 2024.39+release.59628fbc5bc09f1221e1642f1f8d157ce49b1410 2024-09-23T07:49:48] retrieved from: http://www.pyrosetta.org
2026-03-27 16:38:17,733 [INFO] Preprocessing 1kj6A00_4: initial score 295.7
2026-03-27 16:38:17,734 [INFO] Preprocessing 3jzjA01_18: initial score 616.8
2026-03-27 16:38:17,740 [INFO] Preprocessing 1vjqA00_26: initial score 107.2
2026-03-27 16:38:18,405 [INFO]   Post-idealize: 438.3
2026-03-27 16:38:18,567 [INFO]   Post-repack: 322.4
2026-03-27 16:38:18,636 [INFO]   Post-minimize (chi only): 302.6
2026-03-27 16:38:18,802 [INFO] Preprocessing 3uk2A02_1: initial score 45.3
2026-03-27 16:38:19,056 [INFO] Preprocessing 1ui5A00_30: initial score 601.8
2026-03-27 16:38:19,066 [INFO] Preprocessing 3mkrA00_3: initial score -249.1
2026-03-27 16:38:19,152 [INFO]   Post-idealize: 293.8
2026-03-27 16:38:19,153 [INFO] Preprocessing 3uogA01_9: initial score 635.5
2026-03-27 16:38:19,246 [INFO] Preprocessing 3sreA00_30: initial score 457.3
2026-03-27 16:38:19,320 [INFO] Preprocessing 2f76X00_3_reres: initial score 1319.1
2026-03-27 16:38:19,331 [INFO] Preprocessing 2xotB01_2_reres: initial score -34.7
2026-03-27 16:38:19,365 [INFO]   Post-minimize (chi+bb): -25.6
2026-03-27 16:38:19,401 [INFO]   Preprocessed structure -> /wynton/scratch/jqmo/rotation_datasets/augmented_ingraham_cath_bugfree/mpnn_esmfold/1kj6A00_4_preproc.pdb
2026-03-27 16:38:19,461 [INFO] Preprocessing 3s3lA01_4: initial score 954.3
2026-03-27 16:38:19,463 [INFO]   Normalized atom/residue names -> /wynton/scratch/jqmo/rotation_datasets/augmented_ingraham_cath_bugfree/mpnn_esmfold/1kj6A00_4_preproc_amber.pdb
2026-03-27 16:38:19,542 [INFO]   Post-repack: 131.4
2026-03-27 16:38:19,625 [INFO]   Post-minimize (chi only): 131.3
2026-03-27 16:38:19,684 [INFO] Preprocessing 4pmnA00_16: initial score 1647.4
2026-03-27 16:38:19,726 [INFO] Preprocessing 3buxB01_22_reres: initial score 1917.3
2026-03-27 16:38:19,794 [INFO] Preprocessing 4yn3B00_6: initial score 121.3
2026-03-27 16:38:20,082 [INFO] Preprocessing 3stjA03_13: initial score 42.5
2026-03-27 16:38:20,523 [INFO] Preprocessing 3wx7A01_4: initial score 5329.4
2026-03-27 16:38:20,558 [INFO] Preprocessing 4b79B00_15_reres: initial score -79.2
2026-03-27 16:38:20,599 [INFO]   Post-minimize (chi+bb): -156.1
2026-03-27 16:38:20,708 [INFO]   Preprocessed structure -> /wynton/scratch/jqmo/rotation_datasets/augmented_ingraham_cath_bugfree/mpnn_esmfold/1vjqA00_26_preproc.pdb
2026-03-27 16:38:20,776 [INFO]   Normalized atom/residue names -> /wynton/scratch/jqmo/rotation_datasets/augmented_ingraham_cath_bugfree/mpnn_esmfold/1vjqA00_26_preproc_amber.pdb
2026-03-27 16:38:22,047 [INFO] Preprocessing 1gcvA00_31: initial score -116.1
2026-03-27 16:38:22,098 [INFO] Preprocessing 1vq8200_2: initial score 436.6
2026-03-27 16:38:22,141 [INFO] Preprocessing 5ayvA01_6: initial score -93.9
2026-03-27 16:38:22,256 [INFO] Preprocessing 1uddA00_6: initial score 141.0
2026-03-27 16:38:22,304 [INFO]   Post-idealize: 1840.6
2026-03-27 16:38:22,387 [INFO] Preprocessing 1yb5A02_24: initial score 204.1
2026-03-27 16:38:22,448 [INFO] Preprocessing 2vgmA01_1: initial score 4013.8
2026-03-27 16:38:22,495 [INFO] Preprocessing 3ossC00_7: initial score 425.5
2026-03-27 16:38:22,589 [INFO] Preprocessing 2vqeN00_6: initial score 1044.6
2026-03-27 16:38:22,684 [INFO]   Post-repack: 888.9
2026-03-27 16:38:22,953 [INFO] Preprocessing 1m1jB03_0_reres: initial score 624.8
2026-03-27 16:38:22,975 [INFO]   Post-minimize (chi only): 629.1
2026-03-27 16:38:23,053 [INFO]   Post-idealize: 474.8
2026-03-27 16:38:23,057 [INFO]   Post-idealize: 54.5
2026-03-27 16:38:23,213 [INFO] Preprocessing 4bszB00_23: initial score -0.7
2026-03-27 16:38:23,348 [INFO] Preprocessing 4ig1A00_19: initial score 597.0
2026-03-27 16:38:23,375 [INFO] Preprocessing 1wtbA00_28: initial score 318.4
2026-03-27 16:38:23,386 [INFO]   Post-repack: 239.2
2026-03-27 16:38:23,440 [INFO] Preprocessing 2f5xA01_21: initial score 279.2
2026-03-27 16:38:23,596 [INFO]   Post-minimize (chi only): 168.0
2026-03-27 16:38:23,897 [INFO]   Post-idealize: 1084.3
2026-03-27 16:38:23,931 [INFO]   Post-idealize: 1261.1
2026-03-27 16:38:24,052 [INFO]   Post-idealize: 76.0
2026-03-27 16:38:24,061 [INFO]   Post-minimize (chi+bb): -52.0
2026-03-27 16:38:24,074 [INFO]   Post-repack: -132.0
2026-03-27 16:38:24,126 [INFO]   Preprocessed structure -> /wynton/scratch/jqmo/rotation_datasets/augmented_ingraham_cath_bugfree/mpnn_esmfold/1vq8200_2_preproc.pdb
2026-03-27 16:38:24,159 [INFO]   Normalized atom/residue names -> /wynton/scratch/jqmo/rotation_datasets/augmented_ingraham_cath_bugfree/mpnn_esmfold/1vq8200_2_preproc_amber.pdb
2026-03-27 16:38:24,314 [INFO]   Post-idealize: 466.7
2026-03-27 16:38:24,342 [INFO]   Post-repack: 135.3
2026-03-27 16:38:24,367 [INFO]   Post-minimize (chi only): -151.0
2026-03-27 16:38:24,585 [INFO]   Post-minimize (chi only): 90.1
2026-03-27 16:38:24,753 [INFO]   Post-minimize (chi+bb): -103.0
2026-03-27 16:38:24,814 [INFO]   Preprocessed structure -> /wynton/scratch/jqmo/rotation_datasets/augmented_ingraham_cath_bugfree/mpnn_esmfold/4yn3B00_6_preproc.pdb
2026-03-27 16:38:24,877 [INFO]   Normalized atom/residue names -> /wynton/scratch/jqmo/rotation_datasets/augmented_ingraham_cath_bugfree/mpnn_esmfold/4yn3B00_6_preproc_amber.pdb
2026-03-27 16:38:24,974 [INFO]   Post-repack: -143.1
2026-03-27 16:38:25,054 [INFO]   Post-repack: 202.1
2026-03-27 16:38:25,218 [INFO]   Post-repack: -75.4
2026-03-27 16:38:25,314 [INFO]   Post-minimize (chi only): -75.4
2026-03-27 16:38:25,344 [INFO]   Post-minimize (chi only): -188.6
2026-03-27 16:38:25,448 [INFO]   Post-minimize (chi+bb): -72.6
2026-03-27 16:38:25,497 [INFO]   Preprocessed structure -> /wynton/scratch/jqmo/rotation_datasets/augmented_ingraham_cath_bugfree/mpnn_esmfold/2vqeN00_6_preproc.pdb
2026-03-27 16:38:25,539 [INFO]   Normalized atom/residue names -> /wynton/scratch/jqmo/rotation_datasets/augmented_ingraham_cath_bugfree/mpnn_esmfold/2vqeN00_6_preproc_amber.pdb
2026-03-27 16:38:25,624 [INFO]   Post-idealize: 327.3
2026-03-27 16:38:25,747 [INFO]   Post-minimize (chi only): 77.6
2026-03-27 16:38:26,119 [INFO]   Post-minimize (chi+bb): -241.2
2026-03-27 16:38:26,157 [INFO]   Preprocessed structure -> /wynton/scratch/jqmo/rotation_datasets/augmented_ingraham_cath_bugfree/mpnn_esmfold/3uk2A02_1_preproc.pdb
2026-03-27 16:38:26,212 [INFO]   Normalized atom/residue names -> /wynton/scratch/jqmo/rotation_datasets/augmented_ingraham_cath_bugfree/mpnn_esmfold/3uk2A02_1_preproc_amber.pdb
2026-03-27 16:38:26,224 [INFO]   Post-minimize (chi+bb): -180.0
2026-03-27 16:38:26,266 [INFO]   Preprocessed structure -> /wynton/scratch/jqmo/rotation_datasets/augmented_ingraham_cath_bugfree/mpnn_esmfold/3ossC00_7_preproc.pdb
2026-03-27 16:38:26,305 [INFO]   Normalized atom/residue names -> /wynton/scratch/jqmo/rotation_datasets/augmented_ingraham_cath_bugfree/mpnn_esmfold/3ossC00_7_preproc_amber.pdb
2026-03-27 16:38:26,420 [INFO]   Post-repack: 26.1
2026-03-27 16:38:26,922 [INFO]   Post-minimize (chi only): -13.4
2026-03-27 16:38:27,312 [INFO]   Post-minimize (chi+bb): -292.0
2026-03-27 16:38:27,377 [INFO]   Preprocessed structure -> /wynton/scratch/jqmo/rotation_datasets/augmented_ingraham_cath_bugfree/mpnn_esmfold/3stjA03_13_preproc.pdb
2026-03-27 16:38:27,404 [INFO]   Normalized atom/residue names -> /wynton/scratch/jqmo/rotation_datasets/augmented_ingraham_cath_bugfree/mpnn_esmfold/3stjA03_13_preproc_amber.pdb
2026-03-27 16:38:27,508 [INFO]   Post-minimize (chi+bb): -155.3
2026-03-27 16:38:27,558 [INFO]   Preprocessed structure -> /wynton/scratch/jqmo/rotation_datasets/augmented_ingraham_cath_bugfree/mpnn_esmfold/2f76X00_3_reres_preproc.pdb
2026-03-27 16:38:27,582 [INFO]   Normalized atom/residue names -> /wynton/scratch/jqmo/rotation_datasets/augmented_ingraham_cath_bugfree/mpnn_esmfold/2f76X00_3_reres_preproc_amber.pdb
2026-03-27 16:38:27,637 [INFO]   Post-idealize: 1972.0
2026-03-27 16:38:28,499 [INFO]   Post-minimize (chi+bb): -161.8
2026-03-27 16:38:28,553 [INFO]   Preprocessed structure -> /wynton/scratch/jqmo/rotation_datasets/augmented_ingraham_cath_bugfree/mpnn_esmfold/1wtbA00_28_preproc.pdb
2026-03-27 16:38:28,585 [INFO]   Normalized atom/residue names -> /wynton/scratch/jqmo/rotation_datasets/augmented_ingraham_cath_bugfree/mpnn_esmfold/1wtbA00_28_preproc_amber.pdb
2026-03-27 16:38:28,776 [INFO] Running MC-SCE on 1kj6A00_4_amber (100 conformers, T=300.0K)
2026-03-27 16:38:28,788 [INFO]   Post-repack: 273.0
2026-03-27 16:38:28,885 [INFO] Running MC-SCE on 1vjqA00_26_amber (100 conformers, T=300.0K)
2026-03-27 16:38:28,910 [ERROR] MC-SCE failed on 1kj6A00_4_amber: KeyError: ()
2026-03-27 16:38:28,937 [INFO]   Post-idealize: 849.5
2026-03-27 16:38:29,074 [INFO]   Post-idealize: 613.9
2026-03-27 16:38:29,259 [INFO]   Post-repack: 482.0
2026-03-27 16:38:29,357 [INFO]   Post-minimize (chi only): 459.3
2026-03-27 16:38:29,821 [INFO]   Post-minimize (chi only): 61.4
  0%|          | 0/71 [00:00<?, ?it/s]2026-03-27 16:38:30,068 [INFO]   Post-repack: 81.8
2026-03-27 16:38:31,378 [INFO]   Post-minimize (chi only): 7.5
2026-03-27 16:38:31,624 [INFO]   Post-idealize: 18.4
2026-03-27 16:38:32,024 [INFO]   Post-minimize (chi+bb): -127.7
2026-03-27 16:38:32,104 [INFO]   Preprocessed structure -> /wynton/scratch/jqmo/rotation_datasets/augmented_ingraham_cath_bugfree/mpnn_esmfold/1m1jB03_0_reres_preproc.pdb
2026-03-27 16:38:32,138 [INFO]   Normalized atom/residue names -> /wynton/scratch/jqmo/rotation_datasets/augmented_ingraham_cath_bugfree/mpnn_esmfold/1m1jB03_0_reres_preproc_amber.pdb
2026-03-27 16:38:32,544 [INFO]   Post-idealize: -53.3
2026-03-27 16:38:33,104 [INFO]   Post-minimize (chi+bb): -247.6
2026-03-27 16:38:33,111 [INFO]   Post-idealize: 5246.3
2026-03-27 16:38:33,171 [INFO]   Preprocessed structure -> /wynton/scratch/jqmo/rotation_datasets/augmented_ingraham_cath_bugfree/mpnn_esmfold/3buxB01_22_reres_preproc.pdb
2026-03-27 16:38:33,202 [INFO]   Normalized atom/residue names -> /wynton/scratch/jqmo/rotation_datasets/augmented_ingraham_cath_bugfree/mpnn_esmfold/3buxB01_22_reres_preproc_amber.pdb
2026-03-27 16:38:33,236 [INFO]   Post-idealize: 1217.2
2026-03-27 16:38:33,466 [INFO]   Post-repack: -244.2
2026-03-27 16:38:34,093 [INFO]   Post-repack: 1153.8
2026-03-27 16:38:34,150 [INFO]   Post-minimize (chi only): -285.2
2026-03-27 16:38:34,156 [INFO]   Post-repack: -281.9
2026-03-27 16:38:34,396 [INFO]   Post-minimize (chi only): 1041.5
2026-03-27 16:38:34,855 [INFO]   Post-idealize: -71.9
2026-03-27 16:38:34,916 [INFO]   Post-minimize (chi only): -314.6
2026-03-27 16:38:34,935 [INFO]   Post-repack: -80.5
2026-03-27 16:38:35,034 [INFO]   Post-idealize: 255.4
2026-03-27 16:38:35,780 [INFO]   Post-minimize (chi only): -181.4
2026-03-27 16:38:35,821 [INFO]   Post-idealize: 1287.1
2026-03-27 16:38:36,200 [INFO] Running MC-SCE on 1vq8200_2_amber (100 conformers, T=300.0K)
2026-03-27 16:38:36,491 [INFO] Running MC-SCE on 3uk2A02_1_amber (100 conformers, T=300.0K)
2026-03-27 16:38:36,664 [INFO]   Post-repack: -191.4
2026-03-27 16:38:36,838 [INFO]   Post-repack: -219.2
2026-03-27 16:38:37,050 [INFO]   Post-repack: 621.7
2026-03-27 16:38:37,205 [INFO]   Post-minimize (chi only): -219.3
2026-03-27 16:38:37,286 [INFO]   Post-minimize (chi+bb): -450.1
2026-03-27 16:38:37,346 [INFO]   Preprocessed structure -> /wynton/scratch/jqmo/rotation_datasets/augmented_ingraham_cath_bugfree/mpnn_esmfold/3jzjA01_18_preproc.pdb
2026-03-27 16:38:37,363 [INFO]   Normalized atom/residue names -> /wynton/scratch/jqmo/rotation_datasets/augmented_ingraham_cath_bugfree/mpnn_esmfold/3jzjA01_18_preproc_amber.pdb
  0%|          | 0/46 [00:00<?, ?it/s]2026-03-27 16:38:37,479 [INFO] Running MC-SCE on 2f76X00_3_reres_amber (100 conformers, T=300.0K)
2026-03-27 16:38:37,565 [INFO]   Post-minimize (chi only): -231.0
2026-03-27 16:38:37,591 [INFO]   Post-minimize (chi+bb): -393.3
2026-03-27 16:38:37,699 [INFO]   Preprocessed structure -> /wynton/scratch/jqmo/rotation_datasets/augmented_ingraham_cath_bugfree/mpnn_esmfold/4bszB00_23_preproc.pdb
2026-03-27 16:38:37,725 [INFO]   Normalized atom/residue names -> /wynton/scratch/jqmo/rotation_datasets/augmented_ingraham_cath_bugfree/mpnn_esmfold/4bszB00_23_preproc_amber.pdb
  0%|          | 0/103 [00:00<?, ?it/s]2026-03-27 16:38:37,944 [INFO]   Post-minimize (chi only): 309.3
2026-03-27 16:38:38,000 [INFO] Running MC-SCE on 4yn3B00_6_amber (100 conformers, T=300.0K)
  1%|▏         | 1/71 [00:08<09:53,  8.48s/it]2026-03-27 16:38:38,427 [INFO] Running MC-SCE on 3stjA03_13_amber (100 conformers, T=300.0K)
2026-03-27 16:38:38,728 [INFO]   Post-minimize (chi+bb): 162.3
  3%|▎         | 2/71 [00:08<04:18,  3.75s/it]2026-03-27 16:38:38,792 [INFO]   Preprocessed structure -> /wynton/scratch/jqmo/rotation_datasets/augmented_ingraham_cath_bugfree/mpnn_esmfold/2vgmA01_1_preproc.pdb
2026-03-27 16:38:38,822 [INFO]   Normalized atom/residue names -> /wynton/scratch/jqmo/rotation_datasets/augmented_ingraham_cath_bugfree/mpnn_esmfold/2vgmA01_1_preproc_amber.pdb
  0%|          | 0/100 [00:00<?, ?it/s]2026-03-27 16:38:39,167 [INFO] Running MC-SCE on 2vqeN00_6_amber (100 conformers, T=300.0K)
  4%|▍         | 3/71 [00:09<02:32,  2.25s/it]2026-03-27 16:38:39,386 [ERROR] MC-SCE failed on 2vqeN00_6_amber: KeyError: ('N', 'H2', 'H3', 'CD', 'HD2', 'HD3', 'CG', 'HG2', 'HG3', 'CB', 'HB2', 'HB3', 'CA', 'HA', 'C', 'O')
  6%|▌         | 4/71 [00:09<01:43,  1.54s/it]  0%|          | 0/97 [00:00<?, ?it/s]  0%|          | 0/65 [00:00<?, ?it/s]  7%|▋         | 5/71 [00:10<01:15,  1.15s/it]2026-03-27 16:38:40,188 [INFO]   Post-idealize: 1887.0
2026-03-27 16:38:40,217 [INFO]   Post-minimize (chi+bb): -471.8
2026-03-27 16:38:40,411 [INFO] Running MC-SCE on 3ossC00_7_amber (100 conformers, T=300.0K)
2026-03-27 16:38:40,443 [INFO]   Preprocessed structure -> /wynton/scratch/jqmo/rotation_datasets/augmented_ingraham_cath_bugfree/mpnn_esmfold/5ayvA01_6_preproc.pdb
2026-03-27 16:38:40,469 [INFO]   Normalized atom/residue names -> /wynton/scratch/jqmo/rotation_datasets/augmented_ingraham_cath_bugfree/mpnn_esmfold/5ayvA01_6_preproc_amber.pdb
  8%|▊         | 6/71 [00:10<00:59,  1.10it/s]2026-03-27 16:38:40,690 [INFO]   Post-idealize: 2058.6
 10%|▉         | 7/71 [00:11<00:52,  1.21it/s]  0%|          | 0/65 [00:00<?, ?it/s] 11%|█▏        | 8/71 [00:11<00:44,  1.41it/s]2026-03-27 16:38:41,762 [INFO]   Post-idealize: 843.1
2026-03-27 16:38:41,831 [INFO]   Post-repack: 763.4
2026-03-27 16:38:41,935 [INFO]   Post-minimize (chi+bb): -336.1
2026-03-27 16:38:42,029 [INFO]   Preprocessed structure -> /wynton/scratch/jqmo/rotation_datasets/augmented_ingraham_cath_bugfree/mpnn_esmfold/1gcvA00_31_preproc.pdb
2026-03-27 16:38:42,060 [INFO]   Normalized atom/residue names -> /wynton/scratch/jqmo/rotation_datasets/augmented_ingraham_cath_bugfree/mpnn_esmfold/1gcvA00_31_preproc_amber.pdb
 13%|█▎        | 9/71 [00:12<00:39,  1.59it/s]2026-03-27 16:38:42,209 [INFO]   Post-idealize: 222.3
2026-03-27 16:38:42,362 [INFO] Running MC-SCE on 1wtbA00_28_amber (100 conformers, T=300.0K)
 14%|█▍        | 10/71 [00:12<00:34,  1.76it/s]2026-03-27 16:38:42,601 [INFO]   Post-minimize (chi+bb): -442.6
2026-03-27 16:38:42,697 [INFO]   Preprocessed structure -> /wynton/scratch/jqmo/rotation_datasets/augmented_ingraham_cath_bugfree/mpnn_esmfold/3s3lA01_4_preproc.pdb
2026-03-27 16:38:42,717 [INFO]   Post-repack: -82.5
2026-03-27 16:38:42,737 [INFO]   Normalized atom/residue names -> /wynton/scratch/jqmo/rotation_datasets/augmented_ingraham_cath_bugfree/mpnn_esmfold/3s3lA01_4_preproc_amber.pdb
2026-03-27 16:38:42,981 [INFO]   Post-minimize (chi+bb): -429.0
 15%|█▌        | 11/71 [00:13<00:31,  1.88it/s]2026-03-27 16:38:43,093 [INFO]   Preprocessed structure -> /wynton/scratch/jqmo/rotation_datasets/augmented_ingraham_cath_bugfree/mpnn_esmfold/1yb5A02_24_preproc.pdb
2026-03-27 16:38:43,126 [INFO]   Normalized atom/residue names -> /wynton/scratch/jqmo/rotation_datasets/augmented_ingraham_cath_bugfree/mpnn_esmfold/1yb5A02_24_preproc_amber.pdb
 17%|█▋        | 12/71 [00:13<00:29,  1.97it/s]2026-03-27 16:38:43,551 [INFO]   Post-minimize (chi only): 157.3
  0%|          | 0/79 [00:00<?, ?it/s]2026-03-27 16:38:43,726 [INFO]   Post-repack: 129.2
 18%|█▊        | 13/71 [00:14<00:28,  2.03it/s]2026-03-27 16:38:44,073 [INFO]   Post-minimize (chi only): -171.4
2026-03-27 16:38:44,175 [INFO] Running MC-SCE on 3buxB01_22_reres_amber (100 conformers, T=300.0K)
 20%|█▉        | 14/71 [00:14<00:31,  1.82it/s]2026-03-27 16:38:45,013 [INFO]   Post-idealize: -29.2
2026-03-27 16:38:45,028 [INFO]   Post-repack: -325.7
 23%|██▎       | 16/71 [00:15<00:21,  2.51it/s]2026-03-27 16:38:45,304 [INFO]   Post-minimize (chi only): 44.4
2026-03-27 16:38:45,386 [INFO] Running MC-SCE on 3jzjA01_18_amber (100 conformers, T=300.0K)
2026-03-27 16:38:45,541 [INFO]   Post-idealize: 913.9
 24%|██▍       | 17/71 [00:15<00:22,  2.40it/s]  0%|          | 0/129 [00:00<?, ?it/s]2026-03-27 16:38:45,922 [INFO] Running MC-SCE on 1m1jB03_0_reres_amber (100 conformers, T=300.0K)
 25%|██▌       | 18/71 [00:16<00:22,  2.34it/s]2026-03-27 16:38:46,011 [ERROR] MC-SCE failed on 3jzjA01_18_amber: KeyError: ()
2026-03-27 16:38:46,085 [INFO]   Post-minimize (chi only): -378.9
 27%|██▋       | 19/71 [00:16<00:22,  2.29it/s]2026-03-27 16:38:46,673 [ERROR] MC-SCE failed on 1m1jB03_0_reres_amber: KeyError: ('N', 'H2', 'H3', 'CD', 'HD2', 'HD3', 'CG', 'HG2', 'HG3', 'CB', 'HB2', 'HB3', 'CA', 'HA', 'C', 'O')
  2%|▏         | 1/46 [00:09<07:06,  9.47s/it] 28%|██▊       | 20/71 [00:17<00:22,  2.25it/s]2026-03-27 16:38:47,103 [INFO]   Post-repack: -345.8
2026-03-27 16:38:47,356 [INFO]   Post-repack: 103.1
  4%|▍         | 2/46 [00:10<03:05,  4.22s/it] 30%|██▉       | 21/71 [00:17<00:26,  1.89it/s]  7%|▋         | 3/46 [00:10<01:48,  2.52s/it]2026-03-27 16:38:48,125 [INFO]   Post-minimize (chi only): -414.8
 32%|███▏      | 23/71 [00:18<00:19,  2.51it/s]  9%|▊         | 4/46 [00:11<01:12,  1.73s/it]2026-03-27 16:38:48,567 [INFO]   Post-minimize (chi+bb): -255.7
 34%|███▍      | 24/71 [00:18<00:19,  2.42it/s]2026-03-27 16:38:48,680 [INFO]   Preprocessed structure -> /wynton/scratch/jqmo/rotation_datasets/augmented_ingraham_cath_bugfree/mpnn_esmfold/2f5xA01_21_preproc.pdb
2026-03-27 16:38:48,702 [INFO]   Normalized atom/residue names -> /wynton/scratch/jqmo/rotation_datasets/augmented_ingraham_cath_bugfree/mpnn_esmfold/2f5xA01_21_preproc_amber.pdb
2026-03-27 16:38:48,763 [INFO]   Post-minimize (chi only): -96.4
 13%|█▎        | 6/46 [00:11<00:39,  1.02it/s] 35%|███▌      | 25/71 [00:19<00:19,  2.33it/s]  1%|          | 1/103 [00:11<19:45, 11.62s/it]  1%|          | 1/100 [00:10<17:10, 10.41s/it] 37%|███▋      | 26/71 [00:19<00:19,  2.28it/s] 15%|█▌        | 7/46 [00:12<00:36,  1.07it/s] 39%|███▉      | 28/71 [00:20<00:15,  2.84it/s]  3%|▎         | 3/103 [00:12<05:25,  3.25s/it]  2%|▏         | 2/100 [00:10<07:33,  4.63s/it]  2%|▏         | 1/65 [00:08<09:09,  8.58s/it] 41%|████      | 29/71 [00:20<00:15,  2.64it/s]  5%|▍         | 5/103 [00:12<02:51,  1.75s/it]  3%|▎         | 2/65 [00:09<04:01,  3.83s/it]  1%|          | 1/97 [00:10<17:18, 10.82s/it]  3%|▎         | 3/100 [00:11<04:31,  2.80s/it] 17%|█▋        | 8/46 [00:13<00:35,  1.06it/s]2026-03-27 16:38:51,141 [INFO] Running MC-SCE on 4bszB00_23_amber (100 conformers, T=300.0K)
  5%|▍         | 3/65 [00:09<02:22,  2.30s/it] 42%|████▏     | 30/71 [00:21<00:19,  2.15it/s]  6%|▌         | 6/103 [00:13<02:20,  1.45s/it]  4%|▍         | 4/100 [00:12<03:07,  1.95s/it]2026-03-27 16:38:51,425 [INFO] Running MC-SCE on 2vgmA01_1_amber (100 conformers, T=300.0K)
 22%|██▏       | 10/46 [00:14<00:23,  1.54it/s]  2%|▏         | 2/97 [00:11<07:51,  4.97s/it]2026-03-27 16:38:51,623 [INFO]   Post-minimize (chi+bb): -405.9
  6%|▌         | 4/65 [00:10<01:37,  1.59s/it] 44%|████▎     | 31/71 [00:21<00:18,  2.12it/s]2026-03-27 16:38:51,869 [INFO]   Preprocessed structure -> /wynton/scratch/jqmo/rotation_datasets/augmented_ingraham_cath_bugfree/mpnn_esmfold/1ui5A00_30_preproc.pdb
2026-03-27 16:38:51,907 [INFO]   Normalized atom/residue names -> /wynton/scratch/jqmo/rotation_datasets/augmented_ingraham_cath_bugfree/mpnn_esmfold/1ui5A00_30_preproc_amber.pdb
2026-03-27 16:38:51,917 [ERROR] MC-SCE failed on 2vgmA01_1_amber: KeyError: ()
  5%|▌         | 5/100 [00:12<02:17,  1.44s/it]2026-03-27 16:38:51,957 [ERROR] MC-SCE failed on 4bszB00_23_amber: KeyError: ()
  7%|▋         | 7/103 [00:14<01:57,  1.23s/it] 24%|██▍       | 11/46 [00:14<00:22,  1.55it/s]2026-03-27 16:38:52,158 [INFO] Running MC-SCE on 3s3lA01_4_amber (100 conformers, T=300.0K)
 45%|████▌     | 32/71 [00:22<00:18,  2.12it/s]  8%|▊         | 5/65 [00:10<01:11,  1.19s/it]  4%|▍         | 4/97 [00:12<03:11,  2.05s/it]  1%|▏         | 1/79 [00:08<11:16,  8.67s/it]  2%|▏         | 1/65 [00:12<13:19, 12.50s/it]  6%|▌         | 6/100 [00:13<01:46,  1.14s/it]  8%|▊         | 8/103 [00:14<01:40,  1.06s/it] 46%|████▋     | 33/71 [00:22<00:17,  2.12it/s] 28%|██▊       | 13/46 [00:15<00:16,  1.97it/s]  9%|▉         | 6/65 [00:11<00:56,  1.04it/s]2026-03-27 16:38:52,810 [ERROR] MC-SCE failed on 3s3lA01_4_amber: KeyError: ()
  3%|▎         | 2/79 [00:09<04:58,  3.88s/it]  5%|▌         | 5/97 [00:12<02:28,  1.62s/it]  3%|▎         | 2/65 [00:13<05:48,  5.52s/it] 48%|████▊     | 34/71 [00:23<00:17,  2.12it/s] 30%|███       | 14/46 [00:15<00:16,  1.96it/s]  7%|▋         | 7/100 [00:14<01:34,  1.02s/it]2026-03-27 16:38:53,281 [INFO] Running MC-SCE on 5ayvA01_6_amber (100 conformers, T=300.0K)
  4%|▍         | 3/79 [00:09<02:57,  2.34s/it] 11%|█         | 7/65 [00:11<00:50,  1.14it/s]  9%|▊         | 9/103 [00:15<01:33,  1.00it/s]  7%|▋         | 7/97 [00:13<01:31,  1.01s/it] 49%|████▉     | 35/71 [00:23<00:16,  2.12it/s] 33%|███▎      | 15/46 [00:16<00:15,  1.97it/s]  5%|▍         | 3/65 [00:13<03:24,  3.30s/it]  8%|▊         | 8/100 [00:14<01:20,  1.14it/s]  5%|▌         | 4/79 [00:10<02:00,  1.60s/it] 12%|█▏        | 8/65 [00:12<00:43,  1.30it/s]2026-03-27 16:38:54,070 [ERROR] MC-SCE failed on 5ayvA01_6_amber: KeyError: ()
 51%|█████     | 36/71 [00:24<00:16,  2.10it/s] 11%|█         | 11/103 [00:16<01:03,  1.45it/s]  8%|▊         | 8/97 [00:14<01:21,  1.09it/s]  6%|▋         | 5/79 [00:10<01:30,  1.22s/it]  9%|▉         | 9/100 [00:15<01:11,  1.28it/s]  6%|▌         | 4/65 [00:14<02:17,  2.26s/it] 35%|███▍      | 16/46 [00:17<00:17,  1.75it/s] 52%|█████▏    | 37/71 [00:24<00:16,  2.11it/s] 14%|█▍        | 9/65 [00:12<00:41,  1.36it/s] 13%|█▎        | 13/103 [00:16<00:49,  1.82it/s] 10%|█         | 10/97 [00:14<00:58,  1.49it/s]  8%|▊         | 6/79 [00:11<01:11,  1.03it/s] 10%|█         | 10/100 [00:15<01:04,  1.41it/s]  8%|▊         | 5/65 [00:15<01:41,  1.69s/it] 15%|█▌        | 10/65 [00:13<00:36,  1.49it/s] 55%|█████▍    | 39/71 [00:25<00:13,  2.35it/s]2026-03-27 16:38:55,382 [INFO]   Post-minimize (chi+bb): -517.1
 14%|█▎        | 14/103 [00:17<00:50,  1.75it/s] 37%|███▋      | 17/46 [00:18<00:19,  1.48it/s]2026-03-27 16:38:55,451 [INFO]   Preprocessed structure -> /wynton/scratch/jqmo/rotation_datasets/augmented_ingraham_cath_bugfree/mpnn_esmfold/4pmnA00_16_preproc.pdb
2026-03-27 16:38:55,481 [INFO]   Normalized atom/residue names -> /wynton/scratch/jqmo/rotation_datasets/augmented_ingraham_cath_bugfree/mpnn_esmfold/4pmnA00_16_preproc_amber.pdb
 11%|█         | 11/100 [00:16<00:59,  1.50it/s]2026-03-27 16:38:55,536 [INFO]   Post-minimize (chi+bb): -541.0
  9%|▉         | 7/79 [00:11<01:03,  1.13it/s]2026-03-27 16:38:55,663 [INFO]   Preprocessed structure -> /wynton/scratch/jqmo/rotation_datasets/augmented_ingraham_cath_bugfree/mpnn_esmfold/1uddA00_6_preproc.pdb
 17%|█▋        | 11/65 [00:14<00:34,  1.58it/s] 11%|█▏        | 11/97 [00:15<01:01,  1.40it/s]2026-03-27 16:38:55,690 [INFO]   Normalized atom/residue names -> /wynton/scratch/jqmo/rotation_datasets/augmented_ingraham_cath_bugfree/mpnn_esmfold/1uddA00_6_preproc_amber.pdb
  9%|▉         | 6/65 [00:15<01:18,  1.33s/it] 56%|█████▋    | 40/71 [00:25<00:13,  2.27it/s]2026-03-27 16:38:55,812 [INFO]   Post-minimize (chi+bb): -652.0
2026-03-27 16:38:55,909 [INFO]   Preprocessed structure -> /wynton/scratch/jqmo/rotation_datasets/augmented_ingraham_cath_bugfree/mpnn_esmfold/2xotB01_2_reres_preproc.pdb
2026-03-27 16:38:55,943 [INFO]   Normalized atom/residue names -> /wynton/scratch/jqmo/rotation_datasets/augmented_ingraham_cath_bugfree/mpnn_esmfold/2xotB01_2_reres_preproc_amber.pdb
 15%|█▍        | 15/103 [00:18<00:51,  1.71it/s] 39%|███▉      | 18/46 [00:18<00:18,  1.50it/s] 12%|█▏        | 12/100 [00:16<00:56,  1.56it/s] 10%|█         | 8/79 [00:12<00:54,  1.29it/s]2026-03-27 16:38:56,178 [INFO] Running MC-SCE on 1yb5A02_24_amber (100 conformers, T=300.0K)
 18%|█▊        | 12/65 [00:14<00:31,  1.67it/s] 58%|█████▊    | 41/71 [00:26<00:13,  2.22it/s] 12%|█▏        | 12/97 [00:16<00:59,  1.43it/s]  1%|          | 1/129 [00:10<23:26, 10.99s/it] 16%|█▌        | 16/103 [00:18<00:51,  1.67it/s] 13%|█▎        | 10/79 [00:13<00:37,  1.84it/s] 11%|█         | 7/65 [00:16<01:10,  1.21s/it] 59%|█████▉    | 42/71 [00:26<00:13,  2.20it/s] 41%|████▏     | 19/46 [00:19<00:18,  1.48it/s] 13%|█▎        | 13/100 [00:17<00:56,  1.53it/s] 13%|█▎        | 13/97 [00:17<00:57,  1.47it/s] 61%|██████    | 43/71 [00:27<00:12,  2.17it/s] 14%|█▍        | 11/79 [00:13<00:36,  1.88it/s] 17%|█▋        | 17/103 [00:19<00:52,  1.64it/s] 43%|████▎     | 20/46 [00:19<00:17,  1.52it/s] 12%|█▏        | 8/65 [00:17<00:59,  1.04s/it]  2%|▏         | 3/129 [00:11<06:40,  3.18s/it] 23%|██▎       | 15/65 [00:15<00:25,  1.93it/s] 14%|█▍        | 14/97 [00:17<00:56,  1.48it/s] 62%|██████▏   | 44/71 [00:27<00:12,  2.14it/s] 16%|█▋        | 13/79 [00:14<00:27,  2.43it/s] 14%|█▍        | 14/100 [00:18<01:02,  1.38it/s]  0%|          | 0/168 [00:00<?, ?it/s] 46%|████▌     | 21/46 [00:20<00:16,  1.55it/s] 14%|█▍        | 9/65 [00:18<00:51,  1.09it/s]  3%|▎         | 4/129 [00:12<04:48,  2.31s/it]2026-03-27 16:38:58,161 [INFO]   Post-minimize (chi+bb): -422.2
 63%|██████▎   | 45/71 [00:28<00:12,  2.11it/s] 17%|█▋        | 18/103 [00:20<00:57,  1.47it/s] 18%|█▊        | 14/79 [00:14<00:28,  2.29it/s] 25%|██▍       | 16/65 [00:16<00:26,  1.84it/s] 15%|█▌        | 15/100 [00:19<00:57,  1.48it/s]2026-03-27 16:38:58,259 [INFO]   Preprocessed structure -> /wynton/scratch/jqmo/rotation_datasets/augmented_ingraham_cath_bugfree/mpnn_esmfold/3uogA01_9_preproc.pdb
 15%|█▌        | 15/97 [00:18<00:54,  1.50it/s]2026-03-27 16:38:58,297 [INFO]   Normalized atom/residue names -> /wynton/scratch/jqmo/rotation_datasets/augmented_ingraham_cath_bugfree/mpnn_esmfold/3uogA01_9_preproc_amber.pdb
 48%|████▊     | 22/46 [00:21<00:14,  1.61it/s] 19%|█▉        | 15/79 [00:15<00:28,  2.22it/s] 15%|█▌        | 10/65 [00:18<00:46,  1.18it/s]2026-03-27 16:38:58,725 [INFO] Running MC-SCE on 1gcvA00_31_amber (100 conformers, T=300.0K)
 26%|██▌       | 17/65 [00:17<00:25,  1.86it/s]  4%|▍         | 5/129 [00:13<03:38,  1.76s/it] 16%|█▌        | 16/100 [00:19<00:53,  1.57it/s] 18%|█▊        | 19/103 [00:21<00:56,  1.49it/s] 65%|██████▍   | 46/71 [00:29<00:13,  1.83it/s] 16%|█▋        | 16/97 [00:19<00:53,  1.51it/s]2026-03-27 16:38:59,109 [INFO]   Post-minimize (chi+bb): -575.2
2026-03-27 16:38:59,242 [INFO]   Preprocessed structure -> /wynton/scratch/jqmo/rotation_datasets/augmented_ingraham_cath_bugfree/mpnn_esmfold/4b79B00_15_reres_preproc.pdb
2026-03-27 16:38:59,283 [INFO]   Normalized atom/residue names -> /wynton/scratch/jqmo/rotation_datasets/augmented_ingraham_cath_bugfree/mpnn_esmfold/4b79B00_15_reres_preproc_amber.pdb
 17%|█▋        | 17/100 [00:20<00:51,  1.62it/s] 66%|██████▌   | 47/71 [00:29<00:12,  1.89it/s] 20%|██        | 16/79 [00:15<00:32,  1.93it/s]  5%|▍         | 6/129 [00:13<02:52,  1.40s/it] 28%|██▊       | 18/65 [00:17<00:26,  1.75it/s] 18%|█▊        | 12/65 [00:19<00:32,  1.63it/s] 20%|██        | 21/103 [00:21<00:42,  1.93it/s]2026-03-27 16:38:59,505 [ERROR] MC-SCE failed on 1gcvA00_31_amber: KeyError: ()
 19%|█▊        | 18/97 [00:19<00:40,  1.96it/s] 50%|█████     | 23/46 [00:22<00:17,  1.32it/s] 68%|██████▊   | 48/71 [00:29<00:11,  1.95it/s] 68%|██████▊   | 48/71 [00:29<00:14,  1.60it/s]
2026-03-27 16:38:59,848 [ERROR] MC-SCE failed on 1vjqA00_26_amber: IndexError: too many indices for array: array is 1-dimensional, but 2 were indexed
 22%|██▏       | 17/79 [00:16<00:31,  1.94it/s] 18%|█▊        | 18/100 [00:20<00:48,  1.67it/s] 31%|███       | 20/65 [00:18<00:19,  2.31it/s]  5%|▌         | 7/129 [00:14<02:21,  1.16s/it]2026-03-27 16:39:00,059 [INFO] Running MC-SCE on 2f5xA01_21_amber (100 conformers, T=300.0K)
 20%|██        | 13/65 [00:20<00:32,  1.60it/s] 22%|██▏       | 23/103 [00:22<00:35,  2.26it/s] 52%|█████▏    | 24/46 [00:22<00:15,  1.43it/s] 32%|███▏      | 21/65 [00:18<00:19,  2.25it/s] 23%|██▎       | 18/79 [00:16<00:31,  1.95it/s] 20%|█▉        | 19/97 [00:20<00:46,  1.67it/s] 19%|█▉        | 19/100 [00:21<00:52,  1.54it/s]  7%|▋         | 9/129 [00:15<01:32,  1.30it/s] 22%|██▏       | 14/65 [00:20<00:32,  1.58it/s] 54%|█████▍    | 25/46 [00:23<00:13,  1.51it/s]2026-03-27 16:39:00,791 [ERROR] MC-SCE failed on 2f5xA01_21_amber: KeyError: ()
 23%|██▎       | 24/103 [00:23<00:39,  2.01it/s] 24%|██▍       | 19/79 [00:17<00:33,  1.81it/s] 21%|██        | 20/97 [00:21<00:46,  1.64it/s] 57%|█████▋    | 26/46 [00:23<00:12,  1.59it/s] 34%|███▍      | 22/65 [00:19<00:24,  1.76it/s] 24%|██▍       | 25/103 [00:23<00:42,  1.84it/s]  8%|▊         | 10/129 [00:15<01:33,  1.27it/s] 25%|██▌       | 20/79 [00:17<00:31,  1.85it/s] 21%|██        | 21/100 [00:22<00:43,  1.80it/s] 23%|██▎       | 15/65 [00:21<00:35,  1.39it/s] 23%|██▎       | 15/65 [00:21<01:12,  1.45s/it]
2026-03-27 16:39:01,687 [ERROR] MC-SCE failed on 4yn3B00_6_amber: IndexError: too many indices for array: array is 1-dimensional, but 2 were indexed
 22%|██▏       | 21/97 [00:21<00:46,  1.62it/s] 35%|███▌      | 23/65 [00:20<00:23,  1.82it/s] 59%|█████▊    | 27/46 [00:24<00:11,  1.64it/s] 27%|██▋       | 21/79 [00:18<00:30,  1.92it/s] 22%|██▏       | 22/100 [00:23<00:44,  1.76it/s]  9%|▉         | 12/129 [00:16<01:09,  1.68it/s] 37%|███▋      | 24/65 [00:20<00:22,  1.86it/s] 23%|██▎       | 22/97 [00:22<00:47,  1.59it/s] 25%|██▌       | 26/103 [00:24<00:49,  1.57it/s] 61%|██████    | 28/46 [00:25<00:10,  1.68it/s] 24%|██▍       | 24/100 [00:23<00:34,  2.20it/s] 28%|██▊       | 22/79 [00:19<00:33,  1.71it/s] 10%|█         | 13/129 [00:17<01:10,  1.65it/s] 40%|████      | 26/65 [00:21<00:16,  2.41it/s] 24%|██▎       | 23/97 [00:23<00:46,  1.59it/s] 63%|██████▎   | 29/46 [00:25<00:10,  1.70it/s] 27%|██▋       | 28/103 [00:25<00:38,  1.96it/s] 42%|████▏     | 27/65 [00:21<00:16,  2.32it/s] 30%|███       | 24/79 [00:19<00:24,  2.22it/s] 25%|██▌       | 25/100 [00:24<00:36,  2.04it/s]2026-03-27 16:39:03,435 [INFO] Running MC-SCE on 1ui5A00_30_amber (100 conformers, T=300.0K)
 11%|█         | 14/129 [00:17<01:11,  1.62it/s] 25%|██▍       | 24/97 [00:23<00:45,  1.59it/s] 28%|██▊       | 29/103 [00:25<00:40,  1.82it/s] 43%|████▎     | 28/65 [00:22<00:16,  2.21it/s] 32%|███▏      | 25/79 [00:20<00:24,  2.17it/s] 67%|██████▋   | 31/46 [00:26<00:07,  1.91it/s] 67%|██████▋   | 31/46 [00:26<00:12,  1.17it/s]
2026-03-27 16:39:03,920 [ERROR] MC-SCE failed on 1vq8200_2_amber: IndexError: too many indices for array: array is 1-dimensional, but 2 were indexed
 26%|██▌       | 26/100 [00:24<00:37,  1.95it/s] 12%|█▏        | 15/129 [00:18<01:11,  1.60it/s] 34%|███▍      | 27/79 [00:20<00:19,  2.69it/s] 45%|████▍     | 29/65 [00:22<00:16,  2.14it/s]2026-03-27 16:39:04,473 [ERROR] MC-SCE failed on 1ui5A00_30_amber: KeyError: ()
 29%|██▉       | 30/103 [00:26<00:43,  1.70it/s] 26%|██▌       | 25/97 [00:24<00:50,  1.44it/s] 27%|██▋       | 27/100 [00:25<00:38,  1.91it/s] 12%|█▏        | 16/129 [00:19<01:11,  1.58it/s] 35%|███▌      | 28/79 [00:21<00:21,  2.39it/s] 28%|██▊       | 28/100 [00:25<00:38,  1.85it/s] 46%|████▌     | 30/65 [00:23<00:19,  1.81it/s] 27%|██▋       | 26/97 [00:25<00:48,  1.46it/s] 31%|███       | 32/103 [00:27<00:34,  2.05it/s] 37%|███▋      | 29/79 [00:21<00:21,  2.29it/s] 13%|█▎        | 17/129 [00:19<01:11,  1.56it/s] 48%|████▊     | 31/65 [00:24<00:18,  1.85it/s] 29%|██▉       | 28/97 [00:25<00:36,  1.90it/s] 32%|███▏      | 33/103 [00:28<00:37,  1.86it/s] 29%|██▉       | 29/100 [00:26<00:43,  1.63it/s]2026-03-27 16:39:05,972 [INFO] Running MC-SCE on 4pmnA00_16_amber (100 conformers, T=300.0K)
 38%|███▊      | 30/79 [00:22<00:23,  2.12it/s] 49%|████▉     | 32/65 [00:24<00:18,  1.83it/s]2026-03-27 16:39:06,324 [INFO] Running MC-SCE on 2xotB01_2_reres_amber (100 conformers, T=300.0K)
 15%|█▍        | 19/129 [00:20<01:01,  1.80it/s] 30%|██▉       | 29/97 [00:26<00:37,  1.80it/s] 30%|███       | 30/100 [00:27<00:42,  1.66it/s] 34%|███▍      | 35/103 [00:28<00:31,  2.15it/s] 52%|█████▏    | 34/65 [00:25<00:12,  2.41it/s] 39%|███▉      | 31/79 [00:23<00:26,  1.81it/s]2026-03-27 16:39:06,886 [ERROR] MC-SCE failed on 4pmnA00_16_amber: KeyError: ()
 16%|█▌        | 20/129 [00:21<01:03,  1.72it/s]2026-03-27 16:39:07,053 [INFO] Running MC-SCE on 1uddA00_6_amber (100 conformers, T=300.0K)
  1%|          | 1/168 [00:09<25:43,  9.25s/it] 31%|███       | 30/97 [00:27<00:38,  1.74it/s] 31%|███       | 31/100 [00:28<00:43,  1.60it/s] 54%|█████▍    | 35/65 [00:25<00:12,  2.31it/s] 41%|████      | 32/79 [00:23<00:25,  1.84it/s] 35%|███▍      | 36/103 [00:29<00:37,  1.77it/s]2026-03-27 16:39:07,523 [ERROR] MC-SCE failed on 2xotB01_2_reres_amber: KeyError: ()
 16%|█▋        | 21/129 [00:22<01:04,  1.67it/s]  2%|▏         | 3/168 [00:09<07:16,  2.64s/it] 32%|███▏      | 31/97 [00:27<00:39,  1.68it/s] 55%|█████▌    | 36/65 [00:26<00:13,  2.14it/s] 42%|████▏     | 33/79 [00:24<00:24,  1.88it/s] 32%|███▏      | 32/100 [00:28<00:44,  1.54it/s] 36%|███▌      | 37/103 [00:30<00:38,  1.70it/s]2026-03-27 16:39:08,187 [ERROR] MC-SCE failed on 1uddA00_6_amber: KeyError: ()
  3%|▎         | 5/168 [00:10<03:52,  1.42s/it] 58%|█████▊    | 38/65 [00:26<00:10,  2.65it/s] 43%|████▎     | 34/79 [00:24<00:23,  1.90it/s]2026-03-27 16:39:08,353 [INFO]   Post-idealize: -182.6
 17%|█▋        | 22/129 [00:22<01:05,  1.62it/s] 33%|███▎      | 32/97 [00:28<00:39,  1.64it/s] 33%|███▎      | 33/100 [00:29<00:43,  1.53it/s] 44%|████▍     | 35/79 [00:25<00:22,  1.94it/s] 60%|██████    | 39/65 [00:27<00:10,  2.46it/s] 39%|███▉      | 40/103 [00:31<00:25,  2.47it/s]  4%|▎         | 6/168 [00:11<03:17,  1.22s/it] 18%|█▊        | 23/129 [00:23<01:06,  1.59it/s]2026-03-27 16:39:09,059 [INFO] Running MC-SCE on 3uogA01_9_amber (100 conformers, T=300.0K)
 34%|███▍      | 34/100 [00:30<00:42,  1.56it/s] 34%|███▍      | 33/97 [00:29<00:43,  1.46it/s] 46%|████▌     | 36/79 [00:25<00:21,  1.96it/s] 62%|██████▏   | 40/65 [00:27<00:12,  2.07it/s] 40%|███▉      | 41/103 [00:31<00:28,  2.19it/s]  4%|▍         | 7/168 [00:11<02:51,  1.06s/it] 19%|█▊        | 24/129 [00:24<01:06,  1.58it/s] 35%|███▌      | 35/100 [00:30<00:40,  1.59it/s] 47%|████▋     | 37/79 [00:26<00:21,  1.97it/s]2026-03-27 16:39:09,886 [ERROR] MC-SCE failed on 3uogA01_9_amber: KeyError: ('N', 'H2', 'H3', 'CD', 'HD2', 'HD3', 'CG', 'HG2', 'HG3', 'CB', 'HB2', 'HB3', 'CA', 'HA', 'C', 'O')
 35%|███▌      | 34/97 [00:30<00:42,  1.48it/s] 65%|██████▍   | 42/65 [00:28<00:08,  2.58it/s]2026-03-27 16:39:10,094 [INFO] Running MC-SCE on 4b79B00_15_reres_amber (100 conformers, T=300.0K)
 41%|████      | 42/103 [00:32<00:30,  2.01it/s]  6%|▌         | 10/168 [00:12<01:35,  1.65it/s] 19%|█▉        | 25/129 [00:24<01:05,  1.59it/s] 48%|████▊     | 38/79 [00:26<00:20,  1.97it/s] 36%|███▌      | 36/100 [00:31<00:39,  1.60it/s] 66%|██████▌   | 43/65 [00:28<00:09,  2.40it/s] 36%|███▌      | 35/97 [00:30<00:41,  1.49it/s] 42%|████▏     | 43/103 [00:33<00:32,  1.86it/s] 49%|████▉     | 39/79 [00:27<00:23,  1.72it/s] 68%|██████▊   | 44/65 [00:29<00:09,  2.24it/s] 20%|██        | 26/129 [00:25<01:11,  1.44it/s]  7%|▋         | 12/168 [00:13<01:26,  1.80it/s] 37%|███▋      | 37/100 [00:32<00:44,  1.43it/s] 38%|███▊      | 37/97 [00:31<00:30,  1.95it/s] 45%|████▍     | 46/103 [00:33<00:21,  2.63it/s] 52%|█████▏    | 41/79 [00:27<00:16,  2.32it/s]2026-03-27 16:39:11,558 [INFO]   Post-repack: -505.9
 69%|██████▉   | 45/65 [00:29<00:09,  2.12it/s]2026-03-27 16:39:11,642 [ERROR] MC-SCE failed on 4b79B00_15_reres_amber: KeyError: ()
 21%|██        | 27/129 [00:26<01:10,  1.45it/s] 38%|███▊      | 38/100 [00:32<00:41,  1.50it/s]  8%|▊         | 13/168 [00:14<01:30,  1.71it/s] 41%|████      | 40/97 [00:31<00:21,  2.71it/s] 53%|█████▎    | 42/79 [00:28<00:16,  2.24it/s] 46%|████▌     | 47/103 [00:34<00:24,  2.30it/s] 71%|███████   | 46/65 [00:30<00:09,  1.96it/s] 39%|███▉      | 39/100 [00:33<00:39,  1.55it/s]  8%|▊         | 14/168 [00:14<01:30,  1.69it/s] 22%|██▏       | 28/129 [00:26<01:09,  1.45it/s] 54%|█████▍    | 43/79 [00:28<00:16,  2.14it/s] 42%|████▏     | 41/97 [00:32<00:23,  2.34it/s] 72%|███████▏  | 47/65 [00:31<00:09,  1.91it/s]2026-03-27 16:39:12,803 [INFO]   Post-minimize (chi only): -572.2
 40%|████      | 40/100 [00:33<00:37,  1.61it/s] 10%|█         | 17/168 [00:15<00:59,  2.52it/s] 56%|█████▌    | 44/79 [00:29<00:16,  2.11it/s] 48%|████▊     | 49/103 [00:35<00:24,  2.24it/s] 22%|██▏       | 29/129 [00:27<01:08,  1.46it/s] 45%|████▌     | 44/97 [00:33<00:17,  2.95it/s] 41%|████      | 41/100 [00:34<00:36,  1.63it/s] 74%|███████▍  | 48/65 [00:31<00:10,  1.66it/s] 11%|█         | 18/168 [00:15<01:03,  2.35it/s] 57%|█████▋    | 45/79 [00:30<00:17,  1.91it/s] 50%|████▉     | 51/103 [00:36<00:21,  2.42it/s] 23%|██▎       | 30/129 [00:28<01:06,  1.48it/s] 46%|████▋     | 45/97 [00:34<00:20,  2.53it/s] 42%|████▏     | 42/100 [00:35<00:34,  1.66it/s] 75%|███████▌  | 49/65 [00:32<00:09,  1.68it/s] 11%|█▏        | 19/168 [00:16<01:07,  2.19it/s] 58%|█████▊    | 46/79 [00:30<00:18,  1.79it/s] 24%|██▍       | 31/129 [00:28<01:06,  1.48it/s] 51%|█████▏    | 53/103 [00:36<00:19,  2.53it/s] 43%|████▎     | 43/100 [00:35<00:33,  1.68it/s] 12%|█▏        | 20/168 [00:16<01:10,  2.09it/s] 77%|███████▋  | 50/65 [00:33<00:08,  1.69it/s] 49%|████▉     | 48/97 [00:34<00:17,  2.81it/s] 25%|██▍       | 32/129 [00:29<01:05,  1.49it/s] 52%|█████▏    | 54/103 [00:37<00:22,  2.22it/s] 59%|█████▉    | 47/79 [00:31<00:20,  1.54it/s] 78%|███████▊  | 51/65 [00:33<00:07,  1.75it/s] 51%|█████     | 49/97 [00:35<00:19,  2.41it/s] 13%|█▎        | 22/168 [00:17<01:07,  2.17it/s] 44%|████▍     | 44/100 [00:36<00:37,  1.47it/s] 61%|██████    | 48/79 [00:32<00:18,  1.65it/s] 80%|████████  | 52/65 [00:34<00:07,  1.81it/s] 55%|█████▌    | 57/103 [00:38<00:16,  2.85it/s] 26%|██▌       | 33/129 [00:30<01:10,  1.36it/s] 14%|█▎        | 23/168 [00:18<01:08,  2.11it/s] 52%|█████▏    | 50/97 [00:36<00:22,  2.14it/s] 45%|████▌     | 45/100 [00:37<00:36,  1.51it/s] 62%|██████▏   | 49/79 [00:32<00:17,  1.74it/s] 82%|████████▏ | 53/65 [00:34<00:06,  1.85it/s] 57%|█████▋    | 59/103 [00:38<00:15,  2.85it/s] 14%|█▍        | 24/168 [00:18<01:12,  2.00it/s] 26%|██▋       | 34/129 [00:31<01:08,  1.39it/s] 63%|██████▎   | 50/79 [00:33<00:16,  1.78it/s] 83%|████████▎ | 54/65 [00:35<00:05,  1.85it/s] 46%|████▌     | 46/100 [00:37<00:34,  1.55it/s] 53%|█████▎    | 51/97 [00:36<00:23,  1.95it/s] 58%|█████▊    | 60/103 [00:39<00:17,  2.44it/s] 15%|█▍        | 25/168 [00:19<01:13,  1.94it/s] 65%|██████▍   | 51/79 [00:33<00:15,  1.80it/s] 27%|██▋       | 35/129 [00:31<01:06,  1.42it/s] 47%|████▋     | 47/100 [00:38<00:33,  1.56it/s] 54%|█████▎    | 52/97 [00:37<00:24,  1.83it/s] 85%|████████▍ | 55/65 [00:36<00:06,  1.58it/s] 15%|█▌        | 26/168 [00:19<01:14,  1.92it/s] 66%|██████▌   | 52/79 [00:34<00:14,  1.81it/s] 48%|████▊     | 48/100 [00:38<00:32,  1.59it/s] 28%|██▊       | 36/129 [00:32<01:04,  1.44it/s] 59%|█████▉    | 61/103 [00:40<00:21,  1.94it/s] 55%|█████▍    | 53/97 [00:38<00:25,  1.71it/s] 86%|████████▌ | 56/65 [00:36<00:05,  1.62it/s] 68%|██████▊   | 54/79 [00:34<00:10,  2.40it/s] 16%|█▌        | 27/168 [00:20<01:16,  1.83it/s] 49%|████▉     | 49/100 [00:39<00:31,  1.61it/s] 29%|██▊       | 37/129 [00:33<01:03,  1.45it/s] 89%|████████▉ | 58/65 [00:37<00:03,  2.18it/s] 60%|██████    | 62/103 [00:41<00:22,  1.81it/s] 56%|█████▌    | 54/97 [00:39<00:26,  1.65it/s] 72%|███████▏  | 57/79 [00:35<00:07,  2.88it/s] 50%|█████     | 50/100 [00:40<00:31,  1.61it/s] 18%|█▊        | 30/168 [00:21<00:57,  2.40it/s] 91%|█████████ | 59/65 [00:37<00:02,  2.06it/s]2026-03-27 16:39:19,385 [INFO]   Post-idealize: 593.7
 29%|██▉       | 38/129 [00:33<01:02,  1.46it/s] 61%|██████    | 63/103 [00:41<00:23,  1.72it/s] 73%|███████▎  | 58/79 [00:36<00:08,  2.56it/s] 58%|█████▊    | 56/97 [00:40<00:22,  1.78it/s] 19%|█▉        | 32/168 [00:22<00:51,  2.66it/s] 92%|█████████▏| 60/65 [00:38<00:02,  1.93it/s] 30%|███       | 39/129 [00:34<01:01,  1.45it/s] 51%|█████     | 51/100 [00:41<00:34,  1.43it/s] 62%|██████▏   | 64/103 [00:42<00:23,  1.64it/s] 76%|███████▌  | 60/79 [00:36<00:06,  2.76it/s] 20%|█▉        | 33/168 [00:22<00:55,  2.43it/s] 94%|█████████▍| 61/65 [00:38<00:02,  1.89it/s] 59%|█████▉    | 57/97 [00:40<00:23,  1.70it/s] 52%|█████▏    | 52/100 [00:41<00:31,  1.50it/s] 77%|███████▋  | 61/79 [00:37<00:07,  2.54it/s] 63%|██████▎   | 65/103 [00:43<00:23,  1.59it/s] 31%|███       | 40/129 [00:35<01:08,  1.31it/s] 95%|█████████▌| 62/65 [00:39<00:01,  1.89it/s] 21%|██        | 35/168 [00:23<00:49,  2.71it/s] 60%|█████▉    | 58/97 [00:41<00:23,  1.63it/s] 53%|█████▎    | 53/100 [00:42<00:30,  1.54it/s] 78%|███████▊  | 62/79 [00:37<00:07,  2.33it/s] 97%|█████████▋| 63/65 [00:39<00:01,  1.90it/s] 64%|██████▍   | 66/103 [00:43<00:23,  1.54it/s] 23%|██▎       | 38/168 [00:23<00:38,  3.39it/s] 32%|███▏      | 41/129 [00:36<01:05,  1.34it/s] 54%|█████▍    | 54/100 [00:42<00:28,  1.59it/s] 61%|██████    | 59/97 [00:42<00:23,  1.58it/s] 80%|███████▉  | 63/79 [00:38<00:07,  2.18it/s] 23%|██▎       | 39/168 [00:24<00:45,  2.86it/s] 65%|██████▌   | 67/103 [00:44<00:23,  1.52it/s] 98%|█████████▊| 64/65 [00:40<00:00,  1.64it/s] 33%|███▎      | 42/129 [00:36<01:03,  1.36it/s] 55%|█████▌    | 55/100 [00:43<00:27,  1.61it/s]2026-03-27 16:39:22,578 [INFO]   Post-repack: -368.7
 81%|████████  | 64/79 [00:38<00:07,  2.02it/s] 62%|██████▏   | 60/97 [00:42<00:23,  1.56it/s] 24%|██▍       | 40/168 [00:25<00:51,  2.51it/s]100%|██████████| 65/65 [00:41<00:00,  1.69it/s]100%|██████████| 65/65 [00:41<00:00,  1.57it/s]
 33%|███▎      | 43/129 [00:37<01:02,  1.39it/s] 56%|█████▌    | 56/100 [00:44<00:27,  1.60it/s] 82%|████████▏ | 65/79 [00:39<00:07,  1.93it/s] 66%|██████▌   | 68/103 [00:45<00:26,  1.32it/s] 63%|██████▎   | 61/97 [00:43<00:23,  1.54it/s]  0%|          | 0/100 [00:00<?, ?it/s] 24%|██▍       | 41/168 [00:25<01:02,  2.03it/s] 57%|█████▋    | 57/100 [00:44<00:26,  1.61it/s] 34%|███▍      | 44/129 [00:38<01:00,  1.41it/s] 64%|██████▍   | 62/97 [00:44<00:23,  1.52it/s] 67%|██████▋   | 69/103 [00:46<00:25,  1.34it/s] 84%|████████▎ | 66/79 [00:40<00:07,  1.63it/s]2026-03-27 16:39:24,149 [INFO]   Post-minimize (chi+bb): -781.4
2026-03-27 16:39:24,189 [INFO]   Post-minimize (chi only): -514.6
2026-03-27 16:39:24,323 [INFO]   Preprocessed structure -> /wynton/scratch/jqmo/rotation_datasets/augmented_ingraham_cath_bugfree/mpnn_esmfold/3mkrA00_3_preproc.pdb
2026-03-27 16:39:24,355 [INFO]   Normalized atom/residue names -> /wynton/scratch/jqmo/rotation_datasets/augmented_ingraham_cath_bugfree/mpnn_esmfold/3mkrA00_3_preproc_amber.pdb
 58%|█████▊    | 58/100 [00:45<00:25,  1.63it/s] 25%|██▌       | 42/168 [00:26<01:08,  1.84it/s] 35%|███▍      | 45/129 [00:38<00:59,  1.41it/s] 69%|██████▉   | 71/103 [00:47<00:18,  1.73it/s] 85%|████████▍ | 67/79 [00:41<00:07,  1.51it/s] 65%|██████▍   | 63/97 [00:45<00:25,  1.35it/s] 26%|██▌       | 43/168 [00:27<01:08,  1.82it/s] 36%|███▌      | 46/129 [00:39<00:58,  1.42it/s] 59%|█████▉    | 59/100 [00:46<00:28,  1.42it/s] 87%|████████▋ | 69/79 [00:41<00:05,  1.95it/s] 71%|███████   | 73/103 [00:47<00:14,  2.01it/s] 26%|██▌       | 44/168 [00:27<01:08,  1.80it/s]  1%|          | 1/100 [00:01<03:17,  1.99s/it] 66%|██████▌   | 64/97 [00:45<00:24,  1.37it/s]  6%|▌         | 6/100 [00:02<00:25,  3.65it/s] 61%|██████    | 61/100 [00:46<00:20,  1.92it/s] 90%|████████▉ | 71/79 [00:42<00:03,  2.35it/s] 27%|██▋       | 45/168 [00:28<01:08,  1.81it/s] 37%|███▋      | 48/129 [00:40<00:48,  1.68it/s] 72%|███████▏  | 74/103 [00:48<00:15,  1.85it/s] 67%|██████▋   | 65/97 [00:46<00:23,  1.39it/s] 62%|██████▏   | 62/100 [00:47<00:20,  1.81it/s] 27%|██▋       | 46/168 [00:28<01:07,  1.82it/s] 92%|█████████▏| 73/79 [00:43<00:02,  2.44it/s] 38%|███▊      | 49/129 [00:41<00:49,  1.60it/s] 73%|███████▎  | 75/103 [00:49<00:16,  1.75it/s] 69%|██████▉   | 67/97 [00:47<00:16,  1.79it/s]  8%|▊         | 8/100 [00:03<00:37,  2.45it/s] 63%|██████▎   | 63/100 [00:48<00:21,  1.75it/s] 28%|██▊       | 47/168 [00:29<01:08,  1.77it/s] 10%|█         | 10/100 [00:03<00:28,  3.17it/s] 13%|█▎        | 13/100 [00:03<00:17,  4.91it/s] 74%|███████▍  | 76/103 [00:49<00:16,  1.69it/s] 39%|███▉      | 50/129 [00:41<00:50,  1.57it/s] 17%|█▋        | 17/100 [00:04<00:10,  7.65it/s] 95%|█████████▍| 75/79 [00:43<00:01,  2.51it/s] 70%|███████   | 68/97 [00:47<00:17,  1.69it/s] 65%|██████▌   | 65/100 [00:48<00:15,  2.19it/s] 29%|██▊       | 48/168 [00:30<01:19,  1.52it/s] 96%|█████████▌| 76/79 [00:44<00:01,  2.28it/s] 76%|███████▌  | 78/103 [00:50<00:12,  2.05it/s] 40%|███▉      | 51/129 [00:42<00:51,  1.51it/s] 19%|█▉        | 19/100 [00:04<00:14,  5.40it/s] 66%|██████▌   | 66/100 [00:49<00:16,  2.05it/s] 73%|███████▎  | 71/97 [00:48<00:10,  2.44it/s] 29%|██▉       | 49/168 [00:30<01:16,  1.55it/s] 21%|██        | 21/100 [00:05<00:15,  5.07it/s] 24%|██▍       | 24/100 [00:05<00:11,  6.81it/s] 67%|██████▋   | 67/100 [00:49<00:17,  1.94it/s] 40%|████      | 52/129 [00:43<00:52,  1.47it/s] 74%|███████▍  | 72/97 [00:49<00:11,  2.15it/s] 99%|█████████▊| 78/79 [00:45<00:00,  2.17it/s] 77%|███████▋  | 79/103 [00:51<00:14,  1.66it/s] 30%|███       | 51/168 [00:31<00:56,  2.06it/s] 41%|████      | 53/129 [00:44<00:52,  1.45it/s]100%|██████████| 79/79 [00:46<00:00,  2.07it/s]100%|██████████| 79/79 [00:46<00:00,  1.71it/s]
 75%|███████▌  | 73/97 [00:49<00:12,  1.94it/s] 68%|██████▊   | 68/100 [00:50<00:19,  1.63it/s] 78%|███████▊  | 80/103 [00:52<00:14,  1.58it/s] 26%|██▌       | 26/100 [00:06<00:19,  3.84it/s] 32%|███▏      | 53/168 [00:32<00:53,  2.17it/s] 28%|██▊       | 28/100 [00:06<00:15,  4.75it/s] 43%|████▎     | 55/129 [00:44<00:39,  1.88it/s]  0%|          | 0/100 [00:00<?, ?it/s] 69%|██████▉   | 69/100 [00:51<00:19,  1.62it/s] 30%|███       | 30/100 [00:07<00:13,  5.08it/s] 82%|████████▏ | 84/103 [00:52<00:06,  2.72it/s] 32%|███▏      | 32/100 [00:07<00:11,  5.90it/s] 32%|███▏      | 54/168 [00:32<00:56,  2.02it/s] 77%|███████▋  | 75/97 [00:50<00:11,  1.98it/s] 43%|████▎     | 56/129 [00:45<00:41,  1.76it/s] 70%|███████   | 70/100 [00:52<00:18,  1.60it/s] 83%|████████▎ | 85/103 [00:53<00:07,  2.35it/s] 33%|███▎      | 55/168 [00:33<00:58,  1.94it/s] 34%|███▍      | 34/100 [00:07<00:13,  4.74it/s] 78%|███████▊  | 76/97 [00:51<00:11,  1.83it/s] 72%|███████▏  | 72/100 [00:52<00:13,  2.06it/s] 33%|███▎      | 56/168 [00:34<00:58,  1.90it/s] 35%|███▌      | 35/100 [00:08<00:18,  3.53it/s] 83%|████████▎ | 86/103 [00:54<00:08,  2.07it/s] 46%|████▌     | 59/129 [00:46<00:32,  2.18it/s] 36%|███▌      | 36/100 [00:08<00:16,  4.00it/s] 79%|███████▉  | 77/97 [00:52<00:11,  1.73it/s] 38%|███▊      | 38/100 [00:08<00:11,  5.53it/s] 40%|████      | 40/100 [00:08<00:08,  7.21it/s] 73%|███████▎  | 73/100 [00:53<00:14,  1.90it/s] 42%|████▏     | 42/100 [00:09<00:08,  6.72it/s] 84%|████████▍ | 87/103 [00:55<00:08,  1.89it/s] 35%|███▍      | 58/168 [00:34<00:53,  2.05it/s] 47%|████▋     | 60/129 [00:47<00:35,  1.95it/s] 80%|████████  | 78/97 [00:53<00:11,  1.64it/s] 74%|███████▍  | 74/100 [00:53<00:14,  1.85it/s] 44%|████▍     | 44/100 [00:09<00:12,  4.57it/s] 85%|████████▌ | 88/103 [00:55<00:08,  1.73it/s] 36%|███▌      | 60/168 [00:35<00:47,  2.29it/s]  1%|          | 1/100 [00:03<05:01,  3.04s/it] 48%|████▊     | 62/129 [00:48<00:30,  2.19it/s] 75%|███████▌  | 75/100 [00:54<00:13,  1.80it/s] 81%|████████▏ | 79/97 [00:53<00:11,  1.57it/s] 45%|████▌     | 45/100 [00:10<00:14,  3.91it/s] 46%|████▌     | 46/100 [00:10<00:13,  4.11it/s]  2%|▏         | 2/100 [00:03<02:36,  1.60s/it] 36%|███▋      | 61/168 [00:36<00:51,  2.07it/s] 76%|███████▌  | 76/100 [00:55<00:13,  1.75it/s]  3%|▎         | 3/100 [00:03<01:30,  1.07it/s] 48%|████▊     | 48/100 [00:10<00:09,  5.31it/s] 49%|████▉     | 63/129 [00:48<00:33,  1.96it/s] 84%|████████▎ | 81/97 [00:54<00:08,  1.94it/s] 50%|█████     | 50/100 [00:10<00:07,  6.94it/s]2026-03-27 16:39:34,497 [INFO] Running MC-SCE on 3mkrA00_3_amber (100 conformers, T=300.0K)
 86%|████████▋ | 89/103 [00:56<00:09,  1.44it/s] 37%|███▋      | 62/168 [00:36<00:53,  1.99it/s]  4%|▍         | 4/100 [00:04<01:21,  1.18it/s] 51%|█████     | 66/129 [00:49<00:23,  2.63it/s] 85%|████████▍ | 82/97 [00:55<00:08,  1.77it/s] 52%|█████▏    | 52/100 [00:11<00:10,  4.53it/s] 77%|███████▋  | 77/100 [00:56<00:15,  1.46it/s] 90%|█████████ | 93/103 [00:57<00:03,  2.58it/s] 38%|███▊      | 64/168 [00:37<00:43,  2.42it/s] 54%|█████▍    | 54/100 [00:12<00:10,  4.28it/s] 52%|█████▏    | 67/129 [00:50<00:26,  2.31it/s] 78%|███████▊  | 78/100 [00:56<00:14,  1.51it/s] 57%|█████▋    | 57/100 [00:12<00:06,  6.24it/s] 40%|███▉      | 67/168 [00:38<00:31,  3.24it/s]  5%|▌         | 5/100 [00:05<01:22,  1.15it/s] 91%|█████████▏| 94/103 [00:58<00:04,  2.23it/s]  8%|▊         | 8/100 [00:05<00:33,  2.71it/s] 86%|████████▌ | 83/97 [00:56<00:09,  1.48it/s] 11%|█         | 11/100 [00:05<00:19,  4.50it/s]2026-03-27 16:39:36,244 [ERROR] MC-SCE failed on 3mkrA00_3_amber: KeyError: ()
 59%|█████▉    | 59/100 [00:12<00:07,  5.33it/s] 79%|███████▉  | 79/100 [00:57<00:13,  1.54it/s] 13%|█▎        | 13/100 [00:05<00:16,  5.18it/s] 53%|█████▎    | 68/129 [00:50<00:30,  2.01it/s] 40%|████      | 68/168 [00:38<00:36,  2.77it/s] 61%|██████    | 61/100 [00:12<00:05,  6.61it/s] 93%|█████████▎| 96/103 [00:58<00:02,  2.38it/s] 87%|████████▋ | 84/97 [00:56<00:08,  1.49it/s] 41%|████      | 69/168 [00:39<00:39,  2.50it/s] 15%|█▌        | 15/100 [00:06<00:19,  4.38it/s] 63%|██████▎   | 63/100 [00:13<00:07,  5.27it/s] 80%|████████  | 80/100 [00:57<00:12,  1.55it/s] 64%|██████▍   | 64/100 [00:13<00:07,  4.77it/s] 53%|█████▎    | 69/129 [00:51<00:36,  1.65it/s] 94%|█████████▍| 97/103 [00:59<00:02,  2.10it/s] 89%|████████▊ | 86/97 [00:57<00:05,  1.85it/s] 81%|████████  | 81/100 [00:58<00:12,  1.55it/s] 65%|██████▌   | 65/100 [00:14<00:08,  4.15it/s] 42%|████▏     | 70/168 [00:40<00:50,  1.93it/s] 95%|█████████▌| 98/103 [01:00<00:02,  1.89it/s] 54%|█████▍    | 70/129 [00:52<00:37,  1.57it/s] 90%|████████▉ | 87/97 [00:58<00:05,  1.74it/s] 66%|██████▌   | 66/100 [00:14<00:09,  3.44it/s] 82%|████████▏ | 82/100 [00:59<00:11,  1.58it/s] 68%|██████▊   | 68/100 [00:14<00:06,  4.75it/s] 70%|███████   | 70/100 [00:14<00:04,  6.34it/s] 42%|████▏     | 71/168 [00:40<00:53,  1.83it/s] 55%|█████▌    | 71/129 [00:53<00:37,  1.53it/s] 91%|█████████ | 88/97 [00:58<00:05,  1.65it/s] 96%|█████████▌| 99/103 [01:01<00:02,  1.74it/s] 16%|█▌        | 16/100 [00:08<00:43,  1.93it/s] 83%|████████▎ | 83/100 [00:59<00:10,  1.60it/s] 71%|███████   | 71/100 [00:15<00:06,  4.47it/s] 17%|█▋        | 17/100 [00:08<00:36,  2.25it/s] 72%|███████▏  | 72/100 [00:15<00:05,  4.78it/s] 43%|████▎     | 72/168 [00:41<00:53,  1.78it/s] 18%|█▊        | 18/100 [00:08<00:30,  2.66it/s] 73%|███████▎  | 73/100 [00:15<00:04,  5.43it/s] 19%|█▉        | 19/100 [00:08<00:25,  3.17it/s] 74%|███████▍  | 74/100 [00:15<00:04,  5.65it/s] 20%|██        | 20/100 [00:08<00:21,  3.68it/s] 84%|████████▍ | 84/100 [01:00<00:09,  1.61it/s] 92%|█████████▏| 89/97 [00:59<00:04,  1.60it/s] 97%|█████████▋| 100/103 [01:01<00:01,  1.66it/s] 56%|█████▌    | 72/129 [00:53<00:38,  1.49it/s] 21%|██        | 21/100 [00:09<00:17,  4.40it/s] 75%|███████▌  | 75/100 [00:16<00:04,  5.58it/s] 78%|███████▊  | 78/100 [00:16<00:02,  8.90it/s] 43%|████▎     | 73/168 [00:41<00:54,  1.75it/s] 22%|██▏       | 22/100 [00:09<00:22,  3.47it/s] 80%|████████  | 80/100 [00:16<00:02,  7.37it/s] 85%|████████▌ | 85/100 [01:01<00:09,  1.60it/s] 93%|█████████▎| 90/97 [01:00<00:04,  1.55it/s] 57%|█████▋    | 73/129 [00:54<00:38,  1.47it/s] 44%|████▍     | 74/168 [00:42<00:57,  1.63it/s] 98%|█████████▊| 101/103 [01:02<00:01,  1.42it/s] 94%|█████████▍| 91/97 [01:01<00:03,  1.51it/s] 58%|█████▊    | 75/129 [00:55<00:29,  1.84it/s]2026-03-27 16:39:41,017 [INFO]   Post-idealize: 1572.5
 86%|████████▌ | 86/100 [01:01<00:10,  1.40it/s] 45%|████▍     | 75/168 [00:43<00:56,  1.64it/s] 81%|████████  | 81/100 [00:17<00:05,  3.17it/s] 99%|█████████▉| 102/103 [01:03<00:00,  1.43it/s] 23%|██▎       | 23/100 [00:10<00:43,  1.78it/s] 82%|████████▏ | 82/100 [00:17<00:04,  3.70it/s] 84%|████████▍ | 84/100 [00:17<00:03,  5.12it/s] 26%|██▌       | 26/100 [00:10<00:21,  3.47it/s] 85%|████████▌ | 85/100 [00:17<00:02,  5.71it/s] 59%|█████▉    | 76/129 [00:56<00:30,  1.72it/s] 46%|████▌     | 77/168 [00:43<00:43,  2.08it/s] 87%|████████▋ | 87/100 [01:02<00:09,  1.43it/s] 28%|██▊       | 28/100 [00:11<00:17,  4.15it/s] 88%|████████▊ | 88/100 [00:18<00:01,  7.69it/s]2026-03-27 16:39:41,874 [INFO]   Post-idealize: 5534.6
 95%|█████████▍| 92/97 [01:01<00:03,  1.35it/s]100%|██████████| 103/103 [01:04<00:00,  1.41it/s]100%|██████████| 103/103 [01:04<00:00,  1.60it/s]
 29%|██▉       | 29/100 [00:11<00:17,  4.13it/s]  0%|          | 0/100 [00:00<?, ?it/s] 30%|███       | 30/100 [00:11<00:17,  3.90it/s] 90%|█████████ | 90/100 [00:18<00:01,  5.40it/s] 88%|████████▊ | 88/100 [01:03<00:08,  1.47it/s] 60%|█████▉    | 77/129 [00:56<00:32,  1.62it/s] 91%|█████████ | 91/100 [00:18<00:01,  5.62it/s] 96%|█████████▌| 93/97 [01:02<00:02,  1.39it/s] 46%|████▋     | 78/168 [00:44<00:54,  1.66it/s] 92%|█████████▏| 92/100 [00:19<00:01,  5.41it/s] 89%|████████▉ | 89/100 [01:03<00:07,  1.50it/s] 93%|█████████▎| 93/100 [00:19<00:01,  3.94it/s] 97%|█████████▋| 94/97 [01:03<00:02,  1.39it/s] 47%|████▋     | 79/168 [00:45<00:54,  1.64it/s] 94%|█████████▍| 94/100 [00:19<00:01,  4.28it/s] 60%|██████    | 78/129 [00:57<00:36,  1.40it/s] 90%|█████████ | 90/100 [01:04<00:06,  1.53it/s] 95%|█████████▌| 95/100 [00:20<00:01,  4.05it/s] 98%|█████████▊| 95/97 [01:04<00:01,  1.43it/s]100%|██████████| 97/97 [01:04<00:00,  1.52it/s]
 96%|█████████▌| 96/100 [00:20<00:01,  3.90it/s] 48%|████▊     | 80/168 [00:46<00:53,  1.63it/s] 61%|██████    | 79/129 [00:58<00:35,  1.39it/s] 32%|███▏      | 32/100 [00:13<00:35,  1.91it/s] 91%|█████████ | 91/100 [01:05<00:05,  1.57it/s]  0%|          | 0/100 [00:00<?, ?it/s] 34%|███▍      | 34/100 [00:13<00:24,  2.71it/s] 97%|█████████▋| 97/100 [00:20<00:00,  3.04it/s]2026-03-27 16:39:44,513 [INFO]   Post-repack: 459.8
 48%|████▊     | 81/168 [00:46<00:53,  1.62it/s] 37%|███▋      | 37/100 [00:14<00:15,  3.94it/s] 98%|█████████▊| 98/100 [00:21<00:00,  3.30it/s] 92%|█████████▏| 92/100 [01:05<00:05,  1.59it/s] 63%|██████▎   | 81/129 [00:59<00:26,  1.78it/s]2026-03-27 16:39:44,911 [INFO]   Post-repack: 2508.4
100%|██████████| 100/100 [00:21<00:00,  4.37it/s]100%|██████████| 100/100 [00:21<00:00,  4.67it/s] 39%|███▉      | 39/100 [00:14<00:14,  4.21it/s]
2026-03-27 16:39:45,136 [INFO] Generated 0 conformers -> /wynton/scratch/jqmo/rotation_datasets/ai-cath_mcsce_ensembles/3ossC00_7_amber
 41%|████      | 41/100 [00:14<00:11,  5.10it/s] 49%|████▉     | 82/168 [00:47<00:55,  1.56it/s] 93%|█████████▎| 93/100 [01:06<00:04,  1.58it/s] 42%|████▏     | 42/100 [00:15<00:11,  5.03it/s] 64%|██████▎   | 82/129 [01:00<00:28,  1.64it/s] 49%|████▉     | 83/168 [00:48<00:54,  1.56it/s] 65%|██████▌   | 84/129 [01:00<00:23,  1.92it/s] 43%|████▎     | 43/100 [00:15<00:20,  2.84it/s] 94%|█████████▍| 94/100 [01:07<00:04,  1.35it/s]2026-03-27 16:39:46,497 [INFO]   Post-minimize (chi only): 320.9
 50%|█████     | 84/168 [00:48<00:52,  1.59it/s] 45%|████▌     | 45/100 [00:16<00:15,  3.54it/s] 47%|████▋     | 47/100 [00:16<00:11,  4.64it/s] 48%|████▊     | 48/100 [00:16<00:10,  4.87it/s] 95%|█████████▌| 95/100 [01:07<00:03,  1.41it/s] 51%|█████     | 85/168 [00:49<00:51,  1.61it/s] 66%|██████▌   | 85/129 [01:01<00:25,  1.72it/s] 49%|████▉     | 49/100 [00:16<00:11,  4.43it/s] 96%|█████████▌| 96/100 [01:08<00:02,  1.45it/s] 50%|█████     | 50/100 [00:17<00:12,  3.89it/s] 51%|█████     | 51/100 [00:17<00:11,  4.33it/s] 67%|██████▋   | 86/129 [01:02<00:26,  1.60it/s] 52%|█████▏    | 87/168 [00:50<00:44,  1.82it/s] 97%|█████████▋| 97/100 [01:09<00:02,  1.44it/s]2026-03-27 16:39:48,741 [INFO]   Post-minimize (chi only): 993.3
 67%|██████▋   | 87/129 [01:03<00:27,  1.50it/s] 52%|█████▏    | 88/168 [00:51<00:48,  1.66it/s] 98%|█████████▊| 98/100 [01:09<00:01,  1.47it/s] 53%|█████▎    | 53/100 [00:18<00:19,  2.42it/s]  1%|          | 1/100 [00:05<08:24,  5.10s/it]  3%|▎         | 3/100 [00:05<02:12,  1.37s/it] 56%|█████▌    | 56/100 [00:19<00:11,  3.84it/s] 54%|█████▎    | 90/168 [00:51<00:38,  2.01it/s] 57%|█████▋    | 57/100 [00:19<00:10,  4.19it/s] 99%|█████████▉| 99/100 [01:10<00:00,  1.47it/s] 59%|█████▉    | 59/100 [00:19<00:07,  5.29it/s] 68%|██████▊   | 88/129 [01:04<00:32,  1.25it/s] 54%|█████▍    | 91/168 [00:52<00:39,  1.93it/s]  4%|▍         | 4/100 [00:05<01:48,  1.14s/it]  5%|▌         | 5/100 [00:06<01:18,  1.21it/s]  8%|▊         | 8/100 [00:06<00:34,  2.70it/s]100%|██████████| 100/100 [01:11<00:00,  1.44it/s]100%|██████████| 100/100 [01:11<00:00,  1.40it/s] 60%|██████    | 60/100 [00:20<00:11,  3.53it/s]
 61%|██████    | 61/100 [00:20<00:09,  4.02it/s] 10%|█         | 10/100 [00:06<00:26,  3.37it/s] 55%|█████▍    | 92/168 [00:53<00:44,  1.71it/s]  0%|          | 0/100 [00:00<?, ?it/s] 11%|█         | 11/100 [00:06<00:23,  3.73it/s] 69%|██████▉   | 89/129 [01:05<00:38,  1.05it/s] 13%|█▎        | 13/100 [00:07<00:21,  4.06it/s] 14%|█▍        | 14/100 [00:07<00:18,  4.55it/s] 55%|█████▌    | 93/168 [00:53<00:44,  1.68it/s] 62%|██████▏   | 62/100 [00:21<00:15,  2.46it/s] 63%|██████▎   | 63/100 [00:21<00:12,  2.93it/s] 64%|██████▍   | 64/100 [00:21<00:11,  3.20it/s] 66%|██████▌   | 66/100 [00:21<00:07,  4.69it/s] 56%|█████▌    | 94/168 [00:54<00:44,  1.65it/s] 67%|██████▋   | 67/100 [00:21<00:07,  4.64it/s] 69%|██████▉   | 69/100 [00:22<00:05,  5.99it/s] 71%|███████▏  | 92/129 [01:07<00:25,  1.46it/s] 70%|███████   | 70/100 [00:22<00:05,  5.69it/s] 57%|█████▋    | 95/168 [00:54<00:44,  1.65it/s] 71%|███████   | 71/100 [00:22<00:05,  4.90it/s] 57%|█████▋    | 96/168 [00:55<00:52,  1.38it/s]  1%|          | 1/100 [00:11<19:06, 11.58s/it] 73%|███████▎  | 94/129 [01:08<00:23,  1.46it/s] 72%|███████▏  | 72/100 [00:23<00:12,  2.23it/s] 58%|█████▊    | 97/168 [00:56<00:49,  1.44it/s] 73%|███████▎  | 73/100 [00:24<00:11,  2.32it/s] 75%|███████▌  | 75/100 [00:24<00:08,  3.02it/s]  1%|          | 1/100 [00:04<06:38,  4.02s/it] 59%|█████▉    | 99/168 [00:57<00:36,  1.88it/s] 78%|███████▊  | 78/100 [00:24<00:04,  4.49it/s]  2%|▏         | 2/100 [00:04<03:02,  1.86s/it] 74%|███████▎  | 95/129 [01:09<00:28,  1.21it/s] 79%|███████▉  | 79/100 [00:25<00:04,  4.61it/s]  3%|▎         | 3/100 [00:04<01:45,  1.08s/it]  4%|▍         | 4/100 [00:04<01:07,  1.42it/s] 15%|█▌        | 15/100 [00:11<01:34,  1.11s/it]  5%|▌         | 5/100 [00:04<00:47,  2.01it/s] 60%|█████▉    | 100/168 [00:57<00:39,  1.74it/s]  6%|▌         | 6/100 [00:04<00:36,  2.61it/s] 16%|█▌        | 16/100 [00:11<01:17,  1.08it/s]  8%|▊         | 8/100 [00:05<00:20,  4.39it/s] 10%|█         | 10/100 [00:05<00:15,  5.76it/s] 17%|█▋        | 17/100 [00:12<01:04,  1.28it/s]  2%|▏         | 2/100 [00:14<10:13,  6.26s/it] 19%|█▉        | 19/100 [00:12<00:38,  2.11it/s] 60%|██████    | 101/168 [00:58<00:41,  1.60it/s] 12%|█▏        | 12/100 [00:05<00:15,  5.81it/s] 81%|████████  | 81/100 [00:26<00:06,  2.97it/s] 13%|█▎        | 13/100 [00:05<00:14,  5.96it/s] 74%|███████▍  | 96/129 [01:11<00:30,  1.07it/s] 83%|████████▎ | 83/100 [00:26<00:04,  3.78it/s] 21%|██        | 21/100 [00:12<00:30,  2.60it/s] 86%|████████▌ | 86/100 [00:26<00:02,  4.97it/s] 61%|██████    | 102/168 [00:59<00:41,  1.59it/s] 22%|██▏       | 22/100 [00:13<00:28,  2.71it/s] 88%|████████▊ | 88/100 [00:27<00:02,  4.71it/s] 61%|██████▏   | 103/168 [00:59<00:40,  1.61it/s] 75%|███████▌  | 97/129 [01:12<00:33,  1.03s/it] 89%|████████▉ | 89/100 [00:27<00:02,  3.84it/s] 23%|██▎       | 23/100 [00:14<00:41,  1.85it/s] 62%|██████▏   | 104/168 [01:00<00:39,  1.61it/s]  3%|▎         | 3/100 [00:16<07:03,  4.36s/it]  4%|▍         | 4/100 [00:16<04:31,  2.83s/it] 17%|█▋        | 17/100 [00:08<00:33,  2.47it/s] 18%|█▊        | 18/100 [00:08<00:29,  2.80it/s] 77%|███████▋  | 99/129 [01:13<00:26,  1.14it/s] 62%|██████▎   | 105/168 [01:01<00:45,  1.39it/s] 24%|██▍       | 24/100 [00:15<00:51,  1.48it/s]  5%|▌         | 5/100 [00:17<03:07,  1.98s/it] 91%|█████████ | 91/100 [00:29<00:03,  2.51it/s] 92%|█████████▏| 92/100 [00:29<00:03,  2.49it/s] 63%|██████▎   | 106/168 [01:02<00:43,  1.44it/s]  6%|▌         | 6/100 [00:17<02:23,  1.52s/it] 94%|█████████▍| 94/100 [00:29<00:01,  3.42it/s] 95%|█████████▌| 95/100 [00:29<00:01,  3.58it/s]  7%|▋         | 7/100 [00:18<01:43,  1.11s/it] 19%|█▉        | 19/100 [00:09<00:42,  1.91it/s] 25%|██▌       | 25/100 [00:16<00:58,  1.29it/s] 64%|██████▎   | 107/168 [01:02<00:41,  1.45it/s] 26%|██▌       | 26/100 [00:16<00:45,  1.61it/s] 20%|██        | 20/100 [00:09<00:40,  1.97it/s] 78%|███████▊  | 100/129 [01:15<00:31,  1.09s/it]  8%|▊         | 8/100 [00:18<01:35,  1.04s/it] 22%|██▏       | 22/100 [00:10<00:30,  2.55it/s] 23%|██▎       | 23/100 [00:10<00:25,  3.03it/s] 97%|█████████▋| 97/100 [00:31<00:01,  2.59it/s] 64%|██████▍   | 108/168 [01:03<00:44,  1.34it/s] 26%|██▌       | 26/100 [00:10<00:15,  4.87it/s]  9%|▉         | 9/100 [00:19<01:17,  1.18it/s] 98%|█████████▊| 98/100 [00:31<00:00,  2.73it/s] 27%|██▋       | 27/100 [00:17<00:54,  1.35it/s]100%|██████████| 100/100 [00:31<00:00,  3.19it/s] 27%|██▋       | 27/100 [00:10<00:16,  4.47it/s]
2026-03-27 16:40:01,996 [INFO] Generated 0 conformers -> /wynton/scratch/jqmo/rotation_datasets/ai-cath_mcsce_ensembles/1wtbA00_28_amber
 28%|██▊       | 28/100 [00:11<00:14,  4.86it/s] 29%|██▉       | 29/100 [00:17<00:36,  1.96it/s] 30%|███       | 30/100 [00:11<00:11,  6.25it/s] 65%|██████▍   | 109/168 [01:04<00:42,  1.38it/s] 10%|█         | 10/100 [00:20<01:10,  1.27it/s] 31%|███       | 31/100 [00:18<00:25,  2.68it/s] 78%|███████▊  | 101/129 [01:16<00:32,  1.16s/it] 33%|███▎      | 33/100 [00:11<00:10,  6.19it/s] 33%|███▎      | 33/100 [00:18<00:19,  3.46it/s] 12%|█▏        | 12/100 [00:20<00:47,  1.84it/s] 34%|███▍      | 34/100 [00:18<00:17,  3.86it/s] 14%|█▍        | 14/100 [00:20<00:31,  2.75it/s] 66%|██████▌   | 111/168 [01:05<00:33,  1.70it/s] 15%|█▌        | 15/100 [00:21<00:36,  2.35it/s] 68%|██████▊   | 114/168 [01:05<00:21,  2.50it/s] 79%|███████▉  | 102/129 [01:18<00:32,  1.21s/it] 16%|█▌        | 16/100 [00:21<00:33,  2.54it/s] 68%|██████▊   | 115/168 [01:06<00:23,  2.22it/s] 34%|███▍      | 34/100 [00:13<00:28,  2.30it/s] 35%|███▌      | 35/100 [00:20<00:39,  1.66it/s] 35%|███▌      | 35/100 [00:13<00:27,  2.34it/s] 36%|███▌      | 36/100 [00:14<00:23,  2.75it/s] 80%|███████▉  | 103/129 [01:19<00:31,  1.19s/it] 69%|██████▉   | 116/168 [01:07<00:29,  1.76it/s] 37%|███▋      | 37/100 [00:14<00:30,  2.10it/s] 40%|████      | 40/100 [00:15<00:16,  3.59it/s] 70%|██████▉   | 117/168 [01:08<00:31,  1.63it/s] 41%|████      | 41/100 [00:15<00:15,  3.77it/s] 81%|████████  | 104/129 [01:20<00:31,  1.26s/it] 42%|████▏     | 42/100 [00:15<00:15,  3.79it/s] 43%|████▎     | 43/100 [00:15<00:12,  4.44it/s] 36%|███▌      | 36/100 [00:22<01:00,  1.06it/s] 44%|████▍     | 44/100 [00:15<00:11,  4.90it/s] 46%|████▌     | 46/100 [00:15<00:07,  7.15it/s] 70%|███████   | 118/168 [01:09<00:32,  1.53it/s] 37%|███▋      | 37/100 [00:22<00:48,  1.30it/s] 71%|███████▏  | 120/168 [01:09<00:25,  1.89it/s] 48%|████▊     | 48/100 [00:16<00:11,  4.33it/s] 49%|████▉     | 49/100 [00:16<00:10,  4.82it/s] 38%|███▊      | 38/100 [00:23<00:51,  1.21it/s] 81%|████████▏ | 105/129 [01:22<00:31,  1.33s/it] 50%|█████     | 50/100 [00:17<00:10,  4.66it/s] 39%|███▉      | 39/100 [00:23<00:40,  1.52it/s] 72%|███████▏  | 121/168 [01:10<00:26,  1.75it/s] 40%|████      | 40/100 [00:24<00:33,  1.78it/s] 51%|█████     | 51/100 [00:17<00:18,  2.68it/s] 42%|████▏     | 42/100 [00:24<00:24,  2.39it/s] 73%|███████▎  | 123/168 [01:11<00:21,  2.08it/s] 52%|█████▏    | 52/100 [00:18<00:18,  2.57it/s] 82%|████████▏ | 106/129 [01:23<00:31,  1.36s/it] 53%|█████▎    | 53/100 [00:18<00:14,  3.18it/s] 43%|████▎     | 43/100 [00:25<00:25,  2.23it/s] 74%|███████▍  | 125/168 [01:11<00:18,  2.32it/s] 44%|████▍     | 44/100 [00:25<00:23,  2.36it/s] 17%|█▋        | 17/100 [00:27<02:36,  1.89s/it] 55%|█████▌    | 55/100 [00:19<00:16,  2.72it/s] 75%|███████▌  | 126/168 [01:12<00:21,  1.99it/s] 56%|█████▌    | 56/100 [00:19<00:18,  2.39it/s] 83%|████████▎ | 107/129 [01:25<00:30,  1.39s/it] 57%|█████▋    | 57/100 [00:20<00:17,  2.49it/s] 46%|████▌     | 46/100 [00:27<00:29,  1.86it/s] 58%|█████▊    | 58/100 [00:20<00:15,  2.72it/s] 76%|███████▌  | 127/168 [01:13<00:25,  1.61it/s] 59%|█████▉    | 59/100 [00:20<00:14,  2.92it/s] 60%|██████    | 60/100 [00:21<00:12,  3.31it/s] 61%|██████    | 61/100 [00:21<00:09,  4.04it/s] 76%|███████▌  | 128/168 [01:14<00:25,  1.58it/s] 63%|██████▎   | 63/100 [00:21<00:06,  5.39it/s] 77%|███████▋  | 129/168 [01:15<00:24,  1.58it/s] 64%|██████▍   | 64/100 [00:21<00:09,  3.65it/s] 66%|██████▌   | 66/100 [00:22<00:06,  5.40it/s] 84%|████████▎ | 108/129 [01:27<00:34,  1.62s/it] 68%|██████▊   | 68/100 [00:22<00:05,  6.20it/s] 70%|███████   | 70/100 [00:22<00:04,  6.38it/s] 47%|████▋     | 47/100 [00:29<00:50,  1.04it/s] 77%|███████▋  | 130/168 [01:15<00:27,  1.40it/s] 18%|█▊        | 18/100 [00:31<03:12,  2.34s/it] 71%|███████   | 71/100 [00:22<00:05,  5.24it/s] 48%|████▊     | 48/100 [00:29<00:43,  1.18it/s] 78%|███████▊  | 131/168 [01:16<00:26,  1.40it/s] 85%|████████▌ | 110/129 [01:29<00:23,  1.24s/it] 49%|████▉     | 49/100 [00:30<00:42,  1.20it/s] 21%|██        | 21/100 [00:32<01:43,  1.31s/it] 72%|███████▏  | 72/100 [00:24<00:11,  2.40it/s] 79%|███████▊  | 132/168 [01:17<00:24,  1.45it/s] 22%|██▏       | 22/100 [00:32<01:24,  1.08s/it] 50%|█████     | 50/100 [00:31<00:38,  1.31it/s] 73%|███████▎  | 73/100 [00:24<00:11,  2.33it/s] 74%|███████▍  | 74/100 [00:24<00:09,  2.74it/s] 79%|███████▉  | 133/168 [01:17<00:24,  1.45it/s] 75%|███████▌  | 75/100 [00:25<00:09,  2.70it/s] 86%|████████▌ | 111/129 [01:30<00:23,  1.29s/it] 80%|███████▉  | 134/168 [01:18<00:23,  1.46it/s] 51%|█████     | 51/100 [00:32<00:40,  1.21it/s] 76%|███████▌  | 76/100 [00:25<00:10,  2.32it/s] 79%|███████▉  | 79/100 [00:26<00:05,  3.99it/s] 80%|████████  | 135/168 [01:19<00:21,  1.51it/s] 80%|████████  | 80/100 [00:26<00:04,  4.42it/s] 87%|████████▋ | 112/129 [01:31<00:21,  1.25s/it] 81%|████████  | 81/100 [00:26<00:04,  4.63it/s] 52%|█████▏    | 52/100 [00:33<00:41,  1.17it/s] 23%|██▎       | 23/100 [00:35<01:43,  1.35s/it] 24%|██▍       | 24/100 [00:35<01:20,  1.06s/it] 85%|████████▌ | 85/100 [00:26<00:02,  5.56it/s] 26%|██▌       | 26/100 [00:35<00:50,  1.45it/s] 88%|████████▊ | 114/129 [01:32<00:13,  1.09it/s] 53%|█████▎    | 53/100 [00:33<00:39,  1.20it/s] 82%|████████▏ | 137/168 [01:20<00:20,  1.54it/s] 86%|████████▌ | 86/100 [00:27<00:04,  3.32it/s] 54%|█████▍    | 54/100 [00:34<00:36,  1.25it/s] 89%|████████▉ | 115/129 [01:33<00:12,  1.12it/s] 82%|████████▏ | 138/168 [01:21<00:19,  1.54it/s] 87%|████████▋ | 87/100 [00:28<00:03,  3.48it/s] 83%|████████▎ | 139/168 [01:21<00:18,  1.55it/s] 55%|█████▌    | 55/100 [00:35<00:36,  1.24it/s] 90%|████████▉ | 116/129 [01:34<00:11,  1.14it/s] 56%|█████▌    | 56/100 [00:35<00:27,  1.63it/s] 89%|████████▉ | 89/100 [00:29<00:03,  2.83it/s] 27%|██▋       | 27/100 [00:37<01:12,  1.01it/s] 57%|█████▋    | 57/100 [00:35<00:20,  2.09it/s] 90%|█████████ | 90/100 [00:29<00:03,  2.94it/s] 83%|████████▎ | 140/168 [01:22<00:17,  1.56it/s] 92%|█████████▏| 92/100 [00:29<00:01,  4.21it/s] 91%|█████████ | 117/129 [01:35<00:10,  1.17it/s] 58%|█████▊    | 58/100 [00:36<00:23,  1.83it/s] 93%|█████████▎| 93/100 [00:29<00:01,  3.60it/s] 95%|█████████▌| 95/100 [00:29<00:00,  5.10it/s] 84%|████████▍ | 141/168 [01:23<00:17,  1.54it/s] 96%|█████████▌| 96/100 [00:30<00:00,  5.34it/s] 28%|██▊       | 28/100 [00:38<01:14,  1.03s/it] 97%|█████████▋| 97/100 [00:30<00:00,  4.43it/s] 85%|████████▍ | 142/168 [01:23<00:16,  1.56it/s] 29%|██▉       | 29/100 [00:39<01:02,  1.13it/s] 59%|█████▉    | 59/100 [00:37<00:25,  1.59it/s] 60%|██████    | 60/100 [00:37<00:18,  2.11it/s] 98%|█████████▊| 98/100 [00:30<00:00,  3.47it/s] 91%|█████████▏| 118/129 [01:36<00:10,  1.02it/s] 30%|███       | 30/100 [00:39<00:51,  1.35it/s] 61%|██████    | 61/100 [00:37<00:16,  2.40it/s] 31%|███       | 31/100 [00:40<00:43,  1.58it/s] 85%|████████▌ | 143/168 [01:24<00:17,  1.46it/s] 92%|█████████▏| 119/129 [01:37<00:09,  1.06it/s] 32%|███▏      | 32/100 [00:40<00:40,  1.69it/s] 86%|████████▌ | 144/168 [01:25<00:15,  1.51it/s]100%|██████████| 100/100 [00:32<00:00,  2.35it/s]100%|██████████| 100/100 [00:32<00:00,  3.11it/s]
2026-03-27 16:40:23,335 [INFO] Generated 0 conformers -> /wynton/scratch/jqmo/rotation_datasets/ai-cath_mcsce_ensembles/2f76X00_3_reres_amber
 62%|██████▏   | 62/100 [00:39<00:28,  1.32it/s] 93%|█████████▎| 120/129 [01:38<00:08,  1.10it/s] 86%|████████▋ | 145/168 [01:25<00:16,  1.40it/s] 63%|██████▎   | 63/100 [00:39<00:24,  1.53it/s] 64%|██████▍   | 64/100 [00:40<00:23,  1.53it/s] 87%|████████▋ | 146/168 [01:27<00:18,  1.20it/s] 66%|██████▌   | 66/100 [00:40<00:14,  2.35it/s] 94%|█████████▍| 121/129 [01:39<00:08,  1.04s/it] 67%|██████▋   | 67/100 [00:40<00:12,  2.63it/s] 88%|████████▊ | 147/168 [01:27<00:16,  1.24it/s] 69%|██████▉   | 69/100 [00:41<00:11,  2.65it/s] 95%|█████████▍| 122/129 [01:40<00:07,  1.14s/it] 88%|████████▊ | 148/168 [01:28<00:15,  1.26it/s] 89%|████████▊ | 149/168 [01:29<00:14,  1.33it/s] 95%|█████████▌| 123/129 [01:42<00:07,  1.20s/it] 89%|████████▉ | 150/168 [01:29<00:13,  1.36it/s] 72%|███████▏  | 72/100 [00:43<00:15,  1.84it/s] 33%|███▎      | 33/100 [00:45<02:13,  1.99s/it] 73%|███████▎  | 73/100 [00:44<00:13,  1.97it/s] 90%|████████▉ | 151/168 [01:30<00:12,  1.36it/s] 74%|███████▍  | 74/100 [00:44<00:12,  2.01it/s] 96%|█████████▌| 124/129 [01:43<00:06,  1.23s/it] 90%|█████████ | 152/168 [01:31<00:11,  1.37it/s] 75%|███████▌  | 75/100 [00:45<00:13,  1.81it/s] 76%|███████▌  | 76/100 [00:45<00:11,  2.17it/s] 91%|█████████ | 153/168 [01:32<00:10,  1.42it/s] 98%|█████████▊| 127/129 [01:44<00:01,  1.23it/s] 92%|█████████▏| 154/168 [01:32<00:10,  1.39it/s] 77%|███████▋  | 77/100 [00:46<00:13,  1.72it/s] 34%|███▍      | 34/100 [00:48<02:22,  2.15s/it] 78%|███████▊  | 78/100 [00:46<00:11,  1.86it/s] 79%|███████▉  | 79/100 [00:47<00:09,  2.33it/s] 35%|███▌      | 35/100 [00:49<01:55,  1.78s/it] 80%|████████  | 80/100 [00:47<00:08,  2.39it/s] 99%|█████████▉| 128/129 [01:46<00:00,  1.08it/s]100%|██████████| 129/129 [01:46<00:00,  1.21it/s]
 92%|█████████▏| 155/168 [01:34<00:11,  1.10it/s]  0%|          | 0/100 [00:00<?, ?it/s] 81%|████████  | 81/100 [00:48<00:09,  1.90it/s] 36%|███▌      | 36/100 [00:50<01:38,  1.54s/it] 93%|█████████▎| 156/168 [01:34<00:10,  1.19it/s] 37%|███▋      | 37/100 [00:50<01:19,  1.26s/it] 93%|█████████▎| 157/168 [01:35<00:08,  1.25it/s] 94%|█████████▍| 158/168 [01:36<00:07,  1.30it/s] 82%|████████▏ | 82/100 [00:50<00:16,  1.08it/s] 38%|███▊      | 38/100 [00:52<01:19,  1.28s/it] 95%|█████████▍| 159/168 [01:36<00:06,  1.32it/s] 83%|████████▎ | 83/100 [00:50<00:13,  1.24it/s] 95%|█████████▌| 160/168 [01:37<00:06,  1.33it/s] 84%|████████▍ | 84/100 [00:51<00:12,  1.30it/s] 40%|████      | 40/100 [00:53<00:59,  1.01it/s] 85%|████████▌ | 85/100 [00:51<00:10,  1.39it/s] 96%|█████████▌| 161/168 [01:38<00:05,  1.35it/s] 96%|█████████▋| 162/168 [01:39<00:04,  1.37it/s] 86%|████████▌ | 86/100 [00:52<00:10,  1.32it/s] 87%|████████▋ | 87/100 [00:52<00:07,  1.72it/s] 41%|████      | 41/100 [00:55<01:05,  1.11s/it] 88%|████████▊ | 88/100 [00:53<00:06,  2.00it/s] 43%|████▎     | 43/100 [00:55<00:39,  1.43it/s] 97%|█████████▋| 163/168 [01:39<00:03,  1.40it/s] 89%|████████▉ | 89/100 [00:53<00:05,  1.87it/s] 90%|█████████ | 90/100 [00:54<00:04,  2.28it/s] 91%|█████████ | 91/100 [00:54<00:03,  2.75it/s] 98%|█████████▊| 164/168 [01:40<00:03,  1.20it/s] 92%|█████████▏| 92/100 [00:54<00:03,  2.57it/s] 93%|█████████▎| 93/100 [00:55<00:02,  2.72it/s] 99%|█████████▉| 166/168 [01:41<00:01,  1.64it/s] 94%|█████████▍| 94/100 [00:55<00:02,  2.21it/s]  1%|          | 1/100 [00:07<12:42,  7.70s/it] 99%|█████████▉| 167/168 [01:42<00:00,  1.57it/s]  2%|▏         | 2/100 [00:08<05:29,  3.36s/it]  4%|▍         | 4/100 [00:08<02:06,  1.32s/it] 45%|████▌     | 45/100 [00:58<00:57,  1.04s/it]  5%|▌         | 5/100 [00:08<01:32,  1.02it/s]100%|██████████| 168/168 [01:43<00:00,  1.49it/s]100%|██████████| 168/168 [01:43<00:00,  1.63it/s]
 95%|█████████▌| 95/100 [00:56<00:03,  1.51it/s]  6%|▌         | 6/100 [00:08<01:11,  1.31it/s]  7%|▋         | 7/100 [00:08<00:52,  1.77it/s] 46%|████▌     | 46/100 [00:59<00:50,  1.07it/s]  9%|▉         | 9/100 [00:09<00:31,  2.92it/s] 47%|████▋     | 47/100 [00:59<00:40,  1.31it/s] 12%|█▏        | 12/100 [00:09<00:16,  5.26it/s] 48%|████▊     | 48/100 [00:59<00:33,  1.57it/s] 14%|█▍        | 14/100 [00:09<00:15,  5.43it/s] 16%|█▌        | 16/100 [00:09<00:12,  6.58it/s]  0%|          | 0/100 [00:00<?, ?it/s] 96%|█████████▌| 96/100 [00:58<00:03,  1.18it/s] 49%|████▉     | 49/100 [01:00<00:38,  1.33it/s]  1%|          | 1/100 [00:01<01:44,  1.06s/it]  6%|▌         | 6/100 [00:01<00:14,  6.38it/s] 11%|█         | 11/100 [00:01<00:07, 11.94it/s] 50%|█████     | 50/100 [01:01<00:36,  1.36it/s] 14%|█▍        | 14/100 [00:01<00:10,  8.20it/s] 18%|█▊        | 18/100 [00:02<00:07, 10.68it/s] 20%|██        | 20/100 [00:02<00:07, 10.91it/s] 22%|██▏       | 22/100 [00:02<00:06, 11.49it/s] 97%|█████████▋| 97/100 [01:00<00:03,  1.26s/it] 51%|█████     | 51/100 [01:03<00:55,  1.14s/it] 98%|█████████▊| 98/100 [01:02<00:02,  1.42s/it] 52%|█████▏    | 52/100 [01:04<00:51,  1.07s/it] 25%|██▌       | 25/100 [00:04<00:24,  3.07it/s] 27%|██▋       | 27/100 [00:05<00:19,  3.72it/s] 53%|█████▎    | 53/100 [01:04<00:44,  1.06it/s] 18%|█▊        | 18/100 [00:14<01:15,  1.08it/s] 19%|█▉        | 19/100 [00:15<01:09,  1.16it/s] 21%|██        | 21/100 [00:15<00:48,  1.64it/s]2026-03-27 16:40:48,287 [INFO]   Post-minimize (chi+bb): -904.3
 99%|█████████▉| 99/100 [01:04<00:01,  1.57s/it]2026-03-27 16:40:48,429 [INFO]   Preprocessed structure -> /wynton/scratch/jqmo/rotation_datasets/augmented_ingraham_cath_bugfree/mpnn_esmfold/4ig1A00_19_preproc.pdb
2026-03-27 16:40:48,472 [INFO]   Normalized atom/residue names -> /wynton/scratch/jqmo/rotation_datasets/augmented_ingraham_cath_bugfree/mpnn_esmfold/4ig1A00_19_preproc_amber.pdb
 29%|██▉       | 29/100 [00:06<00:26,  2.63it/s] 31%|███       | 31/100 [00:06<00:20,  3.34it/s] 33%|███▎      | 33/100 [00:06<00:15,  4.29it/s] 23%|██▎       | 23/100 [00:16<00:39,  1.96it/s] 25%|██▌       | 25/100 [00:16<00:28,  2.63it/s] 26%|██▌       | 26/100 [00:16<00:25,  2.88it/s] 27%|██▋       | 27/100 [00:17<00:25,  2.87it/s] 35%|███▌      | 35/100 [00:07<00:18,  3.46it/s] 30%|███       | 30/100 [00:17<00:15,  4.53it/s] 32%|███▏      | 32/100 [00:17<00:14,  4.83it/s]100%|██████████| 100/100 [01:06<00:00,  1.85s/it]100%|██████████| 100/100 [01:06<00:00,  1.50it/s] 36%|███▌      | 36/100 [00:08<00:29,  2.19it/s] 54%|█████▍    | 54/100 [01:08<01:20,  1.76s/it]
2026-03-27 16:40:50,985 [INFO] Generated 8 conformers -> /wynton/scratch/jqmo/rotation_datasets/ai-cath_mcsce_ensembles/3stjA03_13_amber
 37%|███▋      | 37/100 [00:09<00:28,  2.20it/s] 39%|███▉      | 39/100 [00:09<00:19,  3.12it/s] 55%|█████▌    | 55/100 [01:09<01:04,  1.43s/it] 40%|████      | 40/100 [00:09<00:18,  3.33it/s] 56%|█████▌    | 56/100 [01:10<01:01,  1.39s/it] 43%|████▎     | 43/100 [00:10<00:19,  2.85it/s] 45%|████▌     | 45/100 [00:11<00:17,  3.20it/s] 33%|███▎      | 33/100 [00:21<00:51,  1.30it/s] 46%|████▌     | 46/100 [00:11<00:18,  2.98it/s] 48%|████▊     | 48/100 [00:12<00:13,  3.83it/s] 57%|█████▋    | 57/100 [01:11<00:58,  1.36s/it] 34%|███▍      | 34/100 [00:21<00:52,  1.25it/s] 58%|█████▊    | 58/100 [01:12<00:43,  1.04s/it] 50%|█████     | 50/100 [00:13<00:18,  2.75it/s] 35%|███▌      | 35/100 [00:22<00:53,  1.22it/s] 51%|█████     | 51/100 [00:13<00:16,  2.92it/s] 59%|█████▉    | 59/100 [01:13<00:42,  1.04s/it] 53%|█████▎    | 53/100 [00:13<00:11,  3.92it/s] 54%|█████▍    | 54/100 [00:13<00:11,  4.18it/s] 61%|██████    | 61/100 [01:13<00:25,  1.55it/s] 55%|█████▌    | 55/100 [00:14<00:10,  4.15it/s] 37%|███▋      | 37/100 [00:23<00:42,  1.48it/s] 56%|█████▌    | 56/100 [00:14<00:09,  4.54it/s] 38%|███▊      | 38/100 [00:24<00:36,  1.68it/s] 39%|███▉      | 39/100 [00:24<00:30,  2.01it/s] 40%|████      | 40/100 [00:24<00:26,  2.23it/s] 58%|█████▊    | 58/100 [00:15<00:13,  3.17it/s] 59%|█████▉    | 59/100 [00:15<00:12,  3.33it/s] 42%|████▏     | 42/100 [00:25<00:24,  2.38it/s] 62%|██████▏   | 62/100 [01:15<00:35,  1.07it/s] 61%|██████    | 61/100 [00:15<00:10,  3.68it/s] 44%|████▍     | 44/100 [00:25<00:16,  3.35it/s] 62%|██████▏   | 62/100 [00:16<00:09,  3.92it/s] 45%|████▌     | 45/100 [00:25<00:15,  3.53it/s] 63%|██████▎   | 63/100 [00:16<00:10,  3.60it/s] 46%|████▌     | 46/100 [00:26<00:19,  2.83it/s] 63%|██████▎   | 63/100 [01:16<00:38,  1.04s/it] 65%|██████▌   | 65/100 [00:17<00:10,  3.27it/s] 47%|████▋     | 47/100 [00:26<00:19,  2.76it/s] 48%|████▊     | 48/100 [00:26<00:17,  2.90it/s] 64%|██████▍   | 64/100 [01:17<00:32,  1.10it/s] 66%|██████▌   | 66/100 [00:17<00:12,  2.72it/s] 67%|██████▋   | 67/100 [00:17<00:10,  3.01it/s]2026-03-27 16:41:00,115 [INFO] Running MC-SCE on 4ig1A00_19_amber (100 conformers, T=300.0K)
 49%|████▉     | 49/100 [00:27<00:23,  2.19it/s] 68%|██████▊   | 68/100 [00:18<00:10,  3.16it/s] 69%|██████▉   | 69/100 [00:18<00:08,  3.87it/s] 65%|██████▌   | 65/100 [01:18<00:29,  1.17it/s] 70%|███████   | 70/100 [00:18<00:09,  3.05it/s] 50%|█████     | 50/100 [00:28<00:25,  1.95it/s] 51%|█████     | 51/100 [00:28<00:24,  1.97it/s] 72%|███████▏  | 72/100 [00:19<00:08,  3.33it/s] 73%|███████▎  | 73/100 [00:19<00:08,  3.18it/s] 76%|███████▌  | 76/100 [00:19<00:04,  5.64it/s] 52%|█████▏    | 52/100 [00:29<00:24,  1.93it/s] 66%|██████▌   | 66/100 [01:19<00:36,  1.08s/it] 77%|███████▋  | 77/100 [00:20<00:05,  4.32it/s] 53%|█████▎    | 53/100 [00:30<00:25,  1.83it/s] 79%|███████▉  | 79/100 [00:20<00:04,  5.05it/s]2026-03-27 16:41:02,603 [ERROR] MC-SCE failed on 4ig1A00_19_amber: KeyError: ()
 67%|██████▋   | 67/100 [01:20<00:31,  1.05it/s] 80%|████████  | 80/100 [00:20<00:04,  4.07it/s] 54%|█████▍    | 54/100 [00:30<00:27,  1.64it/s] 68%|██████▊   | 68/100 [01:21<00:28,  1.12it/s] 81%|████████  | 81/100 [00:21<00:05,  3.42it/s] 55%|█████▌    | 55/100 [00:31<00:28,  1.56it/s] 83%|████████▎ | 83/100 [00:22<00:05,  2.93it/s] 84%|████████▍ | 84/100 [00:22<00:04,  3.43it/s] 56%|█████▌    | 56/100 [00:32<00:28,  1.55it/s] 85%|████████▌ | 85/100 [00:22<00:04,  3.34it/s] 69%|██████▉   | 69/100 [01:22<00:34,  1.12s/it] 87%|████████▋ | 87/100 [00:23<00:03,  3.26it/s] 57%|█████▋    | 57/100 [00:33<00:35,  1.22it/s] 88%|████████▊ | 88/100 [00:23<00:04,  2.62it/s] 89%|████████▉ | 89/100 [00:24<00:03,  3.13it/s] 58%|█████▊    | 58/100 [00:33<00:28,  1.50it/s] 60%|██████    | 60/100 [00:33<00:16,  2.37it/s] 70%|███████   | 70/100 [01:24<00:36,  1.21s/it] 61%|██████    | 61/100 [00:34<00:13,  2.84it/s] 93%|█████████▎| 93/100 [00:24<00:01,  4.33it/s] 62%|██████▏   | 62/100 [00:34<00:15,  2.51it/s] 94%|█████████▍| 94/100 [00:25<00:01,  3.98it/s] 63%|██████▎   | 63/100 [00:34<00:12,  2.92it/s] 95%|█████████▌| 95/100 [00:25<00:01,  3.87it/s] 65%|██████▌   | 65/100 [00:35<00:09,  3.65it/s] 96%|█████████▌| 96/100 [00:25<00:01,  3.40it/s] 97%|█████████▋| 97/100 [00:25<00:00,  3.91it/s] 66%|██████▌   | 66/100 [00:35<00:10,  3.19it/s] 98%|█████████▊| 98/100 [00:26<00:00,  3.72it/s] 71%|███████   | 71/100 [01:26<00:44,  1.53s/it] 67%|██████▋   | 67/100 [00:36<00:17,  1.93it/s] 69%|██████▉   | 69/100 [00:37<00:14,  2.19it/s] 72%|███████▏  | 72/100 [01:27<00:40,  1.44s/it] 70%|███████   | 70/100 [00:37<00:12,  2.43it/s] 99%|█████████▉| 99/100 [00:28<00:00,  1.14it/s]100%|██████████| 100/100 [00:28<00:00,  3.47it/s] 73%|███████▎  | 73/100 [01:28<00:36,  1.35s/it] 71%|███████   | 71/100 [00:38<00:15,  1.89it/s]
2026-03-27 16:41:11,260 [INFO] Generated 0 conformers -> /wynton/scratch/jqmo/rotation_datasets/ai-cath_mcsce_ensembles/1yb5A02_24_amber
 72%|███████▏  | 72/100 [00:39<00:13,  2.08it/s]2026-03-27 16:41:11,472 [INFO]   Post-minimize (chi+bb): -889.4
2026-03-27 16:41:11,592 [INFO]   Preprocessed structure -> /wynton/scratch/jqmo/rotation_datasets/augmented_ingraham_cath_bugfree/mpnn_esmfold/3sreA00_30_preproc.pdb
2026-03-27 16:41:11,637 [INFO]   Normalized atom/residue names -> /wynton/scratch/jqmo/rotation_datasets/augmented_ingraham_cath_bugfree/mpnn_esmfold/3sreA00_30_preproc_amber.pdb
 73%|███████▎  | 73/100 [00:39<00:14,  1.83it/s] 74%|███████▍  | 74/100 [00:40<00:12,  2.04it/s] 75%|███████▌  | 75/100 [00:40<00:10,  2.36it/s] 76%|███████▌  | 76/100 [00:40<00:08,  2.83it/s] 74%|███████▍  | 74/100 [01:31<00:42,  1.62s/it] 75%|███████▌  | 75/100 [01:31<00:30,  1.21s/it] 77%|███████▋  | 77/100 [01:31<00:15,  1.47it/s] 77%|███████▋  | 77/100 [00:42<00:17,  1.35it/s] 78%|███████▊  | 78/100 [00:42<00:12,  1.80it/s] 79%|███████▉  | 79/100 [00:42<00:10,  2.09it/s] 80%|████████  | 80/100 [00:42<00:08,  2.44it/s] 81%|████████  | 81/100 [00:43<00:07,  2.53it/s] 82%|████████▏ | 82/100 [00:43<00:07,  2.43it/s] 83%|████████▎ | 83/100 [00:44<00:08,  2.07it/s] 78%|███████▊  | 78/100 [01:35<00:31,  1.44s/it] 84%|████████▍ | 84/100 [00:45<00:09,  1.66it/s] 85%|████████▌ | 85/100 [00:45<00:07,  2.03it/s] 79%|███████▉  | 79/100 [01:35<00:25,  1.19s/it] 86%|████████▌ | 86/100 [00:45<00:06,  2.29it/s] 80%|████████  | 80/100 [01:36<00:20,  1.03s/it] 88%|████████▊ | 88/100 [00:46<00:04,  2.49it/s] 89%|████████▉ | 89/100 [00:47<00:05,  1.92it/s] 82%|████████▏ | 82/100 [01:37<00:15,  1.16it/s] 90%|█████████ | 90/100 [00:47<00:04,  2.05it/s] 92%|█████████▏| 92/100 [00:47<00:02,  3.08it/s] 93%|█████████▎| 93/100 [00:48<00:02,  2.49it/s] 94%|█████████▍| 94/100 [00:48<00:02,  2.75it/s] 95%|█████████▌| 95/100 [00:49<00:01,  2.54it/s]2026-03-27 16:41:22,148 [INFO] Running MC-SCE on 3sreA00_30_amber (100 conformers, T=300.0K)
 96%|█████████▌| 96/100 [00:49<00:01,  2.36it/s] 83%|████████▎ | 83/100 [01:40<00:22,  1.34s/it] 97%|█████████▋| 97/100 [00:50<00:01,  1.97it/s] 98%|█████████▊| 98/100 [00:50<00:00,  2.29it/s] 84%|████████▍ | 84/100 [01:41<00:19,  1.22s/it] 99%|█████████▉| 99/100 [00:51<00:00,  2.36it/s] 85%|████████▌ | 85/100 [01:41<00:14,  1.06it/s] 86%|████████▌ | 86/100 [01:41<00:10,  1.31it/s]100%|██████████| 100/100 [00:51<00:00,  2.16it/s]100%|██████████| 100/100 [00:51<00:00,  1.93it/s] 87%|████████▋ | 87/100 [01:41<00:07,  1.70it/s]KeyError: ()

2026-03-27 16:41:24,346 [INFO] Generated 0 conformers -> /wynton/scratch/jqmo/rotation_datasets/ai-cath_mcsce_ensembles/3buxB01_22_reres_amber
2026-03-27 16:41:24,454 [INFO]   Minimized 27.pdb: 2057.6 -> -169.3
 88%|████████▊ | 88/100 [01:42<00:06,  1.92it/s] 89%|████████▉ | 89/100 [01:43<00:08,  1.37it/s] 90%|█████████ | 90/100 [01:44<00:07,  1.40it/s] 91%|█████████ | 91/100 [01:47<00:14,  1.64s/it] 92%|█████████▏| 92/100 [01:48<00:09,  1.24s/it] 93%|█████████▎| 93/100 [01:48<00:06,  1.02it/s] 94%|█████████▍| 94/100 [01:49<00:06,  1.07s/it] 95%|█████████▌| 95/100 [01:52<00:07,  1.52s/it] 96%|█████████▌| 96/100 [01:53<00:04,  1.21s/it] 98%|█████████▊| 98/100 [01:53<00:01,  1.20it/s] 99%|█████████▉| 99/100 [01:53<00:00,  1.49it/s]100%|██████████| 100/100 [01:54<00:00,  1.59it/s]100%|██████████| 100/100 [01:54<00:00,  1.14s/it]
2026-03-27 16:41:36,901 [INFO] Generated 28 conformers -> /wynton/scratch/jqmo/rotation_datasets/ai-cath_mcsce_ensembles/3uk2A02_1_amber
2026-03-27 16:41:55,668 [INFO]   Minimized 28.pdb: 2191.0 -> -281.6
2026-03-27 16:42:12,072 [INFO]   Minimized 1.pdb: 1205.4 -> -288.5
2026-03-27 16:42:20,510 [INFO]   Minimized 47.pdb: 1960.3 -> -309.3
2026-03-27 16:42:47,322 [INFO]   Minimized 10.pdb: 1325.9 -> -160.7
2026-03-27 16:42:48,707 [INFO]   Minimized 55.pdb: 2156.6 -> -186.2
2026-03-27 16:43:03,515 [INFO]   Post-minimize (chi+bb): -625.5
2026-03-27 16:43:03,642 [INFO]   Preprocessed structure -> /wynton/scratch/jqmo/rotation_datasets/augmented_ingraham_cath_bugfree/mpnn_esmfold/3wx7A01_4_preproc.pdb
2026-03-27 16:43:03,684 [INFO]   Normalized atom/residue names -> /wynton/scratch/jqmo/rotation_datasets/augmented_ingraham_cath_bugfree/mpnn_esmfold/3wx7A01_4_preproc_amber.pdb
2026-03-27 16:43:13,825 [INFO]   Minimized 61.pdb: 1917.4 -> -153.6
2026-03-27 16:43:14,724 [INFO] Running MC-SCE on 3wx7A01_4_amber (100 conformers, T=300.0K)
2026-03-27 16:43:16,493 [ERROR] MC-SCE failed on 3wx7A01_4_amber: KeyError: ()
2026-03-27 16:43:23,586 [INFO]   Minimized 12.pdb: 1250.1 -> -275.2
2026-03-27 16:43:25,767 [INFO]   Minimized 73.pdb: 2270.4 -> -261.4
2026-03-27 16:43:57,317 [INFO]   Minimized 19.pdb: 1206.6 -> -290.0
2026-03-27 16:44:01,363 [INFO]   Minimized 85.pdb: 1945.3 -> -283.5
2026-03-27 16:44:29,208 [INFO]   Minimized 2.pdb: 1260.4 -> -286.0
2026-03-27 16:44:30,590 [INFO]   Minimized 92.pdb: 2011.0 -> -307.6
2026-03-27 16:45:03,073 [INFO]   Minimized 28.pdb: 1221.7 -> -284.6
2026-03-27 16:45:42,657 [INFO]   Minimized 32.pdb: 1238.2 -> -288.2
2026-03-27 16:46:12,155 [INFO]   Minimized 33.pdb: 1246.5 -> -283.6
2026-03-27 16:46:43,784 [INFO]   Minimized 34.pdb: 1322.2 -> -138.8
2026-03-27 16:47:06,180 [INFO]   Minimized 35.pdb: 1100.0 -> -297.9
2026-03-27 16:47:33,748 [INFO]   Minimized 38.pdb: 1139.6 -> -276.0
2026-03-27 16:48:07,232 [INFO]   Minimized 43.pdb: 1246.0 -> -256.6
2026-03-27 16:48:37,630 [INFO]   Minimized 46.pdb: 1259.4 -> -284.7
2026-03-27 16:49:12,456 [INFO]   Minimized 47.pdb: 1189.6 -> -285.2
2026-03-27 16:49:36,293 [INFO]   Minimized 48.pdb: 1238.2 -> -149.8
2026-03-27 16:50:01,184 [INFO]   Minimized 55.pdb: 1350.2 -> -159.8
2026-03-27 16:50:24,734 [INFO]   Minimized 6.pdb: 1204.6 -> -280.5
2026-03-27 16:50:52,002 [INFO]   Minimized 65.pdb: 1167.4 -> -276.7
2026-03-27 16:51:21,875 [INFO]   Minimized 73.pdb: 1205.3 -> -275.7
2026-03-27 16:51:54,477 [INFO]   Minimized 77.pdb: 1298.4 -> -287.6
2026-03-27 16:52:48,080 [INFO]   Minimized 78.pdb: 1213.5 -> -283.0
2026-03-27 16:53:15,919 [INFO]   Minimized 82.pdb: 1188.8 -> -298.1
2026-03-27 16:53:49,790 [INFO]   Minimized 83.pdb: 1152.3 -> -295.1
2026-03-27 16:54:31,976 [INFO]   Minimized 89.pdb: 1164.4 -> -289.4
2026-03-27 16:54:57,651 [INFO]   Minimized 92.pdb: 1203.3 -> -149.8
2026-03-27 16:55:44,594 [INFO]   Minimized 93.pdb: 1226.8 -> -282.6
2026-03-27 16:56:45,606 [INFO]   Minimized 97.pdb: 1201.5 -> -279.5
2026-03-27 16:57:12,915 [INFO]   Minimized 98.pdb: 1285.5 -> -265.9
