2026-03-27 13:57:12,457 [INFO] Found rosetta database at: /wynton/home/rotation/jqmo/.conda/envs/mcsce/lib/python3.7/site-packages/pyrosetta/database; using it....
2026-03-27 13:57:12,468 [INFO] ┌──────────────────────────────────────────────────────────────────────────────┐
│                                 PyRosetta-4                                  │
│              Created in JHU by Sergey Lyskov and PyRosetta Team              │
│              (C) Copyright Rosetta Commons Member Institutions               │
│                                                                              │
│ NOTE: USE OF PyRosetta FOR COMMERCIAL PURPOSES REQUIRE PURCHASE OF A LICENSE │
│         See LICENSE.PyRosetta.md or email license@uw.edu for details         │
└──────────────────────────────────────────────────────────────────────────────┘
PyRosetta-4 2024 [Rosetta PyRosetta4.conda.linux.cxx11thread.serialization.CentOS.python37.Release 2024.39+release.59628fbc5bc09f1221e1642f1f8d157ce49b1410 2024-09-23T07:49:48] retrieved from: http://www.pyrosetta.org
2026-03-27 13:57:12,489 [INFO] Found rosetta database at: /wynton/home/rotation/jqmo/.conda/envs/mcsce/lib/python3.7/site-packages/pyrosetta/database; using it....
2026-03-27 13:57:12,490 [INFO] ┌──────────────────────────────────────────────────────────────────────────────┐
│                                 PyRosetta-4                                  │
│              Created in JHU by Sergey Lyskov and PyRosetta Team              │
│              (C) Copyright Rosetta Commons Member Institutions               │
│                                                                              │
│ NOTE: USE OF PyRosetta FOR COMMERCIAL PURPOSES REQUIRE PURCHASE OF A LICENSE │
│         See LICENSE.PyRosetta.md or email license@uw.edu for details         │
└──────────────────────────────────────────────────────────────────────────────┘
PyRosetta-4 2024 [Rosetta PyRosetta4.conda.linux.cxx11thread.serialization.CentOS.python37.Release 2024.39+release.59628fbc5bc09f1221e1642f1f8d157ce49b1410 2024-09-23T07:49:48] retrieved from: http://www.pyrosetta.org
2026-03-27 13:57:12,773 [INFO] Found rosetta database at: /wynton/home/rotation/jqmo/.conda/envs/mcsce/lib/python3.7/site-packages/pyrosetta/database; using it....
2026-03-27 13:57:12,774 [INFO] ┌──────────────────────────────────────────────────────────────────────────────┐
│                                 PyRosetta-4                                  │
│              Created in JHU by Sergey Lyskov and PyRosetta Team              │
│              (C) Copyright Rosetta Commons Member Institutions               │
│                                                                              │
│ NOTE: USE OF PyRosetta FOR COMMERCIAL PURPOSES REQUIRE PURCHASE OF A LICENSE │
│         See LICENSE.PyRosetta.md or email license@uw.edu for details         │
└──────────────────────────────────────────────────────────────────────────────┘
PyRosetta-4 2024 [Rosetta PyRosetta4.conda.linux.cxx11thread.serialization.CentOS.python37.Release 2024.39+release.59628fbc5bc09f1221e1642f1f8d157ce49b1410 2024-09-23T07:49:48] retrieved from: http://www.pyrosetta.org
2026-03-27 13:57:12,852 [INFO] Found rosetta database at: /wynton/home/rotation/jqmo/.conda/envs/mcsce/lib/python3.7/site-packages/pyrosetta/database; using it....
2026-03-27 13:57:12,853 [INFO] ┌──────────────────────────────────────────────────────────────────────────────┐
│                                 PyRosetta-4                                  │
│              Created in JHU by Sergey Lyskov and PyRosetta Team              │
│              (C) Copyright Rosetta Commons Member Institutions               │
│                                                                              │
│ NOTE: USE OF PyRosetta FOR COMMERCIAL PURPOSES REQUIRE PURCHASE OF A LICENSE │
│         See LICENSE.PyRosetta.md or email license@uw.edu for details         │
└──────────────────────────────────────────────────────────────────────────────┘
PyRosetta-4 2024 [Rosetta PyRosetta4.conda.linux.cxx11thread.serialization.CentOS.python37.Release 2024.39+release.59628fbc5bc09f1221e1642f1f8d157ce49b1410 2024-09-23T07:49:48] retrieved from: http://www.pyrosetta.org
2026-03-27 13:57:12,898 [INFO] Found rosetta database at: /wynton/home/rotation/jqmo/.conda/envs/mcsce/lib/python3.7/site-packages/pyrosetta/database; using it....
2026-03-27 13:57:12,899 [INFO] ┌──────────────────────────────────────────────────────────────────────────────┐
│                                 PyRosetta-4                                  │
│              Created in JHU by Sergey Lyskov and PyRosetta Team              │
│              (C) Copyright Rosetta Commons Member Institutions               │
│                                                                              │
│ NOTE: USE OF PyRosetta FOR COMMERCIAL PURPOSES REQUIRE PURCHASE OF A LICENSE │
│         See LICENSE.PyRosetta.md or email license@uw.edu for details         │
└──────────────────────────────────────────────────────────────────────────────┘
PyRosetta-4 2024 [Rosetta PyRosetta4.conda.linux.cxx11thread.serialization.CentOS.python37.Release 2024.39+release.59628fbc5bc09f1221e1642f1f8d157ce49b1410 2024-09-23T07:49:48] retrieved from: http://www.pyrosetta.org
2026-03-27 13:57:12,901 [INFO] Found rosetta database at: /wynton/home/rotation/jqmo/.conda/envs/mcsce/lib/python3.7/site-packages/pyrosetta/database; using it....
2026-03-27 13:57:12,902 [INFO] ┌──────────────────────────────────────────────────────────────────────────────┐
│                                 PyRosetta-4                                  │
│              Created in JHU by Sergey Lyskov and PyRosetta Team              │
│              (C) Copyright Rosetta Commons Member Institutions               │
│                                                                              │
│ NOTE: USE OF PyRosetta FOR COMMERCIAL PURPOSES REQUIRE PURCHASE OF A LICENSE │
│         See LICENSE.PyRosetta.md or email license@uw.edu for details         │
└──────────────────────────────────────────────────────────────────────────────┘
PyRosetta-4 2024 [Rosetta PyRosetta4.conda.linux.cxx11thread.serialization.CentOS.python37.Release 2024.39+release.59628fbc5bc09f1221e1642f1f8d157ce49b1410 2024-09-23T07:49:48] retrieved from: http://www.pyrosetta.org
2026-03-27 13:57:12,910 [INFO] Found rosetta database at: /wynton/home/rotation/jqmo/.conda/envs/mcsce/lib/python3.7/site-packages/pyrosetta/database; using it....
2026-03-27 13:57:12,911 [INFO] ┌──────────────────────────────────────────────────────────────────────────────┐
│                                 PyRosetta-4                                  │
│              Created in JHU by Sergey Lyskov and PyRosetta Team              │
│              (C) Copyright Rosetta Commons Member Institutions               │
│                                                                              │
│ NOTE: USE OF PyRosetta FOR COMMERCIAL PURPOSES REQUIRE PURCHASE OF A LICENSE │
│         See LICENSE.PyRosetta.md or email license@uw.edu for details         │
└──────────────────────────────────────────────────────────────────────────────┘
PyRosetta-4 2024 [Rosetta PyRosetta4.conda.linux.cxx11thread.serialization.CentOS.python37.Release 2024.39+release.59628fbc5bc09f1221e1642f1f8d157ce49b1410 2024-09-23T07:49:48] retrieved from: http://www.pyrosetta.org
2026-03-27 13:57:13,032 [INFO] Found rosetta database at: /wynton/home/rotation/jqmo/.conda/envs/mcsce/lib/python3.7/site-packages/pyrosetta/database; using it....
2026-03-27 13:57:13,033 [INFO] ┌──────────────────────────────────────────────────────────────────────────────┐
│                                 PyRosetta-4                                  │
│              Created in JHU by Sergey Lyskov and PyRosetta Team              │
│              (C) Copyright Rosetta Commons Member Institutions               │
│                                                                              │
│ NOTE: USE OF PyRosetta FOR COMMERCIAL PURPOSES REQUIRE PURCHASE OF A LICENSE │
│         See LICENSE.PyRosetta.md or email license@uw.edu for details         │
└──────────────────────────────────────────────────────────────────────────────┘
PyRosetta-4 2024 [Rosetta PyRosetta4.conda.linux.cxx11thread.serialization.CentOS.python37.Release 2024.39+release.59628fbc5bc09f1221e1642f1f8d157ce49b1410 2024-09-23T07:49:48] retrieved from: http://www.pyrosetta.org
2026-03-27 13:57:13,053 [INFO] Found rosetta database at: /wynton/home/rotation/jqmo/.conda/envs/mcsce/lib/python3.7/site-packages/pyrosetta/database; using it....
2026-03-27 13:57:13,054 [INFO] ┌──────────────────────────────────────────────────────────────────────────────┐
│                                 PyRosetta-4                                  │
│              Created in JHU by Sergey Lyskov and PyRosetta Team              │
│              (C) Copyright Rosetta Commons Member Institutions               │
│                                                                              │
│ NOTE: USE OF PyRosetta FOR COMMERCIAL PURPOSES REQUIRE PURCHASE OF A LICENSE │
│         See LICENSE.PyRosetta.md or email license@uw.edu for details         │
└──────────────────────────────────────────────────────────────────────────────┘
PyRosetta-4 2024 [Rosetta PyRosetta4.conda.linux.cxx11thread.serialization.CentOS.python37.Release 2024.39+release.59628fbc5bc09f1221e1642f1f8d157ce49b1410 2024-09-23T07:49:48] retrieved from: http://www.pyrosetta.org
2026-03-27 13:57:13,060 [INFO] Found rosetta database at: /wynton/home/rotation/jqmo/.conda/envs/mcsce/lib/python3.7/site-packages/pyrosetta/database; using it....
2026-03-27 13:57:13,061 [INFO] ┌──────────────────────────────────────────────────────────────────────────────┐
│                                 PyRosetta-4                                  │
│              Created in JHU by Sergey Lyskov and PyRosetta Team              │
│              (C) Copyright Rosetta Commons Member Institutions               │
│                                                                              │
│ NOTE: USE OF PyRosetta FOR COMMERCIAL PURPOSES REQUIRE PURCHASE OF A LICENSE │
│         See LICENSE.PyRosetta.md or email license@uw.edu for details         │
└──────────────────────────────────────────────────────────────────────────────┘
PyRosetta-4 2024 [Rosetta PyRosetta4.conda.linux.cxx11thread.serialization.CentOS.python37.Release 2024.39+release.59628fbc5bc09f1221e1642f1f8d157ce49b1410 2024-09-23T07:49:48] retrieved from: http://www.pyrosetta.org
2026-03-27 13:57:13,061 [INFO] Found rosetta database at: /wynton/home/rotation/jqmo/.conda/envs/mcsce/lib/python3.7/site-packages/pyrosetta/database; using it....
2026-03-27 13:57:13,062 [INFO] ┌──────────────────────────────────────────────────────────────────────────────┐
│                                 PyRosetta-4                                  │
│              Created in JHU by Sergey Lyskov and PyRosetta Team              │
│              (C) Copyright Rosetta Commons Member Institutions               │
│                                                                              │
│ NOTE: USE OF PyRosetta FOR COMMERCIAL PURPOSES REQUIRE PURCHASE OF A LICENSE │
│         See LICENSE.PyRosetta.md or email license@uw.edu for details         │
└──────────────────────────────────────────────────────────────────────────────┘
PyRosetta-4 2024 [Rosetta PyRosetta4.conda.linux.cxx11thread.serialization.CentOS.python37.Release 2024.39+release.59628fbc5bc09f1221e1642f1f8d157ce49b1410 2024-09-23T07:49:48] retrieved from: http://www.pyrosetta.org
2026-03-27 13:57:13,142 [INFO] Found rosetta database at: /wynton/home/rotation/jqmo/.conda/envs/mcsce/lib/python3.7/site-packages/pyrosetta/database; using it....
2026-03-27 13:57:13,143 [INFO] ┌──────────────────────────────────────────────────────────────────────────────┐
│                                 PyRosetta-4                                  │
│              Created in JHU by Sergey Lyskov and PyRosetta Team              │
│              (C) Copyright Rosetta Commons Member Institutions               │
│                                                                              │
│ NOTE: USE OF PyRosetta FOR COMMERCIAL PURPOSES REQUIRE PURCHASE OF A LICENSE │
│         See LICENSE.PyRosetta.md or email license@uw.edu for details         │
└──────────────────────────────────────────────────────────────────────────────┘
PyRosetta-4 2024 [Rosetta PyRosetta4.conda.linux.cxx11thread.serialization.CentOS.python37.Release 2024.39+release.59628fbc5bc09f1221e1642f1f8d157ce49b1410 2024-09-23T07:49:48] retrieved from: http://www.pyrosetta.org
2026-03-27 13:57:13,164 [INFO] Found rosetta database at: /wynton/home/rotation/jqmo/.conda/envs/mcsce/lib/python3.7/site-packages/pyrosetta/database; using it....
2026-03-27 13:57:13,165 [INFO] ┌──────────────────────────────────────────────────────────────────────────────┐
│                                 PyRosetta-4                                  │
│              Created in JHU by Sergey Lyskov and PyRosetta Team              │
│              (C) Copyright Rosetta Commons Member Institutions               │
│                                                                              │
│ NOTE: USE OF PyRosetta FOR COMMERCIAL PURPOSES REQUIRE PURCHASE OF A LICENSE │
│         See LICENSE.PyRosetta.md or email license@uw.edu for details         │
└──────────────────────────────────────────────────────────────────────────────┘
PyRosetta-4 2024 [Rosetta PyRosetta4.conda.linux.cxx11thread.serialization.CentOS.python37.Release 2024.39+release.59628fbc5bc09f1221e1642f1f8d157ce49b1410 2024-09-23T07:49:48] retrieved from: http://www.pyrosetta.org
2026-03-27 13:57:13,170 [INFO] Found rosetta database at: /wynton/home/rotation/jqmo/.conda/envs/mcsce/lib/python3.7/site-packages/pyrosetta/database; using it....
2026-03-27 13:57:13,171 [INFO] ┌──────────────────────────────────────────────────────────────────────────────┐
│                                 PyRosetta-4                                  │
│              Created in JHU by Sergey Lyskov and PyRosetta Team              │
│              (C) Copyright Rosetta Commons Member Institutions               │
│                                                                              │
│ NOTE: USE OF PyRosetta FOR COMMERCIAL PURPOSES REQUIRE PURCHASE OF A LICENSE │
│         See LICENSE.PyRosetta.md or email license@uw.edu for details         │
└──────────────────────────────────────────────────────────────────────────────┘
PyRosetta-4 2024 [Rosetta PyRosetta4.conda.linux.cxx11thread.serialization.CentOS.python37.Release 2024.39+release.59628fbc5bc09f1221e1642f1f8d157ce49b1410 2024-09-23T07:49:48] retrieved from: http://www.pyrosetta.org
2026-03-27 13:57:13,228 [INFO] Found rosetta database at: /wynton/home/rotation/jqmo/.conda/envs/mcsce/lib/python3.7/site-packages/pyrosetta/database; using it....
2026-03-27 13:57:13,229 [INFO] ┌──────────────────────────────────────────────────────────────────────────────┐
│                                 PyRosetta-4                                  │
│              Created in JHU by Sergey Lyskov and PyRosetta Team              │
│              (C) Copyright Rosetta Commons Member Institutions               │
│                                                                              │
│ NOTE: USE OF PyRosetta FOR COMMERCIAL PURPOSES REQUIRE PURCHASE OF A LICENSE │
│         See LICENSE.PyRosetta.md or email license@uw.edu for details         │
└──────────────────────────────────────────────────────────────────────────────┘
PyRosetta-4 2024 [Rosetta PyRosetta4.conda.linux.cxx11thread.serialization.CentOS.python37.Release 2024.39+release.59628fbc5bc09f1221e1642f1f8d157ce49b1410 2024-09-23T07:49:48] retrieved from: http://www.pyrosetta.org
2026-03-27 13:57:13,474 [INFO] Found rosetta database at: /wynton/home/rotation/jqmo/.conda/envs/mcsce/lib/python3.7/site-packages/pyrosetta/database; using it....
2026-03-27 13:57:13,475 [INFO] ┌──────────────────────────────────────────────────────────────────────────────┐
│                                 PyRosetta-4                                  │
│              Created in JHU by Sergey Lyskov and PyRosetta Team              │
│              (C) Copyright Rosetta Commons Member Institutions               │
│                                                                              │
│ NOTE: USE OF PyRosetta FOR COMMERCIAL PURPOSES REQUIRE PURCHASE OF A LICENSE │
│         See LICENSE.PyRosetta.md or email license@uw.edu for details         │
└──────────────────────────────────────────────────────────────────────────────┘
PyRosetta-4 2024 [Rosetta PyRosetta4.conda.linux.cxx11thread.serialization.CentOS.python37.Release 2024.39+release.59628fbc5bc09f1221e1642f1f8d157ce49b1410 2024-09-23T07:49:48] retrieved from: http://www.pyrosetta.org
2026-03-27 13:57:13,650 [INFO] Found rosetta database at: /wynton/home/rotation/jqmo/.conda/envs/mcsce/lib/python3.7/site-packages/pyrosetta/database; using it....
2026-03-27 13:57:13,650 [INFO] ┌──────────────────────────────────────────────────────────────────────────────┐
│                                 PyRosetta-4                                  │
│              Created in JHU by Sergey Lyskov and PyRosetta Team              │
│              (C) Copyright Rosetta Commons Member Institutions               │
│                                                                              │
│ NOTE: USE OF PyRosetta FOR COMMERCIAL PURPOSES REQUIRE PURCHASE OF A LICENSE │
│         See LICENSE.PyRosetta.md or email license@uw.edu for details         │
└──────────────────────────────────────────────────────────────────────────────┘
PyRosetta-4 2024 [Rosetta PyRosetta4.conda.linux.cxx11thread.serialization.CentOS.python37.Release 2024.39+release.59628fbc5bc09f1221e1642f1f8d157ce49b1410 2024-09-23T07:49:48] retrieved from: http://www.pyrosetta.org
2026-03-27 13:57:13,684 [INFO] Found rosetta database at: /wynton/home/rotation/jqmo/.conda/envs/mcsce/lib/python3.7/site-packages/pyrosetta/database; using it....
2026-03-27 13:57:13,685 [INFO] ┌──────────────────────────────────────────────────────────────────────────────┐
│                                 PyRosetta-4                                  │
│              Created in JHU by Sergey Lyskov and PyRosetta Team              │
│              (C) Copyright Rosetta Commons Member Institutions               │
│                                                                              │
│ NOTE: USE OF PyRosetta FOR COMMERCIAL PURPOSES REQUIRE PURCHASE OF A LICENSE │
│         See LICENSE.PyRosetta.md or email license@uw.edu for details         │
└──────────────────────────────────────────────────────────────────────────────┘
PyRosetta-4 2024 [Rosetta PyRosetta4.conda.linux.cxx11thread.serialization.CentOS.python37.Release 2024.39+release.59628fbc5bc09f1221e1642f1f8d157ce49b1410 2024-09-23T07:49:48] retrieved from: http://www.pyrosetta.org
2026-03-27 13:57:13,710 [INFO] Found rosetta database at: /wynton/home/rotation/jqmo/.conda/envs/mcsce/lib/python3.7/site-packages/pyrosetta/database; using it....
2026-03-27 13:57:13,711 [INFO] ┌──────────────────────────────────────────────────────────────────────────────┐
│                                 PyRosetta-4                                  │
│              Created in JHU by Sergey Lyskov and PyRosetta Team              │
│              (C) Copyright Rosetta Commons Member Institutions               │
│                                                                              │
│ NOTE: USE OF PyRosetta FOR COMMERCIAL PURPOSES REQUIRE PURCHASE OF A LICENSE │
│         See LICENSE.PyRosetta.md or email license@uw.edu for details         │
└──────────────────────────────────────────────────────────────────────────────┘
PyRosetta-4 2024 [Rosetta PyRosetta4.conda.linux.cxx11thread.serialization.CentOS.python37.Release 2024.39+release.59628fbc5bc09f1221e1642f1f8d157ce49b1410 2024-09-23T07:49:48] retrieved from: http://www.pyrosetta.org
2026-03-27 13:57:13,753 [INFO] Found rosetta database at: /wynton/home/rotation/jqmo/.conda/envs/mcsce/lib/python3.7/site-packages/pyrosetta/database; using it....
2026-03-27 13:57:13,754 [INFO] ┌──────────────────────────────────────────────────────────────────────────────┐
│                                 PyRosetta-4                                  │
│              Created in JHU by Sergey Lyskov and PyRosetta Team              │
│              (C) Copyright Rosetta Commons Member Institutions               │
│                                                                              │
│ NOTE: USE OF PyRosetta FOR COMMERCIAL PURPOSES REQUIRE PURCHASE OF A LICENSE │
│         See LICENSE.PyRosetta.md or email license@uw.edu for details         │
└──────────────────────────────────────────────────────────────────────────────┘
PyRosetta-4 2024 [Rosetta PyRosetta4.conda.linux.cxx11thread.serialization.CentOS.python37.Release 2024.39+release.59628fbc5bc09f1221e1642f1f8d157ce49b1410 2024-09-23T07:49:48] retrieved from: http://www.pyrosetta.org
2026-03-27 13:57:14,243 [INFO] Found rosetta database at: /wynton/home/rotation/jqmo/.conda/envs/mcsce/lib/python3.7/site-packages/pyrosetta/database; using it....
2026-03-27 13:57:14,244 [INFO] ┌──────────────────────────────────────────────────────────────────────────────┐
│                                 PyRosetta-4                                  │
│              Created in JHU by Sergey Lyskov and PyRosetta Team              │
│              (C) Copyright Rosetta Commons Member Institutions               │
│                                                                              │
│ NOTE: USE OF PyRosetta FOR COMMERCIAL PURPOSES REQUIRE PURCHASE OF A LICENSE │
│         See LICENSE.PyRosetta.md or email license@uw.edu for details         │
└──────────────────────────────────────────────────────────────────────────────┘
PyRosetta-4 2024 [Rosetta PyRosetta4.conda.linux.cxx11thread.serialization.CentOS.python37.Release 2024.39+release.59628fbc5bc09f1221e1642f1f8d157ce49b1410 2024-09-23T07:49:48] retrieved from: http://www.pyrosetta.org
2026-03-27 13:57:14,249 [INFO] Found rosetta database at: /wynton/home/rotation/jqmo/.conda/envs/mcsce/lib/python3.7/site-packages/pyrosetta/database; using it....
2026-03-27 13:57:14,250 [INFO] ┌──────────────────────────────────────────────────────────────────────────────┐
│                                 PyRosetta-4                                  │
│              Created in JHU by Sergey Lyskov and PyRosetta Team              │
│              (C) Copyright Rosetta Commons Member Institutions               │
│                                                                              │
│ NOTE: USE OF PyRosetta FOR COMMERCIAL PURPOSES REQUIRE PURCHASE OF A LICENSE │
│         See LICENSE.PyRosetta.md or email license@uw.edu for details         │
└──────────────────────────────────────────────────────────────────────────────┘
PyRosetta-4 2024 [Rosetta PyRosetta4.conda.linux.cxx11thread.serialization.CentOS.python37.Release 2024.39+release.59628fbc5bc09f1221e1642f1f8d157ce49b1410 2024-09-23T07:49:48] retrieved from: http://www.pyrosetta.org
2026-03-27 13:57:14,340 [INFO] Found rosetta database at: /wynton/home/rotation/jqmo/.conda/envs/mcsce/lib/python3.7/site-packages/pyrosetta/database; using it....
2026-03-27 13:57:14,341 [INFO] ┌──────────────────────────────────────────────────────────────────────────────┐
│                                 PyRosetta-4                                  │
│              Created in JHU by Sergey Lyskov and PyRosetta Team              │
│              (C) Copyright Rosetta Commons Member Institutions               │
│                                                                              │
│ NOTE: USE OF PyRosetta FOR COMMERCIAL PURPOSES REQUIRE PURCHASE OF A LICENSE │
│         See LICENSE.PyRosetta.md or email license@uw.edu for details         │
└──────────────────────────────────────────────────────────────────────────────┘
PyRosetta-4 2024 [Rosetta PyRosetta4.conda.linux.cxx11thread.serialization.CentOS.python37.Release 2024.39+release.59628fbc5bc09f1221e1642f1f8d157ce49b1410 2024-09-23T07:49:48] retrieved from: http://www.pyrosetta.org
2026-03-27 13:57:14,389 [INFO] Found rosetta database at: /wynton/home/rotation/jqmo/.conda/envs/mcsce/lib/python3.7/site-packages/pyrosetta/database; using it....
2026-03-27 13:57:14,389 [INFO] ┌──────────────────────────────────────────────────────────────────────────────┐
│                                 PyRosetta-4                                  │
│              Created in JHU by Sergey Lyskov and PyRosetta Team              │
│              (C) Copyright Rosetta Commons Member Institutions               │
│                                                                              │
│ NOTE: USE OF PyRosetta FOR COMMERCIAL PURPOSES REQUIRE PURCHASE OF A LICENSE │
│         See LICENSE.PyRosetta.md or email license@uw.edu for details         │
└──────────────────────────────────────────────────────────────────────────────┘
PyRosetta-4 2024 [Rosetta PyRosetta4.conda.linux.cxx11thread.serialization.CentOS.python37.Release 2024.39+release.59628fbc5bc09f1221e1642f1f8d157ce49b1410 2024-09-23T07:49:48] retrieved from: http://www.pyrosetta.org
2026-03-27 13:57:14,482 [INFO] Found rosetta database at: /wynton/home/rotation/jqmo/.conda/envs/mcsce/lib/python3.7/site-packages/pyrosetta/database; using it....
2026-03-27 13:57:14,484 [INFO] ┌──────────────────────────────────────────────────────────────────────────────┐
│                                 PyRosetta-4                                  │
│              Created in JHU by Sergey Lyskov and PyRosetta Team              │
│              (C) Copyright Rosetta Commons Member Institutions               │
│                                                                              │
│ NOTE: USE OF PyRosetta FOR COMMERCIAL PURPOSES REQUIRE PURCHASE OF A LICENSE │
│         See LICENSE.PyRosetta.md or email license@uw.edu for details         │
└──────────────────────────────────────────────────────────────────────────────┘
PyRosetta-4 2024 [Rosetta PyRosetta4.conda.linux.cxx11thread.serialization.CentOS.python37.Release 2024.39+release.59628fbc5bc09f1221e1642f1f8d157ce49b1410 2024-09-23T07:49:48] retrieved from: http://www.pyrosetta.org
2026-03-27 13:57:14,547 [INFO] Found rosetta database at: /wynton/home/rotation/jqmo/.conda/envs/mcsce/lib/python3.7/site-packages/pyrosetta/database; using it....
2026-03-27 13:57:14,548 [INFO] ┌──────────────────────────────────────────────────────────────────────────────┐
│                                 PyRosetta-4                                  │
│              Created in JHU by Sergey Lyskov and PyRosetta Team              │
│              (C) Copyright Rosetta Commons Member Institutions               │
│                                                                              │
│ NOTE: USE OF PyRosetta FOR COMMERCIAL PURPOSES REQUIRE PURCHASE OF A LICENSE │
│         See LICENSE.PyRosetta.md or email license@uw.edu for details         │
└──────────────────────────────────────────────────────────────────────────────┘
PyRosetta-4 2024 [Rosetta PyRosetta4.conda.linux.cxx11thread.serialization.CentOS.python37.Release 2024.39+release.59628fbc5bc09f1221e1642f1f8d157ce49b1410 2024-09-23T07:49:48] retrieved from: http://www.pyrosetta.org
2026-03-27 13:57:14,884 [INFO] Found rosetta database at: /wynton/home/rotation/jqmo/.conda/envs/mcsce/lib/python3.7/site-packages/pyrosetta/database; using it....
2026-03-27 13:57:14,885 [INFO] ┌──────────────────────────────────────────────────────────────────────────────┐
│                                 PyRosetta-4                                  │
│              Created in JHU by Sergey Lyskov and PyRosetta Team              │
│              (C) Copyright Rosetta Commons Member Institutions               │
│                                                                              │
│ NOTE: USE OF PyRosetta FOR COMMERCIAL PURPOSES REQUIRE PURCHASE OF A LICENSE │
│         See LICENSE.PyRosetta.md or email license@uw.edu for details         │
└──────────────────────────────────────────────────────────────────────────────┘
PyRosetta-4 2024 [Rosetta PyRosetta4.conda.linux.cxx11thread.serialization.CentOS.python37.Release 2024.39+release.59628fbc5bc09f1221e1642f1f8d157ce49b1410 2024-09-23T07:49:48] retrieved from: http://www.pyrosetta.org
2026-03-27 13:57:17,756 [INFO] Preprocessing 1wtbA00_28: initial score 318.4
2026-03-27 13:57:17,756 [INFO] Preprocessing 2f5xA01_21: initial score 279.2
2026-03-27 13:57:17,758 [INFO] Preprocessing 1m1jB03_0_reres: initial score 624.8
2026-03-27 13:57:17,759 [INFO] Preprocessing 5ayvA01_6: initial score -93.9
2026-03-27 13:57:17,766 [INFO] Preprocessing 1kj6A00_4: initial score 295.7
2026-03-27 13:57:17,777 [INFO] Preprocessing 4yn3B00_6: initial score 121.3
2026-03-27 13:57:17,786 [INFO] Preprocessing 4bszB00_23: initial score -0.7
2026-03-27 13:57:17,791 [INFO] Preprocessing 4b79B00_15_reres: initial score -79.2
2026-03-27 13:57:17,897 [INFO] Preprocessing 3uogA01_9: initial score 635.5
2026-03-27 13:57:17,978 [INFO] Preprocessing 1gcvA00_31: initial score -116.1
2026-03-27 13:57:18,011 [INFO] Preprocessing 3uk2A02_1: initial score 45.3
2026-03-27 13:57:18,077 [INFO] Preprocessing 2f76X00_3_reres: initial score 1319.1
2026-03-27 13:57:18,422 [INFO] Preprocessing 2vqeN00_6: initial score 1044.6
2026-03-27 13:57:18,450 [INFO]   Post-idealize: 438.3
2026-03-27 13:57:18,466 [INFO] Preprocessing 3sreA00_30: initial score 457.3
2026-03-27 13:57:18,602 [INFO]   Post-repack: 322.4
2026-03-27 13:57:18,651 [INFO] Found rosetta database at: /wynton/home/rotation/jqmo/.conda/envs/mcsce/lib/python3.7/site-packages/pyrosetta/database; using it....
2026-03-27 13:57:18,652 [INFO] ┌──────────────────────────────────────────────────────────────────────────────┐
│                                 PyRosetta-4                                  │
│              Created in JHU by Sergey Lyskov and PyRosetta Team              │
│              (C) Copyright Rosetta Commons Member Institutions               │
│                                                                              │
│ NOTE: USE OF PyRosetta FOR COMMERCIAL PURPOSES REQUIRE PURCHASE OF A LICENSE │
│         See LICENSE.PyRosetta.md or email license@uw.edu for details         │
└──────────────────────────────────────────────────────────────────────────────┘
PyRosetta-4 2024 [Rosetta PyRosetta4.conda.linux.cxx11thread.serialization.CentOS.python37.Release 2024.39+release.59628fbc5bc09f1221e1642f1f8d157ce49b1410 2024-09-23T07:49:48] retrieved from: http://www.pyrosetta.org
2026-03-27 13:57:18,669 [INFO]   Post-minimize (chi only): 302.6
2026-03-27 13:57:19,189 [INFO]   Post-idealize: 1840.6
2026-03-27 13:57:19,253 [INFO] Preprocessing 3jzjA01_18: initial score 616.8
2026-03-27 13:57:19,292 [INFO]   Post-idealize: 327.3
2026-03-27 13:57:19,329 [INFO]   Post-minimize (chi+bb): -25.6
2026-03-27 13:57:19,366 [INFO]   Preprocessed structure -> /wynton/scratch/jqmo/rotation_datasets/augmented_ingraham_cath_bugfree/mpnn_esmfold/1kj6A00_4_preproc.pdb
2026-03-27 13:57:19,442 [INFO]   Post-repack: 888.9
2026-03-27 13:57:19,503 [INFO] Preprocessing 2vgmA01_1: initial score 4013.8
2026-03-27 13:57:19,654 [INFO]   Post-minimize (chi only): 629.1
2026-03-27 13:57:19,844 [INFO] Preprocessing 4pmnA00_16: initial score 1647.4
2026-03-27 13:57:19,855 [INFO]   Post-repack: 26.1
2026-03-27 13:57:20,204 [INFO]   Post-minimize (chi only): -13.4
2026-03-27 13:57:20,299 [INFO]   Post-idealize: 1084.3
2026-03-27 13:57:20,481 [INFO] Preprocessing 1vq8200_2: initial score 436.6
2026-03-27 13:57:20,489 [INFO] Preprocessing 3mkrA00_3: initial score -249.1
2026-03-27 13:57:20,561 [INFO] Preprocessing 3stjA03_13: initial score 42.5
2026-03-27 13:57:20,949 [INFO]   Post-minimize (chi+bb): -103.0
2026-03-27 13:57:20,989 [INFO]   Preprocessed structure -> /wynton/scratch/jqmo/rotation_datasets/augmented_ingraham_cath_bugfree/mpnn_esmfold/4yn3B00_6_preproc.pdb
2026-03-27 13:57:20,998 [INFO]   Post-repack: 135.3
2026-03-27 13:57:21,155 [INFO]   Post-minimize (chi+bb): -161.8
2026-03-27 13:57:21,181 [INFO] Preprocessing 3ossC00_7: initial score 425.5
2026-03-27 13:57:21,247 [INFO]   Preprocessed structure -> /wynton/scratch/jqmo/rotation_datasets/augmented_ingraham_cath_bugfree/mpnn_esmfold/1wtbA00_28_preproc.pdb
2026-03-27 13:57:21,270 [INFO] Preprocessing 1ui5A00_30: initial score 601.8
2026-03-27 13:57:21,276 [INFO]   Post-minimize (chi only): 90.1
2026-03-27 13:57:21,471 [INFO] Found rosetta database at: /wynton/home/rotation/jqmo/.conda/envs/mcsce/lib/python3.7/site-packages/pyrosetta/database; using it....
2026-03-27 13:57:21,472 [INFO] ┌──────────────────────────────────────────────────────────────────────────────┐
│                                 PyRosetta-4                                  │
│              Created in JHU by Sergey Lyskov and PyRosetta Team              │
│              (C) Copyright Rosetta Commons Member Institutions               │
│                                                                              │
│ NOTE: USE OF PyRosetta FOR COMMERCIAL PURPOSES REQUIRE PURCHASE OF A LICENSE │
│         See LICENSE.PyRosetta.md or email license@uw.edu for details         │
└──────────────────────────────────────────────────────────────────────────────┘
PyRosetta-4 2024 [Rosetta PyRosetta4.conda.linux.cxx11thread.serialization.CentOS.python37.Release 2024.39+release.59628fbc5bc09f1221e1642f1f8d157ce49b1410 2024-09-23T07:49:48] retrieved from: http://www.pyrosetta.org
2026-03-27 13:57:21,551 [INFO] Preprocessing 3buxB01_22_reres: initial score 1917.3
2026-03-27 13:57:21,592 [INFO]   Post-idealize: 1261.1
2026-03-27 13:57:21,598 [INFO] Preprocessing 1vjqA00_26: initial score 107.2
2026-03-27 13:57:21,885 [INFO] Preprocessing 1uddA00_6: initial score 141.0
2026-03-27 13:57:21,997 [INFO]   Post-idealize: 54.5
2026-03-27 13:57:22,134 [INFO]   Post-idealize: 474.8
2026-03-27 13:57:22,250 [INFO] Preprocessing 2xotB01_2_reres: initial score -34.7
2026-03-27 13:57:22,343 [INFO]   Post-idealize: 613.9
2026-03-27 13:57:22,345 [INFO] Preprocessing 3s3lA01_4: initial score 954.3
2026-03-27 13:57:22,490 [INFO]   Post-repack: 482.0
2026-03-27 13:57:22,558 [INFO]   Post-minimize (chi only): 459.3
2026-03-27 13:57:22,592 [INFO]   Post-repack: 239.2
2026-03-27 13:57:22,605 [INFO]   Post-minimize (chi+bb): -72.6
2026-03-27 13:57:22,638 [INFO]   Post-repack: 202.1
2026-03-27 13:57:22,705 [INFO]   Preprocessed structure -> /wynton/scratch/jqmo/rotation_datasets/augmented_ingraham_cath_bugfree/mpnn_esmfold/2vqeN00_6_preproc.pdb
2026-03-27 13:57:22,827 [INFO]   Post-minimize (chi only): 168.0
2026-03-27 13:57:22,904 [INFO]   Post-idealize: -71.9
2026-03-27 13:57:22,950 [INFO]   Post-repack: -132.0
2026-03-27 13:57:23,225 [INFO]   Post-minimize (chi only): -151.0
2026-03-27 13:57:23,339 [INFO]   Post-minimize (chi only): 77.6
2026-03-27 13:57:23,438 [INFO]   Post-minimize (chi+bb): -52.0
2026-03-27 13:57:23,485 [INFO]   Preprocessed structure -> /wynton/scratch/jqmo/rotation_datasets/augmented_ingraham_cath_bugfree/mpnn_esmfold/1vq8200_2_preproc.pdb
2026-03-27 13:57:23,659 [INFO]   Post-repack: -191.4
2026-03-27 13:57:24,021 [INFO] Found rosetta database at: /wynton/home/rotation/jqmo/.conda/envs/mcsce/lib/python3.7/site-packages/pyrosetta/database; using it....
2026-03-27 13:57:24,022 [INFO] ┌──────────────────────────────────────────────────────────────────────────────┐
│                                 PyRosetta-4                                  │
│              Created in JHU by Sergey Lyskov and PyRosetta Team              │
│              (C) Copyright Rosetta Commons Member Institutions               │
│                                                                              │
│ NOTE: USE OF PyRosetta FOR COMMERCIAL PURPOSES REQUIRE PURCHASE OF A LICENSE │
│         See LICENSE.PyRosetta.md or email license@uw.edu for details         │
└──────────────────────────────────────────────────────────────────────────────┘
PyRosetta-4 2024 [Rosetta PyRosetta4.conda.linux.cxx11thread.serialization.CentOS.python37.Release 2024.39+release.59628fbc5bc09f1221e1642f1f8d157ce49b1410 2024-09-23T07:49:48] retrieved from: http://www.pyrosetta.org
2026-03-27 13:57:24,046 [INFO]   Post-minimize (chi only): -231.0
2026-03-27 13:57:24,319 [INFO]   Post-minimize (chi+bb): -127.7
2026-03-27 13:57:24,354 [INFO]   Post-idealize: 466.7
2026-03-27 13:57:24,416 [INFO]   Post-idealize: 18.4
2026-03-27 13:57:24,451 [INFO]   Preprocessed structure -> /wynton/scratch/jqmo/rotation_datasets/augmented_ingraham_cath_bugfree/mpnn_esmfold/1m1jB03_0_reres_preproc.pdb
2026-03-27 13:57:24,748 [INFO]   Post-idealize: 293.8
2026-03-27 13:57:24,798 [INFO]   Post-minimize (chi+bb): -241.2
2026-03-27 13:57:24,853 [INFO]   Preprocessed structure -> /wynton/scratch/jqmo/rotation_datasets/augmented_ingraham_cath_bugfree/mpnn_esmfold/3uk2A02_1_preproc.pdb
2026-03-27 13:57:24,921 [INFO]   Post-minimize (chi+bb): -155.3
2026-03-27 13:57:24,980 [INFO]   Preprocessed structure -> /wynton/scratch/jqmo/rotation_datasets/augmented_ingraham_cath_bugfree/mpnn_esmfold/2f76X00_3_reres_preproc.pdb
2026-03-27 13:57:25,578 [INFO]   Post-repack: 131.4
2026-03-27 13:57:25,579 [INFO]   Post-repack: -75.4
2026-03-27 13:57:25,707 [INFO]   Post-repack: -244.2
2026-03-27 13:57:25,731 [INFO]   Post-minimize (chi only): 131.3
2026-03-27 13:57:25,732 [INFO]   Post-minimize (chi only): -75.4
2026-03-27 13:57:25,922 [INFO]   Post-minimize (chi+bb): -336.1
2026-03-27 13:57:26,002 [INFO]   Preprocessed structure -> /wynton/scratch/jqmo/rotation_datasets/augmented_ingraham_cath_bugfree/mpnn_esmfold/1gcvA00_31_preproc.pdb
2026-03-27 13:57:26,196 [INFO]   Post-minimize (chi only): -285.2
2026-03-27 13:57:26,275 [INFO]   Post-idealize: 76.0
2026-03-27 13:57:26,999 [INFO] Preprocessing 4ig1A00_19: initial score 597.0
2026-03-27 13:57:27,133 [INFO] Preprocessing 1yb5A02_24: initial score 204.1
2026-03-27 13:57:27,195 [INFO]   Post-minimize (chi+bb): -180.0
2026-03-27 13:57:27,236 [INFO]   Preprocessed structure -> /wynton/scratch/jqmo/rotation_datasets/augmented_ingraham_cath_bugfree/mpnn_esmfold/3ossC00_7_preproc.pdb
2026-03-27 13:57:27,617 [INFO]   Post-repack: -143.1
2026-03-27 13:57:27,735 [INFO]   Post-minimize (chi+bb): -156.1
2026-03-27 13:57:27,806 [INFO]   Preprocessed structure -> /wynton/scratch/jqmo/rotation_datasets/augmented_ingraham_cath_bugfree/mpnn_esmfold/1vjqA00_26_preproc.pdb
2026-03-27 13:57:28,118 [INFO]   Post-minimize (chi only): -188.6
2026-03-27 13:57:28,400 [INFO]   Post-idealize: -53.3
2026-03-27 13:57:28,596 [INFO]   Post-minimize (chi+bb): -393.3
2026-03-27 13:57:28,656 [INFO]   Preprocessed structure -> /wynton/scratch/jqmo/rotation_datasets/augmented_ingraham_cath_bugfree/mpnn_esmfold/4bszB00_23_preproc.pdb
2026-03-27 13:57:29,871 [INFO]   Post-repack: -281.9
2026-03-27 13:57:29,894 [INFO] Preprocessing 3wx7A01_4: initial score 5329.4
2026-03-27 13:57:29,968 [INFO]   Post-idealize: 1287.1
2026-03-27 13:57:30,428 [INFO]   Post-minimize (chi only): -314.6
2026-03-27 13:57:30,934 [INFO]   Post-minimize (chi+bb): -292.0
2026-03-27 13:57:30,990 [INFO]   Post-repack: 621.7
2026-03-27 13:57:31,136 [INFO]   Preprocessed structure -> /wynton/scratch/jqmo/rotation_datasets/augmented_ingraham_cath_bugfree/mpnn_esmfold/3stjA03_13_preproc.pdb
2026-03-27 13:57:31,635 [INFO]   Post-minimize (chi only): 309.3
2026-03-27 13:57:33,795 [INFO]   Post-idealize: 1972.0
2026-03-27 13:57:33,921 [INFO]   Post-idealize: 5246.3
2026-03-27 13:57:35,077 [INFO]   Post-repack: 1153.8
2026-03-27 13:57:35,419 [INFO]   Post-minimize (chi only): 1041.5
2026-03-27 13:57:35,427 [INFO]   Post-minimize (chi+bb): -471.8
2026-03-27 13:57:35,496 [INFO]   Preprocessed structure -> /wynton/scratch/jqmo/rotation_datasets/augmented_ingraham_cath_bugfree/mpnn_esmfold/5ayvA01_6_preproc.pdb
2026-03-27 13:57:35,619 [INFO]   Post-repack: 273.0
2026-03-27 13:57:37,154 [INFO]   Post-minimize (chi only): 61.4
2026-03-27 13:57:37,273 [INFO]   Post-idealize: 1887.0
2026-03-27 13:57:38,196 [INFO]   Post-idealize: 849.5
2026-03-27 13:57:38,741 [INFO]   Post-repack: 763.4
2026-03-27 13:57:40,051 [INFO]   Post-idealize: 2058.6
2026-03-27 13:57:40,077 [INFO]   Post-minimize (chi+bb): 162.3
2026-03-27 13:57:40,142 [INFO]   Preprocessed structure -> /wynton/scratch/jqmo/rotation_datasets/augmented_ingraham_cath_bugfree/mpnn_esmfold/2vgmA01_1_preproc.pdb
2026-03-27 13:57:40,157 [INFO]   Post-repack: 81.8
2026-03-27 13:57:40,303 [INFO]   Post-minimize (chi only): 157.3
2026-03-27 13:57:40,824 [INFO]   Post-idealize: 1217.2
2026-03-27 13:57:41,362 [INFO]   Post-minimize (chi+bb): -255.7
2026-03-27 13:57:41,422 [INFO]   Preprocessed structure -> /wynton/scratch/jqmo/rotation_datasets/augmented_ingraham_cath_bugfree/mpnn_esmfold/2f5xA01_21_preproc.pdb
2026-03-27 13:57:41,586 [INFO]   Post-repack: -82.5
2026-03-27 13:57:42,094 [INFO]   Post-minimize (chi only): 7.5
2026-03-27 13:57:42,095 [INFO]   Post-minimize (chi+bb): -247.6
2026-03-27 13:57:42,208 [INFO]   Preprocessed structure -> /wynton/scratch/jqmo/rotation_datasets/augmented_ingraham_cath_bugfree/mpnn_esmfold/3buxB01_22_reres_preproc.pdb
2026-03-27 13:57:42,649 [INFO]   Post-minimize (chi only): -171.4
2026-03-27 13:57:42,966 [INFO]   Post-repack: -80.5
2026-03-27 13:57:43,997 [INFO]   Post-minimize (chi only): -181.4
2026-03-27 13:57:45,637 [INFO]   Post-idealize: 843.1
2026-03-27 13:57:45,913 [INFO]   Post-idealize: 913.9
2026-03-27 13:57:47,453 [INFO]   Post-repack: 129.2
2026-03-27 13:57:47,596 [INFO]   Post-repack: 103.1
2026-03-27 13:57:47,946 [INFO]   Post-idealize: 255.4
2026-03-27 13:57:48,561 [INFO] Running MC-SCE on 1wtbA00_28 (100 conformers, T=300.0K)
.0K)
2026-03-27 13:57:48,564 [INFO] Running MC-SCE on 1gcvA00_31 (100 conformers, T=300.0K)
2026-03-27 13:57:48,652 [INFO] Running MC-SCE on 4bszB00_23 (100 conformers, T=300.0K)
2026-03-27 13:57:48,730 [INFO]   Post-minimize (chi+bb): -450.1
2026-03-27 13:57:48,803 [INFO]   Preprocessed structure -> /wynton/scratch/jqmo/rotation_datasets/augmented_ingraham_cath_bugfree/mpnn_esmfold/3jzjA01_18_preproc.pdb
2026-03-27 13:57:48,845 [INFO]   Post-minimize (chi only): 44.4
2026-03-27 13:57:48,942 [INFO]   Post-minimize (chi only): -96.4
2026-03-27 13:57:48,959 [INFO] Running MC-SCE on 1kj6A00_4 (100 conformers, T=300.0K)
2026-03-27 13:57:48,961 [INFO] Running MC-SCE on 4yn3B00_6 (100 conformers, T=300.0K)
Traceback (most recent call last):
  File "/wynton/home/rotation/jqmo/rotation3/MCSCE/src/mcsce/libs/libparse.py", line 441, in extract_ff_params_for_seq
    charge = force_field[res][atom_name]['charge']
KeyError: 'N'

During handling of the above exception, another exception occurred:

Traceback (most recent call last):
  File "scripts/run_mcsce.py", line 274, in <module>
    main()
  File "scripts/run_mcsce.py", line 270, in main
    preprocess=args.preprocess, seed=args.seed)
  File "scripts/run_mcsce.py", line 172, in run_mcsce
    structure=structure,
  File "/wynton/home/rotation/jqmo/rotation3/MCSCE/src/mcsce/core/side_chain_builder.py", line 85, in initialize_func_calc
    c_terms))
  File "/wynton/home/rotation/jqmo/rotation3/MCSCE/src/mcsce/libs/libenergy.py", line 168, in prepare_energy_function
    C_terminal_indicators,
  File "/wynton/home/rotation/jqmo/rotation3/MCSCE/src/mcsce/libs/libenergy.py", line 429, in create_LJ_params_raw
    'sigma',
  File "/wynton/home/rotation/jqmo/rotation3/MCSCE/src/mcsce/libs/libparse.py", line 447, in extract_ff_params_for_seq
    raise KeyError(tuple(force_field[res].keys()))
KeyError: ()
Traceback (most recent call last):
  File "/wynton/home/rotation/jqmo/rotation3/MCSCE/src/mcsce/libs/libparse.py", line 441, in extract_ff_params_for_seq
    charge = force_field[res][atom_name]['charge']
KeyError: 'H1'

During handling of the above exception, another exception occurred:

Traceback (most recent call last):
  File "scripts/run_mcsce.py", line 274, in <module>
    main()
  File "scripts/run_mcsce.py", line 270, in main
    preprocess=args.preprocess, seed=args.seed)
  File "scripts/run_mcsce.py", line 172, in run_mcsce
    structure=structure,
  File "/wynton/home/rotation/jqmo/rotation3/MCSCE/src/mcsce/core/side_chain_builder.py", line 85, in initialize_func_calc
    c_terms))
  File "/wynton/home/rotation/jqmo/rotation3/MCSCE/src/mcsce/libs/libenergy.py", line 168, in prepare_energy_function
    C_terminal_indicators,
  File "/wynton/home/rotation/jqmo/rotation3/MCSCE/src/mcsce/libs/libenergy.py", line 429, in create_LJ_params_raw
    'sigma',
  File "/wynton/home/rotation/jqmo/rotation3/MCSCE/src/mcsce/libs/libparse.py", line 447, in extract_ff_params_for_seq
    raise KeyError(tuple(force_field[res].keys()))
KeyError: ('N', 'H2', 'H3', 'CD', 'HD2', 'HD3', 'CG', 'HG2', 'HG3', 'CB', 'HB2', 'HB3', 'CA', 'HA', 'C', 'O')
Traceback (most recent call last):
  File "/wynton/home/rotation/jqmo/rotation3/MCSCE/src/mcsce/libs/libparse.py", line 441, in extract_ff_params_for_seq
    charge = force_field[res][atom_name]['charge']
KeyError: 'N'

During handling of the above exception, another exception occurred:

Traceback (most recent call last):
  File "scripts/run_mcsce.py", line 274, in <module>
    main()
  File "scripts/run_mcsce.py", line 270, in main
    preprocess=args.preprocess, seed=args.seed)
  File "scripts/run_mcsce.py", line 172, in run_mcsce
    structure=structure,
  File "/wynton/home/rotation/jqmo/rotation3/MCSCE/src/mcsce/core/side_chain_builder.py", line 85, in initialize_func_calc
    c_terms))
  File "/wynton/home/rotation/jqmo/rotation3/MCSCE/src/mcsce/libs/libenergy.py", line 168, in prepare_energy_function
    C_terminal_indicators,
  File "/wynton/home/rotation/jqmo/rotation3/MCSCE/src/mcsce/libs/libenergy.py", line 429, in create_LJ_params_raw
    'sigma',
  File "/wynton/home/rotation/jqmo/rotation3/MCSCE/src/mcsce/libs/libparse.py", line 447, in extract_ff_params_for_seq
    raise KeyError(tuple(force_field[res].keys()))
KeyError: ()
2026-03-27 13:57:49,092 [INFO] Running MC-SCE on 2f76X00_3_reres (100 conformers, T=300.0K)
Traceback (most recent call last):
  File "/wynton/home/rotation/jqmo/rotation3/MCSCE/src/mcsce/libs/libparse.py", line 441, in extract_ff_params_for_seq
    charge = force_field[res][atom_name]['charge']
KeyError: 'N'

During handling of the above exception, another exception occurred:

Traceback (most recent call last):
  File "scripts/run_mcsce.py", line 274, in <module>
    main()
  File "scripts/run_mcsce.py", line 270, in main
    preprocess=args.preprocess, seed=args.seed)
  File "scripts/run_mcsce.py", line 172, in run_mcsce
    structure=structure,
  File "/wynton/home/rotation/jqmo/rotation3/MCSCE/src/mcsce/core/side_chain_builder.py", line 85, in initialize_func_calc
    c_terms))
  File "/wynton/home/rotation/jqmo/rotation3/MCSCE/src/mcsce/libs/libenergy.py", line 168, in prepare_energy_function
    C_terminal_indicators,
  File "/wynton/home/rotation/jqmo/rotation3/MCSCE/src/mcsce/libs/libenergy.py", line 429, in create_LJ_params_raw
    'sigma',
  File "/wynton/home/rotation/jqmo/rotation3/MCSCE/src/mcsce/libs/libparse.py", line 447, in extract_ff_params_for_seq
    raise KeyError(tuple(force_field[res].keys()))
KeyError: ()
2026-03-27 13:57:49,656 [INFO] Running MC-SCE on 5ayvA01_6 (100 conformers, T=300.0K)
  0%|          | 0/79 [00:00<?, ?it/s]2026-03-27 13:57:49,833 [INFO] Running MC-SCE on 2vqeN00_6 (100 conformers, T=300.0K)
  0%|          | 0/65 [00:00<?, ?it/s]2026-03-27 13:57:50,012 [INFO] Running MC-SCE on 2vgmA01_1 (100 conformers, T=300.0K)
Traceback (most recent call last):
  File "/wynton/home/rotation/jqmo/rotation3/MCSCE/src/mcsce/libs/libparse.py", line 441, in extract_ff_params_for_seq
    charge = force_field[res][atom_name]['charge']
KeyError: 'H1'

During handling of the above exception, another exception occurred:

Traceback (most recent call last):
  File "scripts/run_mcsce.py", line 274, in <module>
    main()
  File "scripts/run_mcsce.py", line 270, in main
    preprocess=args.preprocess, seed=args.seed)
  File "scripts/run_mcsce.py", line 172, in run_mcsce
    structure=structure,
  File "/wynton/home/rotation/jqmo/rotation3/MCSCE/src/mcsce/core/side_chain_builder.py", line 85, in initialize_func_calc
    c_terms))
  File "/wynton/home/rotation/jqmo/rotation3/MCSCE/src/mcsce/libs/libenergy.py", line 168, in prepare_energy_function
    C_terminal_indicators,
  File "/wynton/home/rotation/jqmo/rotation3/MCSCE/src/mcsce/libs/libenergy.py", line 429, in create_LJ_params_raw
    'sigma',
  File "/wynton/home/rotation/jqmo/rotation3/MCSCE/src/mcsce/libs/libparse.py", line 447, in extract_ff_params_for_seq
    raise KeyError(tuple(force_field[res].keys()))
KeyError: ('N', 'H2', 'H3', 'CD', 'HD2', 'HD3', 'CG', 'HG2', 'HG3', 'CB', 'HB2', 'HB3', 'CA', 'HA', 'C', 'O')
2026-03-27 13:57:50,112 [INFO] Running MC-SCE on 2f5xA01_21 (100 conformers, T=300.0K)
2026-03-27 13:57:50,230 [INFO] Running MC-SCE on 3uk2A02_1 (100 conformers, T=300.0K)
  0%|          | 0/100 [00:00<?, ?it/s]Traceback (most recent call last):
  File "/wynton/home/rotation/jqmo/rotation3/MCSCE/src/mcsce/libs/libparse.py", line 441, in extract_ff_params_for_seq
    charge = force_field[res][atom_name]['charge']
KeyError: 'N'

During handling of the above exception, another exception occurred:

Traceback (most recent call last):
  File "scripts/run_mcsce.py", line 274, in <module>
    main()
  File "scripts/run_mcsce.py", line 270, in main
    preprocess=args.preprocess, seed=args.seed)
  File "scripts/run_mcsce.py", line 172, in run_mcsce
    structure=structure,
  File "/wynton/home/rotation/jqmo/rotation3/MCSCE/src/mcsce/core/side_chain_builder.py", line 85, in initialize_func_calc
    c_terms))
  File "/wynton/home/rotation/jqmo/rotation3/MCSCE/src/mcsce/libs/libenergy.py", line 168, in prepare_energy_function
    C_terminal_indicators,
  File "/wynton/home/rotation/jqmo/rotation3/MCSCE/src/mcsce/libs/libenergy.py", line 429, in create_LJ_params_raw
    'sigma',
  File "/wynton/home/rotation/jqmo/rotation3/MCSCE/src/mcsce/libs/libparse.py", line 447, in extract_ff_params_for_seq
    raise KeyError(tuple(force_field[res].keys()))
KeyError: ()
2026-03-27 13:57:50,491 [INFO]   Post-repack: -219.2
2026-03-27 13:57:50,509 [INFO] Running MC-SCE on 3ossC00_7 (100 conformers, T=300.0K)
Traceback (most recent call last):
  File "/wynton/home/rotation/jqmo/rotation3/MCSCE/src/mcsce/libs/libparse.py", line 441, in extract_ff_params_for_seq
    charge = force_field[res][atom_name]['charge']
KeyError: 'N'

During handling of the above exception, another exception occurred:

Traceback (most recent call last):
  File "scripts/run_mcsce.py", line 274, in <module>
    main()
  File "scripts/run_mcsce.py", line 270, in main
    preprocess=args.preprocess, seed=args.seed)
  File "scripts/run_mcsce.py", line 172, in run_mcsce
    structure=structure,
  File "/wynton/home/rotation/jqmo/rotation3/MCSCE/src/mcsce/core/side_chain_builder.py", line 85, in initialize_func_calc
    c_terms))
  File "/wynton/home/rotation/jqmo/rotation3/MCSCE/src/mcsce/libs/libenergy.py", line 168, in prepare_energy_function
    C_terminal_indicators,
  File "/wynton/home/rotation/jqmo/rotation3/MCSCE/src/mcsce/libs/libenergy.py", line 429, in create_LJ_params_raw
    'sigma',
  File "/wynton/home/rotation/jqmo/rotation3/MCSCE/src/mcsce/libs/libparse.py", line 447, in extract_ff_params_for_seq
    raise KeyError(tuple(force_field[res].keys()))
KeyError: ()
Traceback (most recent call last):
  File "/wynton/home/rotation/jqmo/rotation3/MCSCE/src/mcsce/libs/libparse.py", line 441, in extract_ff_params_for_seq
    charge = force_field[res][atom_name]['charge']
KeyError: 'N'

During handling of the above exception, another exception occurred:

Traceback (most recent call last):
  File "scripts/run_mcsce.py", line 274, in <module>
    main()
  File "scripts/run_mcsce.py", line 270, in main
    preprocess=args.preprocess, seed=args.seed)
  File "scripts/run_mcsce.py", line 172, in run_mcsce
    structure=structure,
  File "/wynton/home/rotation/jqmo/rotation3/MCSCE/src/mcsce/core/side_chain_builder.py", line 85, in initialize_func_calc
    c_terms))
  File "/wynton/home/rotation/jqmo/rotation3/MCSCE/src/mcsce/libs/libenergy.py", line 168, in prepare_energy_function
    C_terminal_indicators,
  File "/wynton/home/rotation/jqmo/rotation3/MCSCE/src/mcsce/libs/libenergy.py", line 429, in create_LJ_params_raw
    'sigma',
  File "/wynton/home/rotation/jqmo/rotation3/MCSCE/src/mcsce/libs/libparse.py", line 447, in extract_ff_params_for_seq
    raise KeyError(tuple(force_field[res].keys()))
KeyError: ()
2026-03-27 13:57:50,907 [INFO]   Post-minimize (chi only): -219.3
  0%|          | 0/103 [00:00<?, ?it/s]2026-03-27 13:57:51,551 [INFO]   Post-idealize: -29.2
  0%|          | 0/65 [00:00<?, ?it/s]2026-03-27 13:57:52,466 [INFO]   Post-minimize (chi+bb): -517.1
2026-03-27 13:57:52,583 [INFO]   Preprocessed structure -> /wynton/scratch/jqmo/rotation_datasets/augmented_ingraham_cath_bugfree/mpnn_esmfold/4pmnA00_16_preproc.pdb
2026-03-27 13:57:53,707 [INFO]   Post-minimize (chi+bb): -422.2
2026-03-27 13:57:53,787 [INFO]   Preprocessed structure -> /wynton/scratch/jqmo/rotation_datasets/augmented_ingraham_cath_bugfree/mpnn_esmfold/3uogA01_9_preproc.pdb
2026-03-27 13:57:53,808 [INFO]   Post-repack: -345.8
2026-03-27 13:57:54,403 [INFO]   Post-minimize (chi+bb): -442.6
2026-03-27 13:57:54,476 [INFO]   Preprocessed structure -> /wynton/scratch/jqmo/rotation_datasets/augmented_ingraham_cath_bugfree/mpnn_esmfold/3s3lA01_4_preproc.pdb
2026-03-27 13:57:54,900 [INFO]   Post-minimize (chi only): -414.8
2026-03-27 13:57:54,966 [INFO] Running MC-SCE on 1vq8200_2 (100 conformers, T=300.0K)
2026-03-27 13:57:55,201 [INFO]   Post-minimize (chi+bb): -405.9
2026-03-27 13:57:55,340 [INFO]   Preprocessed structure -> /wynton/scratch/jqmo/rotation_datasets/augmented_ingraham_cath_bugfree/mpnn_esmfold/1ui5A00_30_preproc.pdb
2026-03-27 13:57:55,594 [INFO] Running MC-SCE on 1vjqA00_26 (100 conformers, T=300.0K)
  0%|          | 0/46 [00:00<?, ?it/s]  1%|▏         | 1/79 [00:07<09:36,  7.39s/it]2026-03-27 13:57:57,428 [INFO] Running MC-SCE on 3jzjA01_18 (100 conformers, T=300.0K)
  0%|          | 0/71 [00:00<?, ?it/s]  3%|▎         | 2/79 [00:07<04:11,  3.27s/it]2026-03-27 13:57:57,620 [INFO] Running MC-SCE on 3stjA03_13 (100 conformers, T=300.0K)
  4%|▍         | 3/79 [00:08<02:28,  1.96s/it]Traceback (most recent call last):
  File "/wynton/home/rotation/jqmo/rotation3/MCSCE/src/mcsce/libs/libparse.py", line 441, in extract_ff_params_for_seq
    charge = force_field[res][atom_name]['charge']
KeyError: 'N'

During handling of the above exception, another exception occurred:

Traceback (most recent call last):
  File "scripts/run_mcsce.py", line 274, in <module>
    main()
  File "scripts/run_mcsce.py", line 270, in main
    preprocess=args.preprocess, seed=args.seed)
  File "scripts/run_mcsce.py", line 172, in run_mcsce
    structure=structure,
  File "/wynton/home/rotation/jqmo/rotation3/MCSCE/src/mcsce/core/side_chain_builder.py", line 85, in initialize_func_calc
    c_terms))
  File "/wynton/home/rotation/jqmo/rotation3/MCSCE/src/mcsce/libs/libenergy.py", line 168, in prepare_energy_function
    C_terminal_indicators,
  File "/wynton/home/rotation/jqmo/rotation3/MCSCE/src/mcsce/libs/libenergy.py", line 429, in create_LJ_params_raw
    'sigma',
  File "/wynton/home/rotation/jqmo/rotation3/MCSCE/src/mcsce/libs/libparse.py", line 447, in extract_ff_params_for_seq
    raise KeyError(tuple(force_field[res].keys()))
KeyError: ()
  2%|▏         | 1/65 [00:08<08:53,  8.34s/it]  5%|▌         | 4/79 [00:08<01:40,  1.34s/it]  3%|▎         | 2/65 [00:08<03:52,  3.69s/it]  6%|▋         | 5/79 [00:08<01:14,  1.00s/it]2026-03-27 13:57:58,798 [INFO]   Post-minimize (chi+bb): -429.0
2026-03-27 13:57:58,913 [INFO]   Preprocessed structure -> /wynton/scratch/jqmo/rotation_datasets/augmented_ingraham_cath_bugfree/mpnn_esmfold/1yb5A02_24_preproc.pdb
  1%|          | 1/100 [00:08<14:19,  8.68s/it]  5%|▍         | 3/65 [00:09<02:16,  2.20s/it]  8%|▊         | 6/79 [00:09<00:58,  1.25it/s]2026-03-27 13:57:59,243 [INFO]   Post-minimize (chi+bb): -575.2
2026-03-27 13:57:59,377 [INFO]   Preprocessed structure -> /wynton/scratch/jqmo/rotation_datasets/augmented_ingraham_cath_bugfree/mpnn_esmfold/4b79B00_15_reres_preproc.pdb
  2%|▏         | 2/100 [00:09<06:18,  3.86s/it]2026-03-27 13:57:59,514 [INFO] Running MC-SCE on 3buxB01_22_reres (100 conformers, T=300.0K)
  6%|▌         | 4/65 [00:09<01:31,  1.50s/it]  9%|▉         | 7/79 [00:09<00:51,  1.39it/s]  3%|▎         | 3/100 [00:09<03:45,  2.32s/it]  8%|▊         | 5/65 [00:10<01:07,  1.12s/it] 10%|█         | 8/79 [00:10<00:43,  1.62it/s]2026-03-27 13:58:00,208 [INFO]   Post-idealize: 222.3
  0%|          | 0/97 [00:00<?, ?it/s]  9%|▉         | 6/65 [00:10<00:52,  1.13it/s]  4%|▍         | 4/100 [00:10<02:34,  1.61s/it] 13%|█▎        | 10/79 [00:10<00:29,  2.38it/s]  5%|▌         | 5/100 [00:10<01:54,  1.21s/it] 14%|█▍        | 11/79 [00:11<00:28,  2.40it/s] 11%|█         | 7/65 [00:11<00:46,  1.26it/s] 16%|█▋        | 13/79 [00:11<00:21,  3.02it/s]  6%|▌         | 6/100 [00:11<01:30,  1.04it/s] 12%|█▏        | 8/65 [00:11<00:39,  1.46it/s]  0%|          | 0/129 [00:00<?, ?it/s] 18%|█▊        | 14/79 [00:11<00:22,  2.85it/s] 14%|█▍        | 9/65 [00:12<00:34,  1.63it/s]  1%|          | 1/103 [00:10<17:59, 10.58s/it]  7%|▋         | 7/100 [00:11<01:20,  1.16it/s] 19%|█▉        | 15/79 [00:12<00:23,  2.72it/s] 15%|█▌        | 10/65 [00:12<00:30,  1.78it/s]  8%|▊         | 8/100 [00:12<01:08,  1.35it/s]  3%|▎         | 3/103 [00:11<04:56,  2.96s/it] 20%|██        | 16/79 [00:12<00:26,  2.38it/s] 18%|█▊        | 12/65 [00:12<00:21,  2.49it/s]  9%|▉         | 9/100 [00:12<01:00,  1.51it/s]  2%|▏         | 1/65 [00:11<12:05, 11.34s/it]2026-03-27 13:58:03,125 [INFO]   Post-minimize (chi+bb): -652.0
 22%|██▏       | 17/79 [00:13<00:25,  2.40it/s]2026-03-27 13:58:03,218 [INFO] Running MC-SCE on 3uogA01_9 (100 conformers, T=300.0K)
  5%|▍         | 5/103 [00:11<02:35,  1.59s/it] 20%|██        | 13/65 [00:13<00:21,  2.41it/s]2026-03-27 13:58:03,262 [INFO]   Preprocessed structure -> /wynton/scratch/jqmo/rotation_datasets/augmented_ingraham_cath_bugfree/mpnn_esmfold/2xotB01_2_reres_preproc.pdb
 10%|█         | 10/100 [00:13<00:54,  1.65it/s] 23%|██▎       | 18/79 [00:13<00:25,  2.42it/s] 22%|██▏       | 14/65 [00:13<00:21,  2.35it/s]  3%|▎         | 2/65 [00:11<05:16,  5.02s/it]  6%|▌         | 6/103 [00:12<02:08,  1.32s/it]Traceback (most recent call last):
  File "/wynton/home/rotation/jqmo/rotation3/MCSCE/src/mcsce/libs/libparse.py", line 441, in extract_ff_params_for_seq
    charge = force_field[res][atom_name]['charge']
KeyError: 'H1'

During handling of the above exception, another exception occurred:

Traceback (most recent call last):
  File "scripts/run_mcsce.py", line 274, in <module>
    main()
  File "scripts/run_mcsce.py", line 270, in main
    preprocess=args.preprocess, seed=args.seed)
  File "scripts/run_mcsce.py", line 172, in run_mcsce
    structure=structure,
  File "/wynton/home/rotation/jqmo/rotation3/MCSCE/src/mcsce/core/side_chain_builder.py", line 85, in initialize_func_calc
    c_terms))
  File "/wynton/home/rotation/jqmo/rotation3/MCSCE/src/mcsce/libs/libenergy.py", line 168, in prepare_energy_function
    C_terminal_indicators,
  File "/wynton/home/rotation/jqmo/rotation3/MCSCE/src/mcsce/libs/libenergy.py", line 429, in create_LJ_params_raw
    'sigma',
  File "/wynton/home/rotation/jqmo/rotation3/MCSCE/src/mcsce/libs/libparse.py", line 447, in extract_ff_params_for_seq
    raise KeyError(tuple(force_field[res].keys()))
KeyError: ('N', 'H2', 'H3', 'CD', 'HD2', 'HD3', 'CG', 'HG2', 'HG3', 'CB', 'HB2', 'HB3', 'CA', 'HA', 'C', 'O')
2026-03-27 13:58:03,972 [INFO]   Post-repack: -325.7
 11%|█         | 11/100 [00:13<00:50,  1.76it/s] 24%|██▍       | 19/79 [00:14<00:24,  2.42it/s]  5%|▍         | 3/65 [00:12<03:06,  3.01s/it] 23%|██▎       | 15/65 [00:14<00:24,  2.07it/s] 23%|██▎       | 15/65 [00:14<00:48,  1.04it/s]
2026-03-27 13:58:04,347 [ERROR] MC-SCE failed on 4yn3B00_6: too many indices for array: array is 1-dimensional, but 2 were indexed
 25%|██▌       | 20/79 [00:14<00:24,  2.43it/s]  7%|▋         | 7/103 [00:12<01:47,  1.12s/it] 12%|█▏        | 12/100 [00:14<00:47,  1.86it/s]2026-03-27 13:58:04,493 [INFO] Running MC-SCE on 4pmnA00_16 (100 conformers, T=300.0K)
 27%|██▋       | 21/79 [00:15<00:23,  2.45it/s]  6%|▌         | 4/65 [00:13<02:05,  2.06s/it] 13%|█▎        | 13/100 [00:14<00:44,  1.93it/s]  8%|▊         | 8/103 [00:13<01:31,  1.04it/s] 28%|██▊       | 22/79 [00:15<00:26,  2.17it/s]  8%|▊         | 5/65 [00:13<01:32,  1.54s/it]2026-03-27 13:58:05,599 [INFO]   Post-minimize (chi only): -378.9
 14%|█▍        | 14/100 [00:15<00:48,  1.78it/s]  9%|▊         | 9/103 [00:14<01:25,  1.11it/s] 30%|███       | 24/79 [00:16<00:18,  2.90it/s]Traceback (most recent call last):
  File "/wynton/home/rotation/jqmo/rotation3/MCSCE/src/mcsce/libs/libparse.py", line 441, in extract_ff_params_for_seq
    charge = force_field[res][atom_name]['charge']
KeyError: 'N'

During handling of the above exception, another exception occurred:

Traceback (most recent call last):
  File "scripts/run_mcsce.py", line 274, in <module>
    main()
  File "scripts/run_mcsce.py", line 270, in main
    preprocess=args.preprocess, seed=args.seed)
  File "scripts/run_mcsce.py", line 172, in run_mcsce
    structure=structure,
  File "/wynton/home/rotation/jqmo/rotation3/MCSCE/src/mcsce/core/side_chain_builder.py", line 85, in initialize_func_calc
    c_terms))
  File "/wynton/home/rotation/jqmo/rotation3/MCSCE/src/mcsce/libs/libenergy.py", line 168, in prepare_energy_function
    C_terminal_indicators,
  File "/wynton/home/rotation/jqmo/rotation3/MCSCE/src/mcsce/libs/libenergy.py", line 429, in create_LJ_params_raw
    'sigma',
  File "/wynton/home/rotation/jqmo/rotation3/MCSCE/src/mcsce/libs/libparse.py", line 447, in extract_ff_params_for_seq
    raise KeyError(tuple(force_field[res].keys()))
KeyError: ()
 15%|█▌        | 15/100 [00:15<00:46,  1.84it/s]  9%|▉         | 6/65 [00:14<01:11,  1.22s/it] 32%|███▏      | 25/79 [00:16<00:19,  2.78it/s] 11%|█         | 11/103 [00:14<00:57,  1.59it/s] 16%|█▌        | 16/100 [00:16<00:44,  1.90it/s] 34%|███▍      | 27/79 [00:16<00:15,  3.38it/s] 13%|█▎        | 13/103 [00:15<00:45,  2.00it/s] 11%|█         | 7/65 [00:15<01:03,  1.09s/it] 35%|███▌      | 28/79 [00:17<00:16,  3.10it/s] 17%|█▋        | 17/100 [00:16<00:42,  1.94it/s]2026-03-27 13:58:07,448 [INFO]   Post-idealize: -182.6
 37%|███▋      | 29/79 [00:17<00:17,  2.91it/s] 14%|█▎        | 14/103 [00:16<00:46,  1.92it/s] 18%|█▊        | 18/100 [00:17<00:41,  1.99it/s] 12%|█▏        | 8/65 [00:15<00:53,  1.06it/s] 38%|███▊      | 30/79 [00:18<00:17,  2.81it/s] 19%|█▉        | 19/100 [00:17<00:40,  2.01it/s] 15%|█▍        | 15/103 [00:16<00:47,  1.87it/s] 14%|█▍        | 9/65 [00:16<00:46,  1.19it/s] 39%|███▉      | 31/79 [00:18<00:19,  2.40it/s]2026-03-27 13:58:08,636 [INFO] Running MC-SCE on 4b79B00_15_reres (100 conformers, T=300.0K)
 16%|█▌        | 16/103 [00:17<00:47,  1.83it/s] 21%|██        | 21/100 [00:18<00:33,  2.36it/s] 15%|█▌        | 10/65 [00:17<00:42,  1.30it/s] 41%|████      | 32/79 [00:19<00:19,  2.41it/s] 42%|████▏     | 33/79 [00:19<00:19,  2.40it/s] 22%|██▏       | 22/100 [00:19<00:35,  2.19it/s] 17%|█▋        | 17/103 [00:17<00:47,  1.79it/s] 17%|█▋        | 11/65 [00:17<00:38,  1.39it/s]Traceback (most recent call last):
  File "/wynton/home/rotation/jqmo/rotation3/MCSCE/src/mcsce/libs/libparse.py", line 441, in extract_ff_params_for_seq
    charge = force_field[res][atom_name]['charge']
KeyError: 'N'

During handling of the above exception, another exception occurred:

Traceback (most recent call last):
  File "scripts/run_mcsce.py", line 274, in <module>
    main()
  File "scripts/run_mcsce.py", line 270, in main
    preprocess=args.preprocess, seed=args.seed)
  File "scripts/run_mcsce.py", line 172, in run_mcsce
    structure=structure,
  File "/wynton/home/rotation/jqmo/rotation3/MCSCE/src/mcsce/core/side_chain_builder.py", line 85, in initialize_func_calc
    c_terms))
  File "/wynton/home/rotation/jqmo/rotation3/MCSCE/src/mcsce/libs/libenergy.py", line 168, in prepare_energy_function
    C_terminal_indicators,
  File "/wynton/home/rotation/jqmo/rotation3/MCSCE/src/mcsce/libs/libenergy.py", line 429, in create_LJ_params_raw
    'sigma',
  File "/wynton/home/rotation/jqmo/rotation3/MCSCE/src/mcsce/libs/libparse.py", line 447, in extract_ff_params_for_seq
    raise KeyError(tuple(force_field[res].keys()))
KeyError: ()
 43%|████▎     | 34/79 [00:19<00:18,  2.41it/s] 24%|██▍       | 24/100 [00:19<00:28,  2.69it/s]2026-03-27 13:58:10,019 [INFO]   Post-repack: -505.9
 18%|█▊        | 12/65 [00:18<00:36,  1.45it/s] 44%|████▍     | 35/79 [00:20<00:18,  2.42it/s] 17%|█▋        | 18/103 [00:18<00:52,  1.61it/s] 25%|██▌       | 25/100 [00:20<00:29,  2.50it/s]2026-03-27 13:58:10,413 [INFO] Running MC-SCE on 1ui5A00_30 (100 conformers, T=300.0K)
 46%|████▌     | 36/79 [00:20<00:17,  2.41it/s] 20%|██        | 13/65 [00:18<00:34,  1.52it/s] 18%|█▊        | 19/103 [00:19<00:51,  1.63it/s] 47%|████▋     | 37/79 [00:21<00:17,  2.41it/s]2026-03-27 13:58:11,082 [INFO]   Post-minimize (chi only): -572.2
 26%|██▌       | 26/100 [00:20<00:38,  1.94it/s] 20%|██        | 21/103 [00:19<00:39,  2.10it/s] 48%|████▊     | 38/79 [00:21<00:16,  2.41it/s]2026-03-27 13:58:11,413 [INFO] Running MC-SCE on 3s3lA01_4 (100 conformers, T=300.0K)
 23%|██▎       | 15/65 [00:19<00:27,  1.82it/s]Traceback (most recent call last):
  File "/wynton/home/rotation/jqmo/rotation3/MCSCE/src/mcsce/libs/libparse.py", line 441, in extract_ff_params_for_seq
    charge = force_field[res][atom_name]['charge']
KeyError: 'N'

During handling of the above exception, another exception occurred:

Traceback (most recent call last):
  File "scripts/run_mcsce.py", line 274, in <module>
    main()
  File "scripts/run_mcsce.py", line 270, in main
    preprocess=args.preprocess, seed=args.seed)
  File "scripts/run_mcsce.py", line 172, in run_mcsce
    structure=structure,
  File "/wynton/home/rotation/jqmo/rotation3/MCSCE/src/mcsce/core/side_chain_builder.py", line 85, in initialize_func_calc
    c_terms))
  File "/wynton/home/rotation/jqmo/rotation3/MCSCE/src/mcsce/libs/libenergy.py", line 168, in prepare_energy_function
    C_terminal_indicators,
  File "/wynton/home/rotation/jqmo/rotation3/MCSCE/src/mcsce/libs/libenergy.py", line 429, in create_LJ_params_raw
    'sigma',
  File "/wynton/home/rotation/jqmo/rotation3/MCSCE/src/mcsce/libs/libparse.py", line 447, in extract_ff_params_for_seq
    raise KeyError(tuple(force_field[res].keys()))
KeyError: ()
 27%|██▋       | 27/100 [00:21<00:39,  1.83it/s] 22%|██▏       | 23/103 [00:20<00:32,  2.45it/s] 49%|████▉     | 39/79 [00:22<00:18,  2.11it/s] 25%|██▍       | 16/65 [00:20<00:27,  1.79it/s] 52%|█████▏    | 41/79 [00:22<00:13,  2.84it/s] 28%|██▊       | 28/100 [00:22<00:41,  1.75it/s] 23%|██▎       | 24/103 [00:21<00:35,  2.22it/s] 26%|██▌       | 17/65 [00:20<00:27,  1.74it/s]Traceback (most recent call last):
  File "/wynton/home/rotation/jqmo/rotation3/MCSCE/src/mcsce/libs/libparse.py", line 441, in extract_ff_params_for_seq
    charge = force_field[res][atom_name]['charge']
KeyError: 'N'

During handling of the above exception, another exception occurred:

Traceback (most recent call last):
  File "scripts/run_mcsce.py", line 274, in <module>
    main()
  File "scripts/run_mcsce.py", line 270, in main
    preprocess=args.preprocess, seed=args.seed)
  File "scripts/run_mcsce.py", line 172, in run_mcsce
    structure=structure,
  File "/wynton/home/rotation/jqmo/rotation3/MCSCE/src/mcsce/core/side_chain_builder.py", line 85, in initialize_func_calc
    c_terms))
  File "/wynton/home/rotation/jqmo/rotation3/MCSCE/src/mcsce/libs/libenergy.py", line 168, in prepare_energy_function
    C_terminal_indicators,
  File "/wynton/home/rotation/jqmo/rotation3/MCSCE/src/mcsce/libs/libenergy.py", line 429, in create_LJ_params_raw
    'sigma',
  File "/wynton/home/rotation/jqmo/rotation3/MCSCE/src/mcsce/libs/libparse.py", line 447, in extract_ff_params_for_seq
    raise KeyError(tuple(force_field[res].keys()))
KeyError: ()
 53%|█████▎    | 42/79 [00:22<00:13,  2.71it/s] 24%|██▍       | 25/103 [00:21<00:37,  2.06it/s] 54%|█████▍    | 43/79 [00:23<00:13,  2.62it/s] 28%|██▊       | 18/65 [00:21<00:27,  1.73it/s] 56%|█████▌    | 44/79 [00:23<00:13,  2.56it/s] 29%|██▉       | 29/100 [00:23<00:53,  1.32it/s]  2%|▏         | 1/46 [00:17<12:54, 17.21s/it] 25%|██▌       | 26/103 [00:22<00:43,  1.79it/s] 31%|███       | 20/65 [00:22<00:20,  2.18it/s] 57%|█████▋    | 45/79 [00:24<00:13,  2.51it/s] 30%|███       | 30/100 [00:24<00:51,  1.35it/s] 58%|█████▊    | 46/79 [00:24<00:13,  2.52it/s] 27%|██▋       | 28/103 [00:23<00:33,  2.21it/s]  1%|▏         | 1/71 [00:16<19:45, 16.94s/it] 32%|███▏      | 21/65 [00:22<00:21,  2.00it/s]  4%|▍         | 2/46 [00:18<05:34,  7.61s/it] 31%|███       | 31/100 [00:24<00:47,  1.46it/s] 59%|█████▉    | 47/79 [00:25<00:14,  2.19it/s] 28%|██▊       | 29/103 [00:23<00:36,  2.04it/s] 34%|███▍      | 22/65 [00:23<00:25,  1.69it/s]  3%|▎         | 2/71 [00:17<08:37,  7.50s/it] 61%|██████    | 48/79 [00:25<00:13,  2.26it/s] 32%|███▏      | 32/100 [00:25<00:44,  1.51it/s]2026-03-27 13:58:15,548 [INFO] Running MC-SCE on 2xotB01_2_reres (100 conformers, T=300.0K)
  7%|▋         | 3/46 [00:19<03:16,  4.56s/it] 29%|██▉       | 30/103 [00:24<00:38,  1.92it/s] 62%|██████▏   | 49/79 [00:26<00:13,  2.30it/s] 35%|███▌      | 23/65 [00:24<00:24,  1.68it/s] 33%|███▎      | 33/100 [00:25<00:40,  1.64it/s] 63%|██████▎   | 50/79 [00:26<00:12,  2.30it/s]  4%|▍         | 3/71 [00:18<05:05,  4.50s/it] 31%|███       | 32/103 [00:24<00:30,  2.31it/s] 34%|███▍      | 34/100 [00:26<00:38,  1.72it/s] 37%|███▋      | 24/65 [00:24<00:24,  1.65it/s]2026-03-27 13:58:16,647 [INFO] Running MC-SCE on 1yb5A02_24 (100 conformers, T=300.0K)
  9%|▊         | 4/46 [00:20<02:12,  3.16s/it] 65%|██████▍   | 51/79 [00:26<00:12,  2.30it/s] 32%|███▏      | 33/103 [00:25<00:33,  2.11it/s] 35%|███▌      | 35/100 [00:26<00:36,  1.80it/s] 66%|██████▌   | 52/79 [00:27<00:12,  2.19it/s]  6%|▌         | 4/71 [00:19<03:27,  3.10s/it] 40%|████      | 26/65 [00:25<00:18,  2.09it/s] 36%|███▌      | 36/100 [00:27<00:34,  1.87it/s] 34%|███▍      | 35/103 [00:26<00:27,  2.44it/s] 68%|██████▊   | 54/79 [00:27<00:08,  2.90it/s] 13%|█▎        | 6/46 [00:21<01:10,  1.75s/it]Traceback (most recent call last):
  File "/wynton/home/rotation/jqmo/rotation3/MCSCE/src/mcsce/libs/libparse.py", line 441, in extract_ff_params_for_seq
    charge = force_field[res][atom_name]['charge']
KeyError: 'N'

During handling of the above exception, another exception occurred:

Traceback (most recent call last):
  File "scripts/run_mcsce.py", line 274, in <module>
    main()
  File "scripts/run_mcsce.py", line 270, in main
    preprocess=args.preprocess, seed=args.seed)
  File "scripts/run_mcsce.py", line 172, in run_mcsce
    structure=structure,
  File "/wynton/home/rotation/jqmo/rotation3/MCSCE/src/mcsce/core/side_chain_builder.py", line 85, in initialize_func_calc
    c_terms))
  File "/wynton/home/rotation/jqmo/rotation3/MCSCE/src/mcsce/libs/libenergy.py", line 168, in prepare_energy_function
    C_terminal_indicators,
  File "/wynton/home/rotation/jqmo/rotation3/MCSCE/src/mcsce/libs/libenergy.py", line 429, in create_LJ_params_raw
    'sigma',
  File "/wynton/home/rotation/jqmo/rotation3/MCSCE/src/mcsce/libs/libparse.py", line 447, in extract_ff_params_for_seq
    raise KeyError(tuple(force_field[res].keys()))
KeyError: ()
 42%|████▏     | 27/65 [00:26<00:19,  1.95it/s]  1%|          | 1/129 [00:16<34:53, 16.35s/it]  7%|▋         | 5/71 [00:20<02:33,  2.32s/it] 37%|███▋      | 37/100 [00:27<00:37,  1.69it/s] 72%|███████▏  | 57/79 [00:28<00:06,  3.54it/s] 35%|███▍      | 36/103 [00:26<00:33,  2.00it/s] 43%|████▎     | 28/65 [00:26<00:20,  1.84it/s] 15%|█▌        | 7/46 [00:22<01:00,  1.54s/it] 38%|███▊      | 38/100 [00:28<00:35,  1.77it/s] 73%|███████▎  | 58/79 [00:28<00:06,  3.23it/s]  1%|          | 1/97 [00:18<29:45, 18.60s/it] 36%|███▌      | 37/103 [00:27<00:34,  1.90it/s] 45%|████▍     | 29/65 [00:27<00:20,  1.79it/s]  8%|▊         | 6/71 [00:21<02:00,  1.85s/it] 76%|███████▌  | 60/79 [00:29<00:05,  3.60it/s] 39%|███▉      | 39/100 [00:28<00:33,  1.81it/s]  2%|▏         | 3/129 [00:17<09:56,  4.73s/it]  0%|          | 0/168 [00:00<?, ?it/s]2026-03-27 13:58:19,597 [INFO]   Post-idealize: 1572.5
 77%|███████▋  | 61/79 [00:29<00:05,  3.26it/s] 39%|███▉      | 40/103 [00:28<00:22,  2.75it/s]2026-03-27 13:58:19,638 [INFO]   Post-minimize (chi+bb): -541.0
 40%|████      | 40/100 [00:29<00:32,  1.86it/s]2026-03-27 13:58:19,776 [INFO]   Preprocessed structure -> /wynton/scratch/jqmo/rotation_datasets/augmented_ingraham_cath_bugfree/mpnn_esmfold/1uddA00_6_preproc.pdb
 17%|█▋        | 8/46 [00:23<00:55,  1.46s/it] 46%|████▌     | 30/65 [00:28<00:22,  1.54it/s] 78%|███████▊  | 62/79 [00:30<00:05,  2.96it/s]  2%|▏         | 2/97 [00:19<13:23,  8.46s/it] 40%|███▉      | 41/103 [00:28<00:25,  2.41it/s] 41%|████      | 41/100 [00:29<00:31,  1.88it/s] 10%|▉         | 7/71 [00:22<01:44,  1.63s/it]  3%|▎         | 4/129 [00:18<07:10,  3.44s/it] 80%|███████▉  | 63/79 [00:30<00:05,  2.77it/s]2026-03-27 13:58:20,678 [INFO]   Post-minimize (chi+bb): -781.4
 48%|████▊     | 31/65 [00:28<00:22,  1.51it/s]2026-03-27 13:58:20,787 [INFO]   Preprocessed structure -> /wynton/scratch/jqmo/rotation_datasets/augmented_ingraham_cath_bugfree/mpnn_esmfold/3mkrA00_3_preproc.pdb
 42%|████▏     | 42/100 [00:30<00:30,  1.87it/s] 41%|████      | 42/103 [00:29<00:27,  2.20it/s] 22%|██▏       | 10/46 [00:24<00:36,  1.03s/it] 81%|████████  | 64/79 [00:31<00:05,  2.61it/s] 11%|█▏        | 8/71 [00:23<01:28,  1.41s/it]  4%|▍         | 4/97 [00:21<05:26,  3.51s/it] 43%|████▎     | 43/100 [00:31<00:29,  1.91it/s] 49%|████▉     | 32/65 [00:29<00:21,  1.53it/s] 82%|████████▏ | 65/79 [00:31<00:05,  2.53it/s]  4%|▍         | 5/129 [00:19<05:26,  2.64s/it] 42%|████▏     | 43/103 [00:29<00:29,  2.01it/s] 24%|██▍       | 11/46 [00:25<00:35,  1.02s/it] 52%|█████▏    | 34/65 [00:30<00:15,  2.01it/s] 84%|████████▎ | 66/79 [00:32<00:06,  2.13it/s] 44%|████▍     | 44/100 [00:31<00:32,  1.70it/s] 45%|████▍     | 46/103 [00:30<00:20,  2.84it/s] 13%|█▎        | 9/71 [00:24<01:18,  1.26s/it]2026-03-27 13:58:22,199 [INFO]   Post-repack: 459.8
  5%|▍         | 6/129 [00:20<04:18,  2.11s/it]  5%|▌         | 5/97 [00:22<04:14,  2.77s/it] 85%|████████▍ | 67/79 [00:32<00:05,  2.15it/s] 54%|█████▍    | 35/65 [00:30<00:15,  1.88it/s] 45%|████▌     | 45/100 [00:32<00:31,  1.73it/s] 46%|████▌     | 47/103 [00:31<00:22,  2.49it/s] 28%|██▊       | 13/46 [00:26<00:26,  1.25it/s] 87%|████████▋ | 69/79 [00:33<00:03,  2.82it/s] 14%|█▍        | 10/71 [00:25<01:09,  1.14s/it] 46%|████▌     | 46/100 [00:32<00:30,  1.78it/s] 55%|█████▌    | 36/65 [00:31<00:16,  1.80it/s] 90%|████████▉ | 71/79 [00:33<00:02,  3.30it/s]  5%|▌         | 7/129 [00:21<03:33,  1.75s/it]  7%|▋         | 7/97 [00:23<02:36,  1.74s/it] 48%|████▊     | 49/103 [00:32<00:22,  2.44it/s]2026-03-27 13:58:23,639 [INFO]   Post-minimize (chi only): 320.9
 47%|████▋     | 47/100 [00:33<00:29,  1.80it/s] 92%|█████████▏| 73/79 [00:33<00:01,  3.68it/s] 30%|███       | 14/46 [00:27<00:26,  1.21it/s] 58%|█████▊    | 38/65 [00:32<00:12,  2.18it/s] 15%|█▌        | 11/71 [00:26<01:04,  1.08s/it] 48%|████▊     | 48/100 [00:33<00:28,  1.83it/s] 50%|████▉     | 51/103 [00:32<00:19,  2.63it/s] 95%|█████████▍| 75/79 [00:34<00:01,  3.97it/s]  7%|▋         | 9/129 [00:22<02:20,  1.17s/it] 60%|██████    | 39/65 [00:32<00:12,  2.03it/s] 96%|█████████▌| 76/79 [00:34<00:00,  3.48it/s]  8%|▊         | 8/97 [00:24<02:20,  1.58s/it] 49%|████▉     | 49/100 [00:34<00:27,  1.85it/s] 33%|███▎      | 15/46 [00:28<00:26,  1.17it/s] 51%|█████▏    | 53/103 [00:33<00:18,  2.75it/s] 17%|█▋        | 12/71 [00:27<01:01,  1.03s/it] 50%|█████     | 50/100 [00:35<00:27,  1.82it/s] 99%|█████████▊| 78/79 [00:35<00:00,  3.24it/s] 62%|██████▏   | 40/65 [00:33<00:14,  1.69it/s] 52%|█████▏    | 54/103 [00:34<00:20,  2.41it/s] 35%|███▍      | 16/46 [00:29<00:26,  1.14it/s]  8%|▊         | 10/129 [00:23<02:22,  1.20s/it]100%|██████████| 79/79 [00:35<00:00,  2.99it/s]100%|██████████| 79/79 [00:35<00:00,  2.20it/s] 10%|█         | 10/97 [00:25<01:40,  1.15s/it] 18%|█▊        | 13/71 [00:28<00:58,  1.00s/it]
 65%|██████▍   | 42/65 [00:34<00:11,  2.08it/s] 51%|█████     | 51/100 [00:35<00:30,  1.58it/s] 55%|█████▌    | 57/103 [00:34<00:14,  3.10it/s]  0%|          | 0/100 [00:00<?, ?it/s] 52%|█████▏    | 52/100 [00:36<00:28,  1.69it/s] 66%|██████▌   | 43/65 [00:34<00:11,  1.94it/s]  9%|▉         | 12/129 [00:24<01:45,  1.10it/s] 57%|█████▋    | 59/103 [00:35<00:14,  3.10it/s] 37%|███▋      | 17/46 [00:30<00:28,  1.02it/s] 20%|█▉        | 14/71 [00:29<01:00,  1.06s/it] 53%|█████▎    | 53/100 [00:36<00:26,  1.75it/s] 11%|█▏        | 11/97 [00:26<01:42,  1.20s/it] 68%|██████▊   | 44/65 [00:35<00:11,  1.78it/s] 58%|█████▊    | 60/103 [00:35<00:16,  2.65it/s] 54%|█████▍    | 54/100 [00:37<00:25,  1.82it/s] 10%|█         | 13/129 [00:26<01:48,  1.07it/s] 39%|███▉      | 18/46 [00:31<00:27,  1.03it/s] 69%|██████▉   | 45/65 [00:36<00:11,  1.72it/s] 23%|██▎       | 16/71 [00:30<00:43,  1.27it/s] 55%|█████▌    | 55/100 [00:37<00:24,  1.84it/s] 12%|█▏        | 12/97 [00:27<01:38,  1.16s/it] 59%|█████▉    | 61/103 [00:36<00:19,  2.12it/s] 71%|███████   | 46/65 [00:36<00:11,  1.67it/s] 56%|█████▌    | 56/100 [00:38<00:23,  1.86it/s] 11%|█         | 14/129 [00:27<01:50,  1.04it/s] 41%|████▏     | 19/46 [00:32<00:26,  1.03it/s] 60%|██████    | 62/103 [00:37<00:20,  1.98it/s] 24%|██▍       | 17/71 [00:31<00:44,  1.20it/s]  1%|          | 1/100 [00:02<04:48,  2.91s/it] 57%|█████▋    | 57/100 [00:38<00:22,  1.88it/s] 13%|█▎        | 13/97 [00:29<01:35,  1.14s/it] 72%|███████▏  | 47/65 [00:37<00:11,  1.63it/s] 61%|██████    | 63/103 [00:38<00:21,  1.87it/s] 58%|█████▊    | 58/100 [00:39<00:22,  1.90it/s] 12%|█▏        | 15/129 [00:28<01:50,  1.03it/s] 43%|████▎     | 20/46 [00:33<00:25,  1.03it/s] 25%|██▌       | 18/71 [00:32<00:45,  1.16it/s] 62%|██████▏   | 64/103 [00:38<00:22,  1.77it/s]2026-03-27 13:58:30,180 [INFO]   Post-idealize: 593.7
 74%|███████▍  | 48/65 [00:38<00:11,  1.43it/s] 14%|█▍        | 14/97 [00:30<01:34,  1.14s/it]  2%|▏         | 2/100 [00:04<03:19,  2.03s/it] 59%|█████▉    | 59/100 [00:40<00:25,  1.64it/s]  3%|▎         | 3/100 [00:04<01:54,  1.18s/it] 63%|██████▎   | 65/103 [00:39<00:22,  1.71it/s] 46%|████▌     | 21/46 [00:34<00:24,  1.03it/s] 12%|█▏        | 16/129 [00:29<01:51,  1.02it/s] 75%|███████▌  | 49/65 [00:39<00:10,  1.47it/s]  4%|▍         | 4/100 [00:04<01:16,  1.26it/s] 27%|██▋       | 19/71 [00:33<00:46,  1.13it/s]  9%|▉         | 9/100 [00:04<00:20,  4.38it/s] 61%|██████    | 61/100 [00:40<00:17,  2.22it/s] 12%|█▏        | 12/100 [00:05<00:14,  6.09it/s] 64%|██████▍   | 66/103 [00:39<00:22,  1.66it/s] 77%|███████▋  | 50/65 [00:39<00:10,  1.48it/s] 15%|█▌        | 15/97 [00:31<01:33,  1.14s/it] 62%|██████▏   | 62/100 [00:41<00:17,  2.11it/s] 48%|████▊     | 22/46 [00:35<00:23,  1.03it/s] 13%|█▎        | 17/129 [00:30<01:51,  1.00it/s] 28%|██▊       | 20/71 [00:34<00:46,  1.10it/s] 65%|██████▌   | 67/103 [00:40<00:21,  1.64it/s] 63%|██████▎   | 63/100 [00:41<00:18,  2.05it/s] 78%|███████▊  | 51/65 [00:40<00:09,  1.50it/s] 14%|█▍        | 14/100 [00:06<00:26,  3.28it/s] 65%|██████▌   | 65/100 [00:42<00:13,  2.55it/s] 16%|█▋        | 16/97 [00:32<01:31,  1.13s/it] 16%|█▌        | 16/100 [00:06<00:20,  4.17it/s] 80%|████████  | 52/65 [00:40<00:08,  1.53it/s] 66%|██████▌   | 68/103 [00:41<00:24,  1.41it/s] 50%|█████     | 23/46 [00:36<00:24,  1.06s/it] 18%|█▊        | 18/100 [00:06<00:18,  4.53it/s] 30%|██▉       | 21/71 [00:35<00:50,  1.01s/it] 66%|██████▌   | 66/100 [00:42<00:14,  2.37it/s] 15%|█▍        | 19/129 [00:31<01:34,  1.17it/s] 82%|████████▏ | 53/65 [00:41<00:07,  1.53it/s]2026-03-27 13:58:33,618 [INFO]   Post-repack: -368.7
 67%|██████▋   | 67/100 [00:43<00:14,  2.25it/s] 67%|██████▋   | 69/103 [00:42<00:23,  1.43it/s] 19%|█▊        | 18/97 [00:33<01:09,  1.14it/s] 52%|█████▏    | 24/46 [00:37<00:22,  1.03s/it] 83%|████████▎ | 54/65 [00:42<00:07,  1.54it/s] 32%|███▏      | 23/71 [00:36<00:37,  1.29it/s] 16%|█▌        | 20/129 [00:32<01:37,  1.12it/s] 69%|██████▉   | 71/103 [00:42<00:16,  1.93it/s] 19%|█▉        | 19/100 [00:08<00:32,  2.50it/s] 68%|██████▊   | 68/100 [00:44<00:16,  1.89it/s] 20%|██        | 20/100 [00:08<00:29,  2.74it/s] 21%|██        | 21/100 [00:08<00:24,  3.22it/s] 25%|██▌       | 25/100 [00:08<00:11,  6.47it/s] 71%|███████   | 73/103 [00:43<00:13,  2.25it/s] 85%|████████▍ | 55/65 [00:43<00:07,  1.38it/s] 69%|██████▉   | 69/100 [00:44<00:16,  1.87it/s] 54%|█████▍    | 25/46 [00:38<00:21,  1.02s/it] 34%|███▍      | 24/71 [00:37<00:38,  1.22it/s] 28%|██▊       | 28/100 [00:08<00:09,  7.40it/s]2026-03-27 13:58:35,163 [INFO] Running MC-SCE on 3mkrA00_3 (100 conformers, T=300.0K)
 20%|█▉        | 19/97 [00:35<01:19,  1.01s/it] 16%|█▋        | 21/129 [00:33<01:40,  1.08it/s]2026-03-27 13:58:35,257 [INFO]   Post-minimize (chi only): -514.6
 70%|███████   | 70/100 [00:45<00:16,  1.84it/s] 86%|████████▌ | 56/65 [00:43<00:06,  1.43it/s] 72%|███████▏  | 74/103 [00:44<00:14,  2.04it/s] 57%|█████▋    | 26/46 [00:39<00:19,  1.00it/s] 35%|███▌      | 25/71 [00:38<00:39,  1.16it/s] 21%|██        | 20/97 [00:35<01:14,  1.03it/s] 72%|███████▏  | 72/100 [00:45<00:11,  2.39it/s] 73%|███████▎  | 75/103 [00:44<00:14,  1.91it/s] 89%|████████▉ | 58/65 [00:44<00:03,  1.88it/s] 17%|█▋        | 22/129 [00:34<01:42,  1.04it/s]2026-03-27 13:58:36,470 [INFO] Running MC-SCE on 1uddA00_6 (100 conformers, T=300.0K)
 73%|███████▎  | 73/100 [00:46<00:12,  2.23it/s] 22%|██▏       | 21/97 [00:36<01:06,  1.14it/s] 30%|███       | 30/100 [00:10<00:21,  3.19it/s] 74%|███████▍  | 76/103 [00:45<00:14,  1.83it/s] 59%|█████▊    | 27/46 [00:40<00:18,  1.01it/s] 91%|█████████ | 59/65 [00:45<00:03,  1.77it/s] 32%|███▏      | 32/100 [00:10<00:17,  3.87it/s] 37%|███▋      | 26/71 [00:39<00:40,  1.12it/s] 74%|███████▍  | 74/100 [00:46<00:12,  2.16it/s] 33%|███▎      | 33/100 [00:11<00:17,  3.84it/s]  1%|          | 1/168 [00:17<49:42, 17.86s/it] 23%|██▎       | 22/97 [00:37<01:00,  1.24it/s] 18%|█▊        | 23/129 [00:35<01:44,  1.01it/s] 34%|███▍      | 34/100 [00:11<00:16,  3.88it/s] 76%|███████▌  | 78/103 [00:46<00:11,  2.23it/s] 92%|█████████▏| 60/65 [00:45<00:02,  1.72it/s] 75%|███████▌  | 75/100 [00:47<00:12,  2.08it/s]Traceback (most recent call last):
  File "/wynton/home/rotation/jqmo/rotation3/MCSCE/src/mcsce/libs/libparse.py", line 441, in extract_ff_params_for_seq
    charge = force_field[res][atom_name]['charge']
KeyError: 'N'

During handling of the above exception, another exception occurred:

Traceback (most recent call last):
  File "scripts/run_mcsce.py", line 274, in <module>
    main()
  File "scripts/run_mcsce.py", line 270, in main
    preprocess=args.preprocess, seed=args.seed)
  File "scripts/run_mcsce.py", line 172, in run_mcsce
    structure=structure,
  File "/wynton/home/rotation/jqmo/rotation3/MCSCE/src/mcsce/core/side_chain_builder.py", line 85, in initialize_func_calc
    c_terms))
  File "/wynton/home/rotation/jqmo/rotation3/MCSCE/src/mcsce/libs/libenergy.py", line 168, in prepare_energy_function
    C_terminal_indicators,
  File "/wynton/home/rotation/jqmo/rotation3/MCSCE/src/mcsce/libs/libenergy.py", line 429, in create_LJ_params_raw
    'sigma',
  File "/wynton/home/rotation/jqmo/rotation3/MCSCE/src/mcsce/libs/libparse.py", line 447, in extract_ff_params_for_seq
    raise KeyError(tuple(force_field[res].keys()))
KeyError: ()
 61%|██████    | 28/46 [00:41<00:17,  1.01it/s] 24%|██▎       | 23/97 [00:37<00:55,  1.33it/s] 35%|███▌      | 35/100 [00:11<00:19,  3.28it/s] 39%|███▉      | 28/71 [00:40<00:30,  1.39it/s] 36%|███▌      | 36/100 [00:11<00:18,  3.52it/s] 76%|███████▌  | 76/100 [00:47<00:11,  2.04it/s] 94%|█████████▍| 61/65 [00:46<00:02,  1.66it/s]Traceback (most recent call last):
  File "/wynton/home/rotation/jqmo/rotation3/MCSCE/src/mcsce/libs/libparse.py", line 441, in extract_ff_params_for_seq
    charge = force_field[res][atom_name]['charge']
KeyError: 'N'

During handling of the above exception, another exception occurred:

Traceback (most recent call last):
  File "scripts/run_mcsce.py", line 274, in <module>
    main()
  File "scripts/run_mcsce.py", line 270, in main
    preprocess=args.preprocess, seed=args.seed)
  File "scripts/run_mcsce.py", line 172, in run_mcsce
    structure=structure,
  File "/wynton/home/rotation/jqmo/rotation3/MCSCE/src/mcsce/core/side_chain_builder.py", line 85, in initialize_func_calc
    c_terms))
  File "/wynton/home/rotation/jqmo/rotation3/MCSCE/src/mcsce/libs/libenergy.py", line 168, in prepare_energy_function
    C_terminal_indicators,
  File "/wynton/home/rotation/jqmo/rotation3/MCSCE/src/mcsce/libs/libenergy.py", line 429, in create_LJ_params_raw
    'sigma',
  File "/wynton/home/rotation/jqmo/rotation3/MCSCE/src/mcsce/libs/libparse.py", line 447, in extract_ff_params_for_seq
    raise KeyError(tuple(force_field[res].keys()))
KeyError: ()
  2%|▏         | 3/168 [00:18<13:45,  5.00s/it] 19%|█▊        | 24/129 [00:36<01:44,  1.00it/s] 77%|███████▋  | 79/103 [00:46<00:13,  1.76it/s] 37%|███▋      | 37/100 [00:12<00:18,  3.38it/s] 25%|██▍       | 24/97 [00:38<00:52,  1.40it/s] 41%|████      | 41/100 [00:12<00:09,  6.48it/s] 42%|████▏     | 42/100 [00:12<00:08,  6.50it/s] 95%|█████████▌| 62/65 [00:47<00:01,  1.62it/s] 63%|██████▎   | 29/46 [00:42<00:16,  1.01it/s] 41%|████      | 29/71 [00:41<00:32,  1.29it/s] 77%|███████▋  | 77/100 [00:48<00:13,  1.69it/s] 78%|███████▊  | 80/103 [00:47<00:13,  1.69it/s]  3%|▎         | 5/168 [00:19<07:19,  2.70s/it] 19%|█▉        | 25/129 [00:37<01:43,  1.00it/s] 26%|██▌       | 25/97 [00:39<00:54,  1.32it/s] 97%|█████████▋| 63/65 [00:47<00:01,  1.60it/s] 78%|███████▊  | 78/100 [00:49<00:12,  1.75it/s] 82%|████████▏ | 84/103 [00:48<00:06,  2.92it/s] 27%|██▋       | 26/97 [00:39<00:51,  1.39it/s] 79%|███████▉  | 79/100 [00:49<00:11,  1.78it/s] 67%|██████▋   | 31/46 [00:43<00:12,  1.20it/s] 67%|██████▋   | 31/46 [00:43<00:21,  1.40s/it]
2026-03-27 13:58:40,185 [ERROR] MC-SCE failed on 1vq8200_2: too many indices for array: array is 1-dimensional, but 2 were indexed
 42%|████▏     | 30/71 [00:42<00:37,  1.10it/s]  4%|▎         | 6/168 [00:20<06:06,  2.26s/it] 83%|████████▎ | 85/103 [00:48<00:07,  2.53it/s] 20%|██        | 26/129 [00:38<01:46,  1.03s/it] 98%|█████████▊| 64/65 [00:48<00:00,  1.39it/s] 46%|████▌     | 46/100 [00:14<00:15,  3.50it/s] 80%|████████  | 80/100 [00:50<00:11,  1.78it/s] 29%|██▉       | 28/97 [00:40<00:37,  1.86it/s] 47%|████▋     | 47/100 [00:14<00:16,  3.17it/s] 83%|████████▎ | 86/103 [00:49<00:07,  2.24it/s]100%|██████████| 65/65 [00:49<00:00,  1.43it/s]100%|██████████| 65/65 [00:49<00:00,  1.32it/s]
 21%|██        | 27/129 [00:39<01:34,  1.08it/s] 81%|████████  | 81/100 [00:50<00:10,  1.79it/s] 44%|████▎     | 31/71 [00:43<00:37,  1.07it/s] 30%|██▉       | 29/97 [00:41<00:37,  1.79it/s] 48%|████▊     | 48/100 [00:15<00:16,  3.21it/s]  4%|▍         | 7/168 [00:21<05:06,  1.91s/it]  0%|          | 0/100 [00:00<?, ?it/s] 84%|████████▍ | 87/103 [00:50<00:07,  2.06it/s] 82%|████████▏ | 82/100 [00:51<00:09,  1.80it/s] 31%|███       | 30/97 [00:41<00:38,  1.75it/s] 22%|██▏       | 28/129 [00:40<01:28,  1.14it/s] 50%|█████     | 50/100 [00:15<00:16,  3.03it/s] 45%|████▌     | 32/71 [00:44<00:36,  1.06it/s] 51%|█████     | 51/100 [00:16<00:15,  3.24it/s] 83%|████████▎ | 83/100 [00:52<00:09,  1.82it/s] 85%|████████▌ | 88/103 [00:50<00:07,  1.90it/s] 54%|█████▍    | 54/100 [00:16<00:08,  5.41it/s]  6%|▌         | 10/168 [00:22<02:46,  1.06s/it] 32%|███▏      | 31/97 [00:42<00:38,  1.71it/s] 22%|██▏       | 29/129 [00:40<01:23,  1.20it/s] 56%|█████▌    | 56/100 [00:16<00:07,  5.83it/s] 58%|█████▊    | 58/100 [00:16<00:05,  7.40it/s] 84%|████████▍ | 84/100 [00:52<00:08,  1.84it/s] 46%|████▋     | 33/71 [00:45<00:35,  1.06it/s] 33%|███▎      | 32/97 [00:42<00:39,  1.66it/s] 60%|██████    | 60/100 [00:17<00:06,  6.02it/s] 86%|████████▋ | 89/103 [00:51<00:08,  1.56it/s] 23%|██▎       | 30/129 [00:41<01:18,  1.27it/s] 85%|████████▌ | 85/100 [00:53<00:08,  1.82it/s] 62%|██████▏   | 62/100 [00:17<00:07,  5.25it/s]  7%|▋         | 12/168 [00:24<02:25,  1.08it/s] 90%|█████████ | 93/103 [00:52<00:03,  2.79it/s]  1%|          | 1/100 [00:02<04:17,  2.60s/it] 34%|███▍      | 33/97 [00:43<00:43,  1.48it/s] 24%|██▍       | 31/129 [00:42<01:15,  1.30it/s] 48%|████▊     | 34/71 [00:46<00:35,  1.05it/s] 63%|██████▎   | 63/100 [00:17<00:08,  4.27it/s] 86%|████████▌ | 86/100 [00:53<00:08,  1.61it/s] 64%|██████▍   | 64/100 [00:18<00:07,  4.55it/s]  2%|▏         | 2/100 [00:03<02:15,  1.38s/it] 91%|█████████▏| 94/103 [00:53<00:03,  2.42it/s] 35%|███▌      | 34/97 [00:44<00:42,  1.50it/s] 65%|██████▌   | 65/100 [00:18<00:08,  3.95it/s]  3%|▎         | 3/100 [00:03<01:19,  1.21it/s] 87%|████████▋ | 87/100 [00:54<00:07,  1.66it/s] 25%|██▍       | 32/129 [00:43<01:12,  1.34it/s]  8%|▊         | 13/168 [00:25<02:28,  1.05it/s]  4%|▍         | 4/100 [00:03<00:54,  1.76it/s] 49%|████▉     | 35/71 [00:47<00:34,  1.05it/s] 66%|██████▌   | 66/100 [00:18<00:10,  3.28it/s] 88%|████████▊ | 88/100 [00:55<00:07,  1.69it/s] 93%|█████████▎| 96/103 [00:53<00:02,  2.61it/s] 36%|███▌      | 35/97 [00:45<00:42,  1.47it/s] 26%|██▌       | 33/129 [00:43<01:16,  1.25it/s] 89%|████████▉ | 89/100 [00:55<00:06,  1.74it/s]  8%|▊         | 14/168 [00:26<02:30,  1.02it/s] 94%|█████████▍| 97/103 [00:54<00:02,  2.31it/s] 68%|██████▊   | 68/100 [00:19<00:11,  2.76it/s] 51%|█████     | 36/71 [00:48<00:33,  1.04it/s] 71%|███████   | 71/100 [00:19<00:06,  4.73it/s] 38%|███▊      | 37/97 [00:46<00:34,  1.72it/s] 90%|█████████ | 90/100 [00:56<00:05,  1.78it/s] 26%|██▋       | 34/129 [00:44<01:13,  1.30it/s]  5%|▌         | 5/100 [00:04<01:26,  1.10it/s] 73%|███████▎  | 73/100 [00:20<00:05,  5.39it/s]  7%|▋         | 7/100 [00:05<00:45,  2.06it/s] 95%|█████████▌| 98/103 [00:55<00:02,  2.07it/s] 91%|█████████ | 91/100 [00:56<00:04,  1.81it/s] 10%|█         | 17/168 [00:27<01:43,  1.46it/s] 52%|█████▏    | 37/71 [00:49<00:32,  1.03it/s] 27%|██▋       | 35/129 [00:45<01:09,  1.35it/s] 74%|███████▍  | 74/100 [00:20<00:06,  3.77it/s]  8%|▊         | 8/100 [00:05<00:50,  1.84it/s] 41%|████      | 40/97 [00:47<00:25,  2.22it/s] 96%|█████████▌| 99/103 [00:55<00:02,  1.90it/s] 75%|███████▌  | 75/100 [00:21<00:06,  3.79it/s]  9%|▉         | 9/100 [00:05<00:39,  2.29it/s] 92%|█████████▏| 92/100 [00:57<00:04,  1.82it/s] 76%|███████▌  | 76/100 [00:21<00:06,  3.65it/s] 11%|█         | 11/100 [00:06<00:26,  3.41it/s] 28%|██▊       | 36/129 [00:45<01:07,  1.38it/s] 77%|███████▋  | 77/100 [00:21<00:05,  3.87it/s] 13%|█▎        | 13/100 [00:06<00:19,  4.47it/s] 97%|█████████▋| 100/103 [00:56<00:01,  1.80it/s] 93%|█████████▎| 93/100 [00:57<00:03,  1.82it/s] 11%|█         | 18/168 [00:28<01:52,  1.33it/s] 78%|███████▊  | 78/100 [00:21<00:05,  3.81it/s] 42%|████▏     | 41/97 [00:47<00:29,  1.89it/s] 14%|█▍        | 14/100 [00:06<00:23,  3.72it/s] 55%|█████▍    | 39/71 [00:50<00:26,  1.22it/s] 29%|██▊       | 37/129 [00:46<01:06,  1.38it/s] 80%|████████  | 80/100 [00:22<00:04,  4.41it/s] 15%|█▌        | 15/100 [00:07<00:21,  3.91it/s] 16%|█▌        | 16/100 [00:07<00:18,  4.45it/s] 45%|████▌     | 44/97 [00:48<00:20,  2.57it/s] 94%|█████████▍| 94/100 [00:58<00:03,  1.57it/s] 82%|████████▏ | 82/100 [00:22<00:03,  4.51it/s] 98%|█████████▊| 101/103 [00:57<00:01,  1.51it/s] 18%|█▊        | 18/100 [00:07<00:15,  5.29it/s] 84%|████████▍ | 84/100 [00:22<00:02,  5.82it/s] 11%|█▏        | 19/168 [00:29<02:01,  1.23it/s] 29%|██▉       | 38/129 [00:47<01:05,  1.39it/s] 56%|█████▋    | 40/71 [00:51<00:26,  1.16it/s] 95%|█████████▌| 95/100 [00:59<00:03,  1.64it/s] 46%|████▋     | 45/97 [00:49<00:22,  2.32it/s] 99%|█████████▉| 102/103 [00:58<00:00,  1.53it/s] 19%|█▉        | 19/100 [00:08<00:26,  3.11it/s] 85%|████████▌ | 85/100 [00:23<00:04,  3.43it/s] 30%|███       | 39/129 [00:48<01:05,  1.38it/s] 96%|█████████▌| 96/100 [00:59<00:02,  1.70it/s] 87%|████████▋ | 87/100 [00:23<00:03,  4.33it/s] 12%|█▏        | 20/168 [00:30<02:08,  1.15it/s] 22%|██▏       | 22/100 [00:08<00:19,  4.00it/s]100%|██████████| 103/103 [00:58<00:00,  1.51it/s]100%|██████████| 103/103 [00:58<00:00,  1.75it/s]
 49%|████▉     | 48/97 [00:50<00:18,  2.67it/s] 58%|█████▊    | 41/71 [00:52<00:26,  1.12it/s] 97%|█████████▋| 97/100 [01:00<00:01,  1.74it/s]  0%|          | 0/100 [00:00<?, ?it/s] 31%|███       | 40/129 [00:49<01:10,  1.27it/s] 51%|█████     | 49/97 [00:50<00:20,  2.35it/s] 98%|█████████▊| 98/100 [01:00<00:01,  1.77it/s] 88%|████████▊ | 88/100 [00:24<00:04,  2.63it/s] 23%|██▎       | 23/100 [00:09<00:30,  2.50it/s] 89%|████████▉ | 89/100 [00:25<00:03,  2.85it/s] 59%|█████▉    | 42/71 [00:53<00:26,  1.09it/s] 24%|██▍       | 24/100 [00:09<00:25,  2.95it/s] 90%|█████████ | 90/100 [00:25<00:02,  3.39it/s] 32%|███▏      | 41/129 [00:49<01:07,  1.30it/s] 99%|█████████▉| 99/100 [01:01<00:00,  1.76it/s] 13%|█▎        | 22/168 [00:32<01:57,  1.24it/s] 52%|█████▏    | 50/97 [00:51<00:22,  2.12it/s] 25%|██▌       | 25/100 [00:10<00:24,  3.02it/s] 92%|█████████▏| 92/100 [00:25<00:01,  4.15it/s] 93%|█████████▎| 93/100 [00:25<00:01,  4.57it/s]100%|██████████| 100/100 [01:01<00:00,  1.76it/s]100%|██████████| 100/100 [01:01<00:00,  1.62it/s]
 96%|█████████▌| 96/100 [00:26<00:00,  6.10it/s] 53%|█████▎    | 51/97 [00:52<00:23,  1.97it/s] 33%|███▎      | 42/129 [00:50<01:05,  1.32it/s] 61%|██████    | 43/71 [00:54<00:26,  1.07it/s] 26%|██▌       | 26/100 [00:10<00:31,  2.32it/s]  0%|          | 0/100 [00:00<?, ?it/s] 27%|██▋       | 27/100 [00:11<00:25,  2.84it/s] 14%|█▎        | 23/168 [00:33<02:03,  1.17it/s] 98%|█████████▊| 98/100 [00:26<00:00,  5.54it/s] 29%|██▉       | 29/100 [00:11<00:18,  3.94it/s] 54%|█████▎    | 52/97 [00:52<00:24,  1.87it/s] 33%|███▎      | 43/129 [00:51<01:03,  1.36it/s] 30%|███       | 30/100 [00:11<00:18,  3.87it/s] 31%|███       | 31/100 [00:11<00:15,  4.41it/s] 99%|█████████▉| 99/100 [00:27<00:00,  3.89it/s] 62%|██████▏   | 44/71 [00:55<00:25,  1.04it/s] 55%|█████▍    | 53/97 [00:53<00:24,  1.77it/s] 14%|█▍        | 24/168 [00:34<02:08,  1.12it/s] 34%|███▍      | 44/129 [00:51<01:00,  1.40it/s] 32%|███▏      | 32/100 [00:12<00:20,  3.25it/s] 56%|█████▌    | 54/97 [00:53<00:25,  1.71it/s] 35%|███▍      | 45/129 [00:52<00:59,  1.42it/s] 63%|██████▎   | 45/71 [00:56<00:25,  1.02it/s] 34%|███▍      | 34/100 [00:13<00:24,  2.75it/s] 15%|█▍        | 25/168 [00:35<02:13,  1.07it/s] 35%|███▌      | 35/100 [00:13<00:22,  2.88it/s]100%|██████████| 100/100 [00:28<00:00,  1.76it/s]100%|██████████| 100/100 [00:28<00:00,  3.47it/s] 58%|█████▊    | 56/97 [00:54<00:21,  1.89it/s]
2026-03-27 13:58:55,188 [INFO] Generated 0 conformers -> /wynton/scratch/jqmo/rotation_datasets/ai-cath_mcsce_ensembles/1wtbA00_28
 36%|███▌      | 46/129 [00:53<01:07,  1.23it/s] 37%|███▋      | 37/100 [00:14<00:20,  3.10it/s] 65%|██████▍   | 46/71 [00:58<00:27,  1.08s/it]  1%|          | 1/100 [00:03<05:16,  3.20s/it] 15%|█▌        | 26/168 [00:36<02:18,  1.03it/s] 59%|█████▉    | 57/97 [00:55<00:22,  1.79it/s] 38%|███▊      | 38/100 [00:14<00:19,  3.14it/s] 39%|███▉      | 39/100 [00:14<00:16,  3.71it/s]  2%|▏         | 2/100 [00:03<02:20,  1.43s/it] 40%|████      | 40/100 [00:14<00:16,  3.69it/s] 60%|█████▉    | 58/97 [00:56<00:22,  1.70it/s] 41%|████      | 41/100 [00:15<00:16,  3.60it/s] 66%|██████▌   | 47/71 [00:59<00:25,  1.06s/it]  4%|▍         | 4/100 [00:04<01:15,  1.27it/s] 37%|███▋      | 48/129 [00:55<01:01,  1.32it/s] 16%|█▌        | 27/168 [00:37<02:20,  1.01it/s]  8%|▊         | 8/100 [00:04<00:28,  3.27it/s] 12%|█▏        | 12/100 [00:04<00:15,  5.59it/s] 61%|██████    | 59/97 [00:56<00:22,  1.66it/s] 42%|████▏     | 42/100 [00:15<00:22,  2.63it/s] 14%|█▍        | 14/100 [00:04<00:14,  6.04it/s] 16%|█▌        | 16/100 [00:04<00:12,  6.75it/s]  1%|          | 1/100 [00:06<11:28,  6.95s/it] 68%|██████▊   | 48/71 [01:00<00:23,  1.04s/it] 68%|██████▊   | 48/71 [01:00<00:28,  1.25s/it]
2026-03-27 13:58:57,669 [ERROR] MC-SCE failed on 1vjqA00_26: too many indices for array: array is 1-dimensional, but 2 were indexed
 62%|██████▏   | 60/97 [00:57<00:22,  1.63it/s] 38%|███▊      | 49/129 [00:56<01:07,  1.19it/s]  2%|▏         | 2/100 [00:07<05:10,  3.16s/it] 44%|████▍     | 44/100 [00:16<00:25,  2.23it/s] 18%|█▊        | 30/168 [00:38<01:36,  1.42it/s] 63%|██████▎   | 61/97 [00:58<00:22,  1.60it/s] 48%|████▊     | 48/100 [00:17<00:15,  3.46it/s] 39%|███▉      | 50/129 [00:57<01:10,  1.12it/s] 49%|████▉     | 49/100 [00:17<00:13,  3.72it/s] 64%|██████▍   | 62/97 [00:58<00:22,  1.58it/s] 52%|█████▏    | 52/100 [00:17<00:08,  5.60it/s] 19%|█▉        | 32/168 [00:39<01:28,  1.54it/s]  3%|▎         | 3/100 [00:08<03:44,  2.31s/it] 53%|█████▎    | 53/100 [00:17<00:08,  5.31it/s] 54%|█████▍    | 54/100 [00:18<00:08,  5.51it/s]2026-03-27 13:58:59,620 [INFO]   Post-idealize: 5534.6
 55%|█████▌    | 55/100 [00:18<00:09,  4.61it/s] 18%|█▊        | 18/100 [00:07<00:36,  2.25it/s] 65%|██████▍   | 63/97 [00:59<00:24,  1.40it/s] 40%|███▉      | 51/129 [00:58<01:14,  1.04it/s] 20%|█▉        | 33/168 [00:40<01:38,  1.36it/s] 19%|█▉        | 19/100 [00:07<00:36,  2.21it/s] 56%|█████▌    | 56/100 [00:19<00:13,  3.23it/s] 66%|██████▌   | 64/97 [01:00<00:23,  1.42it/s] 20%|██        | 20/100 [00:08<00:32,  2.47it/s] 58%|█████▊    | 58/100 [00:19<00:08,  4.69it/s] 25%|██▌       | 25/100 [00:08<00:14,  5.25it/s] 27%|██▋       | 27/100 [00:08<00:12,  5.97it/s] 40%|████      | 52/129 [00:59<01:16,  1.00it/s] 29%|██▉       | 29/100 [00:08<00:11,  5.93it/s] 21%|██        | 35/168 [00:41<01:28,  1.50it/s] 67%|██████▋   | 65/97 [01:01<00:23,  1.35it/s] 32%|███▏      | 32/100 [00:08<00:08,  7.69it/s] 59%|█████▉    | 59/100 [00:20<00:15,  2.67it/s] 41%|████      | 53/129 [01:00<01:17,  1.02s/it] 60%|██████    | 60/100 [00:20<00:18,  2.21it/s]  4%|▍         | 4/100 [00:11<04:11,  2.62s/it] 63%|██████▎   | 63/100 [00:21<00:09,  3.79it/s] 23%|██▎       | 38/168 [00:43<01:09,  1.86it/s] 69%|██████▉   | 67/97 [01:02<00:19,  1.53it/s]  5%|▌         | 5/100 [00:11<02:43,  1.72s/it]2026-03-27 13:59:02,557 [INFO]   Post-repack: 2508.4
 64%|██████▍   | 64/100 [00:21<00:10,  3.40it/s] 65%|██████▌   | 65/100 [00:21<00:08,  3.90it/s] 43%|████▎     | 55/129 [01:01<00:58,  1.26it/s]  6%|▌         | 6/100 [00:12<02:09,  1.38s/it] 66%|██████▌   | 66/100 [00:21<00:09,  3.67it/s]  7%|▋         | 7/100 [00:12<01:32,  1.00it/s] 70%|███████   | 68/97 [01:03<00:21,  1.33it/s] 23%|██▎       | 39/168 [00:44<01:22,  1.57it/s]  8%|▊         | 8/100 [00:13<01:08,  1.34it/s] 67%|██████▋   | 67/100 [00:22<00:10,  3.17it/s] 34%|███▍      | 34/100 [00:11<00:26,  2.52it/s]  9%|▉         | 9/100 [00:13<00:53,  1.70it/s] 36%|███▌      | 36/100 [00:11<00:20,  3.13it/s] 10%|█         | 10/100 [00:13<00:42,  2.11it/s] 43%|████▎     | 56/129 [01:02<01:02,  1.17it/s] 37%|███▋      | 37/100 [00:11<00:20,  3.00it/s] 39%|███▉      | 39/100 [00:12<00:15,  4.07it/s] 70%|███████   | 70/100 [00:23<00:08,  3.42it/s] 73%|███████▎  | 71/97 [01:04<00:14,  1.82it/s] 24%|██▍       | 40/168 [00:45<01:33,  1.37it/s] 42%|████▏     | 42/100 [00:12<00:11,  5.26it/s]2026-03-27 13:59:05,036 [INFO]   Post-minimize (chi only): 993.3
 71%|███████   | 71/100 [00:23<00:09,  2.99it/s] 45%|████▌     | 45/100 [00:12<00:08,  6.53it/s] 73%|███████▎  | 73/100 [00:24<00:07,  3.47it/s] 47%|████▋     | 47/100 [00:13<00:09,  5.53it/s] 74%|███████▍  | 72/97 [01:05<00:16,  1.55it/s] 46%|████▌     | 59/129 [01:04<00:46,  1.49it/s] 74%|███████▍  | 74/100 [00:24<00:07,  3.33it/s] 49%|████▉     | 49/100 [00:13<00:08,  5.88it/s] 75%|███████▌  | 75/100 [00:24<00:06,  3.70it/s] 24%|██▍       | 41/168 [00:46<01:49,  1.16it/s] 11%|█         | 11/100 [00:15<01:23,  1.07it/s] 76%|███████▌  | 76/100 [00:24<00:06,  3.53it/s] 12%|█▏        | 12/100 [00:15<01:07,  1.31it/s] 77%|███████▋  | 77/100 [00:25<00:06,  3.42it/s] 50%|█████     | 50/100 [00:14<00:13,  3.81it/s] 75%|███████▌  | 73/97 [01:06<00:17,  1.37it/s] 51%|█████     | 51/100 [00:14<00:11,  4.18it/s] 78%|███████▊  | 78/100 [00:25<00:06,  3.63it/s] 47%|████▋     | 60/129 [01:05<00:53,  1.30it/s] 14%|█▍        | 14/100 [00:16<00:46,  1.84it/s] 52%|█████▏    | 52/100 [00:14<00:12,  3.81it/s] 25%|██▌       | 42/168 [00:47<01:57,  1.07it/s] 15%|█▌        | 15/100 [00:17<00:49,  1.72it/s] 79%|███████▉  | 79/100 [00:26<00:09,  2.19it/s] 53%|█████▎    | 53/100 [00:15<00:16,  2.82it/s] 48%|████▊     | 62/129 [01:06<00:46,  1.45it/s] 77%|███████▋  | 75/97 [01:07<00:15,  1.40it/s] 16%|█▌        | 16/100 [00:17<00:45,  1.86it/s] 80%|████████  | 80/100 [00:26<00:09,  2.20it/s] 26%|██▌       | 43/168 [00:48<02:00,  1.04it/s] 17%|█▋        | 17/100 [00:17<00:37,  2.22it/s] 82%|████████▏ | 82/100 [00:27<00:05,  3.43it/s] 54%|█████▍    | 54/100 [00:16<00:19,  2.34it/s] 56%|█████▌    | 56/100 [00:16<00:12,  3.56it/s] 18%|█▊        | 18/100 [00:18<00:34,  2.36it/s] 58%|█████▊    | 58/100 [00:16<00:08,  4.82it/s] 19%|█▉        | 19/100 [00:18<00:27,  2.99it/s] 83%|████████▎ | 83/100 [00:27<00:06,  2.73it/s] 49%|████▉     | 63/129 [01:07<00:50,  1.30it/s] 59%|█████▉    | 59/100 [00:16<00:09,  4.35it/s] 78%|███████▊  | 76/97 [01:08<00:16,  1.28it/s] 85%|████████▌ | 85/100 [00:27<00:03,  3.85it/s] 61%|██████    | 61/100 [00:16<00:07,  5.49it/s] 26%|██▌       | 44/168 [00:50<02:04,  1.01s/it] 62%|██████▏   | 62/100 [00:17<00:07,  5.23it/s] 51%|█████     | 66/129 [01:08<00:32,  1.94it/s] 65%|██████▌   | 65/100 [00:17<00:05,  6.74it/s] 86%|████████▌ | 86/100 [00:28<00:05,  2.64it/s] 79%|███████▉  | 77/97 [01:09<00:16,  1.19it/s] 87%|████████▋ | 87/100 [00:28<00:04,  2.97it/s] 88%|████████▊ | 88/100 [00:29<00:03,  3.35it/s] 52%|█████▏    | 67/129 [01:08<00:33,  1.83it/s] 27%|██▋       | 45/168 [00:51<02:05,  1.02s/it] 68%|██████▊   | 68/100 [00:18<00:06,  4.72it/s] 20%|██        | 20/100 [00:20<01:07,  1.19it/s] 53%|█████▎    | 68/129 [01:09<00:35,  1.72it/s] 80%|████████  | 78/97 [01:11<00:16,  1.12it/s] 89%|████████▉ | 89/100 [00:29<00:04,  2.31it/s] 90%|█████████ | 90/100 [00:29<00:03,  2.90it/s] 27%|██▋       | 46/168 [00:52<02:05,  1.03s/it] 69%|██████▉   | 69/100 [00:19<00:10,  3.07it/s] 92%|█████████▏| 92/100 [00:30<00:02,  3.26it/s] 93%|█████████▎| 93/100 [00:30<00:01,  3.86it/s] 53%|█████▎    | 69/129 [01:10<00:41,  1.44it/s] 81%|████████▏ | 79/97 [01:12<00:17,  1.06it/s] 70%|███████   | 70/100 [00:19<00:12,  2.48it/s] 96%|█████████▌| 96/100 [00:31<00:00,  4.80it/s] 97%|█████████▋| 97/100 [00:31<00:00,  5.05it/s] 73%|███████▎  | 73/100 [00:20<00:06,  3.90it/s] 28%|██▊       | 47/168 [00:53<02:08,  1.06s/it] 76%|███████▌  | 76/100 [00:20<00:04,  5.38it/s] 54%|█████▍    | 70/129 [01:11<00:42,  1.40it/s] 77%|███████▋  | 77/100 [00:20<00:04,  5.01it/s] 79%|███████▉  | 79/100 [00:20<00:03,  6.21it/s] 98%|█████████▊| 98/100 [00:31<00:00,  3.22it/s] 84%|████████▎ | 81/97 [01:13<00:12,  1.30it/s] 81%|████████  | 81/100 [00:21<00:02,  6.99it/s] 99%|█████████▉| 99/100 [00:32<00:00,  3.51it/s] 21%|██        | 21/100 [00:23<01:47,  1.37s/it]100%|██████████| 100/100 [00:32<00:00,  3.11it/s] 82%|████████▏ | 82/100 [00:21<00:02,  7.01it/s]
2026-03-27 13:59:13,779 [INFO] Generated 0 conformers -> /wynton/scratch/jqmo/rotation_datasets/ai-cath_mcsce_ensembles/3ossC00_7
 55%|█████▌    | 71/129 [01:12<00:41,  1.38it/s] 22%|██▏       | 22/100 [00:23<01:23,  1.08s/it] 29%|██▊       | 48/168 [00:54<02:22,  1.18s/it] 23%|██▎       | 23/100 [00:23<01:05,  1.18it/s] 24%|██▍       | 24/100 [00:23<00:49,  1.54it/s] 85%|████████▍ | 82/97 [01:14<00:12,  1.18it/s] 56%|█████▌    | 72/129 [01:12<00:41,  1.36it/s] 84%|████████▍ | 84/100 [00:22<00:04,  3.67it/s] 25%|██▌       | 25/100 [00:24<00:45,  1.66it/s] 26%|██▌       | 26/100 [00:24<00:35,  2.09it/s] 85%|████████▌ | 85/100 [00:22<00:04,  3.30it/s] 29%|██▉       | 49/168 [00:55<02:17,  1.16s/it] 57%|█████▋    | 73/129 [01:13<00:41,  1.35it/s] 87%|████████▋ | 87/100 [00:23<00:04,  3.22it/s] 88%|████████▊ | 88/100 [00:23<00:03,  3.62it/s] 86%|████████▌ | 83/97 [01:15<00:14,  1.00s/it] 58%|█████▊    | 75/129 [01:14<00:31,  1.70it/s] 89%|████████▉ | 89/100 [00:23<00:03,  3.36it/s] 30%|███       | 51/168 [00:56<01:42,  1.14it/s] 91%|█████████ | 91/100 [00:24<00:02,  4.27it/s] 59%|█████▉    | 76/129 [01:15<00:33,  1.58it/s] 87%|████████▋ | 84/97 [01:16<00:13,  1.00s/it] 93%|█████████▎| 93/100 [00:24<00:01,  4.09it/s] 27%|██▋       | 27/100 [00:26<01:08,  1.06it/s] 28%|██▊       | 28/100 [00:26<00:50,  1.43it/s] 94%|█████████▍| 94/100 [00:24<00:01,  3.91it/s] 32%|███▏      | 53/168 [00:58<01:27,  1.32it/s] 97%|█████████▋| 97/100 [00:25<00:00,  6.29it/s] 98%|█████████▊| 98/100 [00:25<00:00,  6.71it/s] 60%|█████▉    | 77/129 [01:15<00:34,  1.50it/s] 99%|█████████▉| 99/100 [00:25<00:00,  5.03it/s] 89%|████████▊ | 86/97 [01:17<00:08,  1.22it/s]100%|██████████| 100/100 [00:25<00:00,  4.70it/s]100%|██████████| 100/100 [00:25<00:00,  3.88it/s] 29%|██▉       | 29/100 [00:27<00:56,  1.26it/s]
2026-03-27 13:59:18,440 [INFO] Generated 0 conformers -> /wynton/scratch/jqmo/rotation_datasets/ai-cath_mcsce_ensembles/2f76X00_3_reres
 32%|███▏      | 54/168 [00:59<01:33,  1.21it/s] 60%|██████    | 78/129 [01:16<00:39,  1.30it/s] 90%|████████▉ | 87/97 [01:18<00:08,  1.14it/s] 61%|██████    | 79/129 [01:17<00:38,  1.30it/s] 30%|███       | 30/100 [00:29<01:06,  1.06it/s] 33%|███▎      | 55/168 [01:00<01:40,  1.12it/s] 31%|███       | 31/100 [00:29<00:55,  1.23it/s] 63%|██████▎   | 81/129 [01:18<00:28,  1.67it/s] 91%|█████████ | 88/97 [01:20<00:08,  1.07it/s] 32%|███▏      | 32/100 [00:29<00:43,  1.55it/s] 33%|███▎      | 33/100 [00:30<00:34,  1.94it/s] 33%|███▎      | 56/168 [01:01<01:45,  1.06it/s] 64%|██████▎   | 82/129 [01:19<00:30,  1.56it/s] 92%|█████████▏| 89/97 [01:21<00:07,  1.04it/s] 65%|██████▌   | 84/129 [01:20<00:24,  1.86it/s] 35%|███▍      | 58/168 [01:02<01:33,  1.18it/s] 93%|█████████▎| 90/97 [01:22<00:06,  1.00it/s] 66%|██████▌   | 85/129 [01:20<00:26,  1.68it/s] 67%|██████▋   | 86/129 [01:21<00:27,  1.57it/s] 34%|███▍      | 34/100 [00:32<01:19,  1.20s/it] 36%|███▌      | 60/168 [01:03<01:21,  1.33it/s] 94%|█████████▍| 91/97 [01:23<00:06,  1.03s/it] 67%|██████▋   | 87/129 [01:22<00:28,  1.48it/s] 35%|███▌      | 35/100 [00:33<01:10,  1.08s/it] 37%|███▋      | 37/100 [00:33<00:38,  1.65it/s] 36%|███▋      | 61/168 [01:05<01:28,  1.21it/s] 38%|███▊      | 38/100 [00:34<00:37,  1.64it/s] 95%|█████████▍| 92/97 [01:24<00:05,  1.13s/it] 39%|███▉      | 39/100 [00:34<00:30,  2.02it/s] 68%|██████▊   | 88/129 [01:23<00:31,  1.29it/s]2026-03-27 13:59:25,588 [INFO]   Post-minimize (chi+bb): -889.4
 37%|███▋      | 62/168 [01:06<01:35,  1.11it/s]2026-03-27 13:59:25,745 [INFO]   Preprocessed structure -> /wynton/scratch/jqmo/rotation_datasets/augmented_ingraham_cath_bugfree/mpnn_esmfold/3sreA00_30_preproc.pdb
 69%|██████▉   | 89/129 [01:24<00:30,  1.30it/s] 96%|█████████▌| 93/97 [01:25<00:04,  1.11s/it] 71%|███████▏  | 92/129 [01:24<00:18,  2.04it/s] 38%|███▊      | 64/168 [01:07<01:19,  1.31it/s] 97%|█████████▋| 94/97 [01:26<00:03,  1.11s/it] 40%|████      | 40/100 [00:36<00:57,  1.04it/s] 41%|████      | 41/100 [00:36<00:43,  1.35it/s] 73%|███████▎  | 94/129 [01:25<00:15,  2.20it/s] 40%|███▉      | 67/168 [01:08<00:58,  1.73it/s] 98%|█████████▊| 95/97 [01:27<00:02,  1.08s/it]100%|██████████| 97/97 [01:27<00:00,  1.10it/s]
 74%|███████▎  | 95/129 [01:26<00:17,  1.94it/s]  0%|          | 0/100 [00:00<?, ?it/s] 42%|████▏     | 42/100 [00:38<00:55,  1.05it/s] 74%|███████▍  | 96/129 [01:27<00:18,  1.76it/s] 40%|████      | 68/168 [01:09<01:08,  1.46it/s] 43%|████▎     | 43/100 [00:38<00:45,  1.25it/s] 75%|███████▌  | 97/129 [01:27<00:19,  1.65it/s] 41%|████      | 69/168 [01:10<01:15,  1.31it/s] 44%|████▍     | 44/100 [00:39<00:48,  1.16it/s] 77%|███████▋  | 99/129 [01:28<00:15,  1.98it/s] 46%|████▌     | 46/100 [00:40<00:36,  1.48it/s] 78%|███████▊  | 100/129 [01:29<00:18,  1.60it/s] 42%|████▏     | 70/168 [01:12<01:31,  1.07it/s] 47%|████▋     | 47/100 [00:41<00:34,  1.55it/s] 78%|███████▊  | 101/129 [01:30<00:18,  1.52it/s] 48%|████▊     | 48/100 [00:41<00:31,  1.63it/s] 42%|████▏     | 71/168 [01:13<01:34,  1.03it/s] 79%|███████▉  | 102/129 [01:31<00:18,  1.44it/s]2026-03-27 13:59:33,703 [INFO] Running MC-SCE on 3sreA00_30 (100 conformers, T=300.0K)
 43%|████▎     | 72/168 [01:14<01:35,  1.00it/s] 80%|███████▉  | 103/129 [01:32<00:18,  1.38it/s] 49%|████▉     | 49/100 [00:43<00:48,  1.06it/s]  1%|          | 1/100 [00:05<09:49,  5.96s/it] 81%|████████  | 104/129 [01:32<00:18,  1.37it/s] 50%|█████     | 50/100 [00:44<00:42,  1.18it/s] 43%|████▎     | 73/168 [01:15<01:37,  1.02s/it] 51%|█████     | 51/100 [00:44<00:31,  1.54it/s]  4%|▍         | 4/100 [00:06<02:07,  1.33s/it]Traceback (most recent call last):
  File "/wynton/home/rotation/jqmo/rotation3/MCSCE/src/mcsce/libs/libparse.py", line 441, in extract_ff_params_for_seq
    charge = force_field[res][atom_name]['charge']
KeyError: 'N'

During handling of the above exception, another exception occurred:

Traceback (most recent call last):
  File "scripts/run_mcsce.py", line 274, in <module>
    main()
  File "scripts/run_mcsce.py", line 270, in main
    preprocess=args.preprocess, seed=args.seed)
  File "scripts/run_mcsce.py", line 172, in run_mcsce
    structure=structure,
  File "/wynton/home/rotation/jqmo/rotation3/MCSCE/src/mcsce/core/side_chain_builder.py", line 85, in initialize_func_calc
    c_terms))
  File "/wynton/home/rotation/jqmo/rotation3/MCSCE/src/mcsce/libs/libenergy.py", line 168, in prepare_energy_function
    C_terminal_indicators,
  File "/wynton/home/rotation/jqmo/rotation3/MCSCE/src/mcsce/libs/libenergy.py", line 429, in create_LJ_params_raw
    'sigma',
  File "/wynton/home/rotation/jqmo/rotation3/MCSCE/src/mcsce/libs/libparse.py", line 447, in extract_ff_params_for_seq
    raise KeyError(tuple(force_field[res].keys()))
KeyError: ()
 81%|████████▏ | 105/129 [01:33<00:17,  1.36it/s] 44%|████▍     | 74/168 [01:16<01:33,  1.00it/s] 52%|█████▏    | 52/100 [00:45<00:34,  1.38it/s]  5%|▌         | 5/100 [00:07<01:47,  1.13s/it] 53%|█████▎    | 53/100 [00:45<00:27,  1.69it/s] 82%|████████▏ | 106/129 [01:34<00:17,  1.32it/s] 45%|████▍     | 75/168 [01:17<01:24,  1.09it/s] 55%|█████▌    | 55/100 [00:46<00:19,  2.31it/s]  6%|▌         | 6/100 [00:08<01:37,  1.04s/it]  8%|▊         | 8/100 [00:08<00:55,  1.67it/s] 83%|████████▎ | 107/129 [01:35<00:16,  1.33it/s]  9%|▉         | 9/100 [00:08<00:50,  1.82it/s] 46%|████▌     | 77/168 [01:17<01:00,  1.50it/s] 10%|█         | 10/100 [00:08<00:39,  2.30it/s] 11%|█         | 11/100 [00:09<00:41,  2.14it/s] 84%|████████▎ | 108/129 [01:36<00:17,  1.19it/s] 46%|████▋     | 78/168 [01:18<01:09,  1.30it/s] 85%|████████▌ | 110/129 [01:37<00:12,  1.53it/s] 47%|████▋     | 79/168 [01:19<01:06,  1.33it/s] 48%|████▊     | 80/168 [01:20<01:05,  1.35it/s] 86%|████████▌ | 111/129 [01:38<00:13,  1.31it/s] 56%|█████▌    | 56/100 [00:49<00:52,  1.18s/it] 48%|████▊     | 81/168 [01:21<01:04,  1.35it/s] 12%|█▏        | 12/100 [00:11<01:35,  1.08s/it] 57%|█████▋    | 57/100 [00:50<00:42,  1.00it/s] 87%|████████▋ | 112/129 [01:39<00:14,  1.16it/s] 58%|█████▊    | 58/100 [00:50<00:36,  1.16it/s] 49%|████▉     | 82/168 [01:21<01:03,  1.35it/s] 13%|█▎        | 13/100 [00:13<01:34,  1.08s/it] 60%|██████    | 60/100 [00:51<00:24,  1.63it/s] 88%|████████▊ | 114/129 [01:40<00:09,  1.54it/s] 49%|████▉     | 83/168 [01:22<01:02,  1.35it/s] 61%|██████    | 61/100 [00:51<00:22,  1.75it/s] 62%|██████▏   | 62/100 [00:51<00:17,  2.19it/s] 89%|████████▉ | 115/129 [01:40<00:09,  1.45it/s] 50%|█████     | 84/168 [01:23<01:00,  1.38it/s] 14%|█▍        | 14/100 [00:14<01:36,  1.12s/it] 2.01it/s] 15%|█▌        | 15/100 [00:14<01:14,  1.13it/s] 51%|█████     | 85/168 [01:23<00:59,  1.39it/s] 90%|████████▉ | 116/129 [01:41<00:09,  1.42it/s] 16%|█▌        | 16/100 [00:14<01:01,  1.36it/s] 91%|█████████ | 117/129 [01:42<00:08,  1.41it/s] 52%|█████▏    | 87/168 [01:24<00:49,  1.63it/s] 17%|█▋        | 17/100 [00:16<01:18,  1.05it/s] 52%|█████▏    | 88/168 [01:25<00:52,  1.53it/s] 91%|█████████▏| 118/129 [01:43<00:08,  1.26it/s] 64%|██████▍   | 64/100 [00:55<00:40,  1.14s/it] 54%|█████▎    | 90/168 [01:26<00:41,  1.86it/s] 92%|█████████▏| 119/129 [01:44<00:07,  1.28it/s] 20%|██        | 20/100 [00:17<00:47,  1.69it/s] 66%|██████▌   | 66/100 [00:55<00:25,  1.35it/s] 67%|██████▋   | 67/100 [00:55<00:21,  1.54it/s] 54%|█████▍    | 91/168 [01:27<00:44,  1.74it/s] 21%|██        | 21/100 [00:18<00:48,  1.64it/s] 93%|█████████▎| 120/129 [01:44<00:07,  1.28it/s] 68%|██████▊   | 68/100 [00:56<00:18,  1.73it/s] 55%|█████▍    | 92/168 [01:27<00:46,  1.63it/s] 94%|█████████▍| 121/129 [01:45<00:06,  1.26it/s] 69%|██████▉   | 69/100 [00:57<00:22,  1.41it/s] 22%|██▏       | 22/100 [00:19<01:01,  1.27it/s] 55%|█████▌    | 93/168 [01:28<00:48,  1.55it/s] 95%|█████████▍| 122/129 [01:46<00:05,  1.26it/s] 70%|███████   | 70/100 [00:57<00:20,  1.47it/s] 56%|█████▌    | 94/168 [01:29<00:49,  1.49it/s] 95%|█████████▌| 123/129 [01:47<00:04,  1.26it/s] 71%|███████   | 71/100 [00:58<00:19,  1.52it/s] 57%|█████▋    | 95/168 [01:29<00:49,  1.47it/s] 96%|█████████▌| 124/129 [01:48<00:03,  1.27it/s] 23%|██▎       | 23/100 [00:21<01:24,  1.09s/it] 24%|██▍       | 24/100 [00:21<01:08,  1.11it/s] 57%|█████▋    | 96/168 [01:30<00:55,  1.30it/s] 98%|█████████▊| 127/129 [01:48<00:01,  1.96it/s] 25%|██▌       | 25/100 [00:22<01:00,  1.24it/s] 58%|█████▊    | 97/168 [01:31<00:53,  1.33it/s] 99%|█████████▉| 128/129 [01:49<00:00,  1.74it/s]100%|██████████| 129/129 [01:49<00:00,  1.18it/s]
 26%|██▌       | 26/100 [00:23<00:58,  1.27it/s] 72%|███████▏  | 72/100 [01:01<00:34,  1.23s/it] 27%|██▋       | 27/100 [00:23<00:44,  1.64it/s] 59%|█████▉    | 99/168 [01:32<00:39,  1.75it/s]  0%|          | 0/100 [00:00<?, ?it/s] 74%|███████▍  | 74/100 [01:01<00:18,  1.42it/s] 28%|██▊       | 28/100 [00:23<00:41,  1.73it/s] 75%|███████▌  | 75/100 [01:01<00:15,  1.58it/s] 30%|███       | 30/100 [00:23<00:26,  2.67it/s] 60%|█████▉    | 100/168 [01:33<00:41,  1.64it/s] 31%|███       | 31/100 [00:24<00:22,  3.06it/s] 60%|██████    | 101/168 [01:33<00:42,  1.57it/s] 76%|███████▌  | 76/100 [01:03<00:20,  1.19it/s] 61%|██████    | 102/168 [01:34<00:43,  1.51it/s] 32%|███▏      | 32/100 [00:25<00:44,  1.52it/s] 61%|██████▏   | 103/168 [01:35<00:43,  1.50it/s] 77%|███████▋  | 77/100 [01:04<00:23,  1.02s/it] 62%|██████▏   | 104/168 [01:35<00:43,  1.46it/s] 78%|███████▊  | 78/100 [01:04<00:17,  1.27it/s] 79%|███████▉  | 79/100 [01:05<00:16,  1.29it/s] 80%|████████  | 80/100 [01:05<00:12,  1.64it/s] 34%|███▍      | 34/100 [00:27<00:54,  1.21it/s] 62%|██████▎   | 105/168 [01:36<00:49,  1.28it/s]  1%|          | 1/100 [00:04<08:03,  4.89s/it]1.41it/s]  3%|▎         | 3/100 [00:05<02:17,  1.41s/it] 63%|██████▎   | 106/168 [01:37<00:49,  1.24it/s] 36%|███▌      | 36/100 [00:29<00:51,  1.25it/s] 37%|███▋      | 37/100 [00:29<00:38,  1.62it/s] 64%|██████▎   | 107/168 [01:38<00:47,  1.27it/s] 81%|████████  | 81/100 [01:07<00:17,  1.06it/s] 82%|████████▏ | 82/100 [01:07<00:13,  1.36it/s] 38%|███▊      | 38/100 [00:29<00:37,  1.66it/s]  4%|▍         | 4/100 [00:06<02:17,  1.43s/it] 64%|██████▍   | 108/168 [01:39<00:46,  1.29it/s]  5%|▌         | 5/100 [00:06<01:37,  1.03s/it] 84%|████████▍ | 84/100 [01:08<00:08,  1.92it/s] 40%|████      | 40/100 [00:30<00:26,  2.28it/s]  6%|▌         | 6/100 [00:07<01:09,  1.35it/s]  8%|▊         | 8/100 [00:07<00:43,  2.11it/s] 41%|████      | 41/100 [00:30<00:27,  2.16it/s] 11%|█         | 11/100 [00:07<00:23,  3.75it/s]5,  1.31it/s] 12%|█▏        | 12/100 [00:07<00:20,  4.22it/s] 42%|████▏     | 42/100 [00:31<00:25,  2.30it/s] 13%|█▎        | 13/100 [00:08<00:21,  3.99it/s] 15%|█▌        | 15/100 [00:08<00:15,  5.55it/s] 66%|██████▌   | 111/168 [01:40<00:33,  1.69it/s] 43%|████▎     | 43/100 [00:31<00:27,  2.07it/s] 85%|████████▌ | 85/100 [01:10<00:12,  1.24it/s] 86%|████████▌ | 86/100 [01:10<00:09,  1.47it/s]2026-03-27 14:00:00,984 [INFO]   Post-minimize (chi+bb): -904.3
 68%|██████▊   | 114/168 [01:41<00:22,  2.40it/s] 87%|████████▋ | 87/100 [01:10<00:06,  1.89it/s] 44%|████▍     | 44/100 [00:32<00:29,  1.87it/s]2026-03-27 14:00:01,164 [INFO]   Preprocessed structure -> /wynton/scratch/jqmo/rotation_datasets/augmented_ingraham_cath_bugfree/mpnn_esmfold/4ig1A00_19_preproc.pdb
 17%|█▋        | 17/100 [00:09<00:25,  3.22it/s] 18%|█▊        | 18/100 [00:09<00:24,  3.41it/s] 88%|████████▊ | 88/100 [01:10<00:05,  2.05it/s] 89%|████████▉ | 89/100 [01:11<00:04,  2.43it/s] 68%|██████▊   | 115/168 [01:42<00:26,  2.00it/s] 90%|█████████ | 90/100 [01:11<00:03,  2.63it/s] 91%|█████████ | 91/100 [01:11<00:03,  2.35it/s] 69%|██████▉   | 116/168 [01:43<00:32,  1.62it/s] 92%|█████████▏| 92/100 [01:12<00:03,  2.07it/s] 45%|████▌     | 45/100 [00:34<00:52,  1.06it/s] 93%|█████████▎| 93/100 [01:12<00:03,  2.27it/s] 70%|██████▉   | 117/168 [01:44<00:32,  1.57it/s] 46%|████▌     | 46/100 [00:35<00:56,  1.04s/it] 70%|███████   | 118/168 [01:44<00:33,  1.47it/s] 47%|████▋     | 47/100 [00:36<00:42,  1.25it/s] 48%|████▊     | 48/100 [00:36<00:30,  1.68it/s] 19%|█▉        | 19/100 [00:12<01:20,  1.00it/s] 49%|████▉     | 49/100 [00:36<00:25,  2.00it/s] 20%|██        | 20/100 [00:13<01:05,  1.23it/s] 21%|██        | 21/100 [00:13<00:54,  1.46it/s]8,  1.67it/s] 22%|██▏       | 22/100 [00:14<00:52,  1.50it/s] 72%|███████▏  | 121/168 [01:46<00:30,  1.54it/s] 23%|██▎       | 23/100 [00:14<00:41,  1.84it/s] 24%|██▍       | 24/100 [00:14<00:34,  2.23it/s] 50%|█████     | 50/100 [00:38<00:40,  1.22it/s] 25%|██▌       | 25/100 [00:14<00:27,  2.74it/s] 26%|██▌       | 26/100 [00:14<00:21,  3.48it/s] 51%|█████     | 51/100 [00:38<00:31,  1.58it/s] 94%|█████████▍| 94/100 [01:16<00:07,  1.32s/it] 95%|█████████▌| 95/100 [01:16<00:04,  1.04it/s] 73%|███████▎  | 123/168 [01:47<00:24,  1.85it/s] 27%|██▋       | 27/100 [00:15<00:21,  3.44it/s] 96%|█████████▌| 96/100 [01:16<00:02,  1.36it/s] 28%|██▊       | 28/100 [00:15<00:17,  4.02it/s] 31%|███       | 31/100 [00:15<00:09,  6.93it/s] 32%|███▏      | 32/100 [00:15<00:09,  7.31it/s] 52%|█████▏    | 52/100 [00:39<00:32,  1.48it/s] 33%|███▎      | 33/100 [00:15<00:11,  5.82it/s]2.06it/s] 34%|███▍      | 34/100 [00:16<00:10,  6.02it/s] 75%|███████▌  | 126/168 [01:49<00:24,  1.73it/s] 53%|█████▎    | 53/100 [00:40<00:40,  1.16it/s] 97%|█████████▋| 97/100 [01:18<00:03,  1.05s/it] 76%|███████▌  | 127/168 [01:50<00:27,  1.47it/s] 54%|█████▍    | 54/100 [00:41<00:42,  1.09it/s] 98%|█████████▊| 98/100 [01:19<00:02,  1.11s/it] 76%|███████▌  | 128/168 [01:51<00:30,  1.33it/s] 55%|█████▌    | 55/100 [00:42<00:41,  1.10it/s] 99%|█████████▉| 99/100 [01:20<00:01,  1.02s/it] 56%|█████▌    | 56/100 [00:42<00:35,  1.22it/s]100%|██████████| 100/100 [01:21<00:00,  1.08it/s]100%|██████████| 100/100 [01:21<00:00,  1.23it/s]
2026-03-27 14:00:11,815 [INFO] Generated 23 conformers -> /wynton/scratch/jqmo/rotation_datasets/ai-cath_mcsce_ensembles/3uk2A02_1
 77%|███████▋  | 129/168 [01:52<00:33,  1.17it/s] 35%|███▌      | 35/100 [00:20<01:19,  1.23s/it] 36%|███▌      | 36/100 [00:20<01:06,  1.03s/it] 57%|█████▋    | 57/100 [00:44<00:42,  1.02it/s] 37%|███▋      | 37/100 [00:20<00:48,  1.29it/s] 38%|███▊      | 38/100 [00:21<00:38,  1.61it/s] 77%|███████▋  | 130/168 [01:53<00:36,  1.04it/s]2026-03-27 14:00:13,187 [INFO] Running MC-SCE on 4ig1A00_19 (100 conformers, T=300.0K)
 58%|█████▊    | 58/100 [00:44<00:36,  1.14it/s] 39%|███▉      | 39/100 [00:21<00:42,  1.45it/s] 40%|████      | 40/100 [00:22<00:36,  1.67it/s] 78%|███████▊  | 131/168 [01:54<00:38,  1.05s/it] 41%|████      | 41/100 [00:22<00:29,  2.03it/s] 59%|█████▉    | 59/100 [00:45<00:38,  1.06it/s] 44%|████▍     | 44/100 [00:22<00:15,  3.67it/s] 45%|████▌     | 45/100 [00:22<00:13,  4.20it/s] 47%|████▋     | 47/100 [00:23<00:10,  4.91it/s]Traceback (most recent call last):
  File "/wynton/home/rotation/jqmo/rotation3/MCSCE/src/mcsce/libs/libparse.py", line 441, in extract_ff_params_for_seq
    charge = force_field[res][atom_name]['charge']
KeyError: 'N'

During handling of the above exception, another exception occurred:

Traceback (most recent call last):
  File "scripts/run_mcsce.py", line 274, in <module>
    main()
  File "scripts/run_mcsce.py", line 270, in main
    preprocess=args.preprocess, seed=args.seed)
  File "scripts/run_mcsce.py", line 172, in run_mcsce
    structure=structure,
  File "/wynton/home/rotation/jqmo/rotation3/MCSCE/src/mcsce/core/side_chain_builder.py", line 85, in initialize_func_calc
    c_terms))
  File "/wynton/home/rotation/jqmo/rotation3/MCSCE/src/mcsce/libs/libenergy.py", line 168, in prepare_energy_function
    C_terminal_indicators,
  File "/wynton/home/rotation/jqmo/rotation3/MCSCE/src/mcsce/libs/libenergy.py", line 429, in create_LJ_params_raw
    'sigma',
  File "/wynton/home/rotation/jqmo/rotation3/MCSCE/src/mcsce/libs/libparse.py", line 447, in extract_ff_params_for_seq
    raise KeyError(tuple(force_field[res].keys()))
KeyError: ()
 48%|████▊     | 48/100 [00:23<00:12,  4.21it/s] 79%|███████▊  | 132/168 [01:56<00:39,  1.09s/it] 50%|█████     | 50/100 [00:24<00:13,  3.82it/s] 61%|██████    | 61/100 [00:47<00:35,  1.10it/s] 62%|██████▏   | 62/100 [00:47<00:28,  1.35it/s] 63%|██████▎   | 63/100 [00:48<00:22,  1.66it/s] 79%|███████▉  | 133/168 [01:57<00:39,  1.12s/it] 64%|██████▍   | 64/100 [00:48<00:22,  1.60it/s] 65%|██████▌   | 65/100 [00:49<00:17,  1.95it/s] 67%|██████▋   | 67/100 [00:49<00:11,  2.89it/s] 80%|███████▉  | 134/168 [01:58<00:40,  1.18s/it] 51%|█████     | 51/100 [00:26<00:34,  1.43it/s] 80%|████████  | 135/168 [01:59<00:39,  1.19s/it] 53%|█████▎    | 53/100 [00:27<00:32,  1.45it/s] 68%|██████▊   | 68/100 [00:51<00:24,  1.29it/s] 54%|█████▍    | 54/100 [00:28<00:34,  1.34it/s] 69%|██████▉   | 69/100 [00:52<00:24,  1.27it/s] 82%|████████▏ | 137/168 [02:01<00:32,  1.04s/it] 55%|█████▌    | 55/100 [00:29<00:29,  1.55it/s] 70%|███████   | 70/100 [00:52<00:19,  1.52it/s] 72%|███████▏  | 72/100 [00:53<00:13,  2.11it/s] 56%|█████▌    | 56/100 [00:30<00:32,  1.35it/s] 73%|███████▎  | 73/100 [00:53<00:13,  1.98it/s] 82%|████████▏ | 138/168 [02:02<00:32,  1.09s/it] 57%|█████▋    | 57/100 [00:30<00:27,  1.58it/s] 59%|█████▉    | 59/100 [00:31<00:19,  2.10it/s] 60%|██████    | 60/100 [00:31<00:16,  2.49it/s] 74%|███████▍  | 74/100 [00:54<00:16,  1.55it/s] 61%|██████    | 61/100 [00:31<00:14,  2.68it/s] 83%|████████▎ | 139/168 [02:04<00:32,  1.12s/it] 62%|██████▏   | 62/100 [00:31<00:11,  3.23it/s] 64%|██████▍   | 64/100 [00:32<00:10,  3.46it/s] 75%|███████▌  | 75/100 [00:55<00:17,  1.40it/s] 65%|██████▌   | 65/100 [00:32<00:08,  4.04it/s] 66%|██████▌   | 66/100 [00:32<00:08,  4.25it/s] 83%|████████▎ | 140/168 [02:05<00:32,  1.15s/it] 68%|██████▊   | 68/100 [00:32<00:06,  4.66it/s] 76%|███████▌  | 76/100 [00:56<00:19,  1.21it/s] 77%|███████▋  | 77/100 [00:56<00:14,  1.55it/s] 84%|████████▍ | 141/168 [02:06<00:31,  1.17s/it] 79%|███████▉  | 79/100 [00:57<00:09,  2.16it/s] 80%|████████  | 80/100 [00:58<00:11,  1.77it/s] 85%|████████▍ | 142/168 [02:07<00:30,  1.17s/it] 81%|████████  | 81/100 [00:59<00:12,  1.55it/s] 69%|██████▉   | 69/100 [00:35<00:26,  1.17it/s] 70%|███████   | 70/100 [00:36<00:22,  1.35it/s] 85%|████████▌ | 143/168 [02:08<00:30,  1.20s/it] 82%|████████▏ | 82/100 [01:00<00:15,  1.19it/s] 71%|███████   | 71/100 [00:37<00:24,  1.16it/s] 86%|████████▌ | 144/168 [02:10<00:28,  1.18s/it] 72%|███████▏  | 72/100 [00:37<00:18,  1.49it/s] 83%|████████▎ | 83/100 [01:01<00:12,  1.33it/s] 84%|████████▍ | 84/100 [01:01<00:10,  1.58it/s] 86%|████████▋ | 145/168 [02:11<00:27,  1.17s/it] 73%|███████▎  | 73/100 [00:38<00:22,  1.21it/s] 87%|████████▋ | 87/100 [01:02<00:05,  2.28it/s] 75%|███████▌  | 75/100 [00:38<00:12,  2.04it/s] 76%|███████▌  | 76/100 [00:39<00:10,  2.38it/s] 88%|████████▊ | 88/100 [01:02<00:05,  2.31it/s] 77%|███████▋  | 77/100 [00:39<00:09,  2.35it/s] 79%|███████▉  | 79/100 [00:40<00:07,  2.92it/s] 89%|████████▉ | 89/100 [01:03<00:06,  1.77it/s] 80%|████████  | 80/100 [00:40<00:06,  2.88it/s] 87%|████████▋ | 146/168 [02:12<00:29,  1.34s/it] 82%|████████▏ | 82/100 [00:40<00:05,  3.49it/s] 83%|████████▎ | 83/100 [00:40<00:04,  3.97it/s] 84%|████████▍ | 84/100 [00:41<00:03,  4.53it/s] 88%|████████▊ | 147/168 [02:14<00:27,  1.30s/it] 85%|████████▌ | 85/100 [00:41<00:05,  2.66it/s] 86%|████████▌ | 86/100 [00:42<00:05,  2.73it/s] 90%|█████████ | 90/100 [01:05<00:09,  1.10it/s] 88%|████████▊ | 148/168 [02:15<00:25,  1.29s/it] 91%|█████████ | 91/100 [01:06<00:08,  1.07it/s] 92%|█████████▏| 92/100 [01:06<00:05,  1.39it/s] 93%|█████████▎| 93/100 [01:07<00:05,  1.35it/s] 89%|████████▊ | 149/168 [02:16<00:24,  1.27s/it] 94%|█████████▍| 94/100 [01:07<00:03,  1.68it/s] 95%|█████████▌| 95/100 [01:07<00:02,  2.04it/s]2026-03-27 14:00:36,931 [INFO]   Minimized 10.pdb: 1274.6 -> -291.6
 89%|████████▉ | 150/168 [02:17<00:22,  1.27s/it] 87%|████████▋ | 87/100 [00:45<00:16,  1.28s/it] 88%|████████▊ | 88/100 [00:46<00:12,  1.01s/it] 89%|████████▉ | 89/100 [00:46<00:08,  1.27it/s] 90%|████████▉ | 151/168 [02:19<00:21,  1.29s/it] 96%|█████████▌| 96/100 [01:10<00:03,  1.01it/s] 90%|█████████ | 90/100 [00:46<00:06,  1.48it/s] 91%|█████████ | 91/100 [00:47<00:05,  1.80it/s] 92%|█████████▏| 92/100 [00:47<00:04,  1.97it/s] 94%|█████████▍| 94/100 [00:47<00:01,  3.34it/s] 95%|█████████▌| 95/100 [00:47<00:01,  3.33it/s] 96%|█████████▌| 96/100 [00:48<00:00,  4.01it/s] 90%|█████████ | 152/168 [02:20<00:20,  1.31s/it] 97%|█████████▋| 97/100 [00:48<00:00,  4.48it/s] 98%|█████████▊| 98/100 [00:48<00:00,  4.86it/s] 99%|█████████▉| 99/100 [00:48<00:00,  4.51it/s]100%|██████████| 100/100 [00:49<00:00,  3.00it/s]100%|██████████| 100/100 [00:49<00:00,  2.03it/s]
2026-03-27 14:00:41,217 [INFO] Generated 0 conformers -> /wynton/scratch/jqmo/rotation_datasets/ai-cath_mcsce_ensembles/3buxB01_22_reres
 91%|█████████ | 153/168 [02:21<00:19,  1.28s/it] 97%|█████████▋| 97/100 [01:13<00:04,  1.66s/it] 92%|█████████▏| 154/168 [02:22<00:16,  1.18s/it] 98%|█████████▊| 98/100 [01:14<00:02,  1.46s/it] 92%|█████████▏| 155/168 [02:23<00:15,  1.16s/it] 99%|█████████▉| 99/100 [01:15<00:01,  1.24s/it]100%|██████████| 100/100 [01:15<00:00,  1.04it/s]100%|██████████| 100/100 [01:15<00:00,  1.32it/s] 93%|█████████▎| 156/168 [02:24<00:12,  1.04s/it]
2026-03-27 14:00:44,122 [INFO] Generated 9 conformers -> /wynton/scratch/jqmo/rotation_datasets/ai-cath_mcsce_ensembles/3stjA03_13
 93%|█████████▎| 157/168 [02:25<00:10,  1.04it/s] 94%|█████████▍| 158/168 [02:26<00:09,  1.09it/s] 95%|█████████▍| 159/168 [02:27<00:07,  1.13it/s] 95%|█████████▌| 160/168 [02:27<00:06,  1.15it/s] 96%|█████████▌| 161/168 [02:28<00:05,  1.18it/s] 96%|█████████▋| 162/168 [02:29<00:05,  1.20it/s] 97%|█████████▋| 163/168 [02:30<00:04,  1.23it/s] 98%|█████████▊| 164/168 [02:31<00:03,  1.11it/s] 99%|█████████▉| 166/168 [02:32<00:01,  1.50it/s] 99%|█████████▉| 167/168 [02:32<00:00,  1.42it/s]100%|██████████| 168/168 [02:33<00:00,  1.36it/s]100%|██████████| 168/168 [02:33<00:00,  1.09it/s]
  0%|          | 0/100 [00:00<?, ?it/s]  1%|          | 1/100 [00:01<02:37,  1.59s/it]  2%|▏         | 2/100 [00:01<01:15,  1.29it/s]  9%|▉         | 9/100 [00:01<00:11,  7.93it/s] 13%|█▎        | 13/100 [00:02<00:08, 10.45it/s] 16%|█▌        | 16/100 [00:03<00:17,  4.92it/s] 21%|██        | 21/100 [00:03<00:10,  7.85it/s]2026-03-27 14:00:57,623 [INFO]   Minimized 12.pdb: 2067.2 -> -274.1
 24%|██▍       | 24/100 [00:03<00:08,  9.04it/s] 27%|██▋       | 27/100 [00:05<00:15,  4.75it/s] 31%|███       | 31/100 [00:05<00:10,  6.31it/s] 33%|███▎      | 33/100 [00:08<00:26,  2.57it/s] 35%|███▌      | 35/100 [00:08<00:24,  2.60it/s] 36%|███▌      | 36/100 [00:10<00:36,  1.76it/s] 37%|███▋      | 37/100 [00:12<00:44,  1.41it/s] 38%|███▊      | 38/100 [00:13<00:48,  1.27it/s]2026-03-27 14:01:07,029 [INFO]   Minimized 12.pdb: 1278.6 -> -272.8
 40%|████      | 40/100 [00:13<00:37,  1.61it/s] 41%|████      | 41/100 [00:14<00:40,  1.45it/s] 43%|████▎     | 43/100 [00:15<00:32,  1.75it/s] 44%|████▍     | 44/100 [00:15<00:30,  1.82it/s] 45%|████▌     | 45/100 [00:16<00:36,  1.51it/s] 46%|████▌     | 46/100 [00:17<00:28,  1.87it/s] 48%|████▊     | 48/100 [00:17<00:19,  2.73it/s] 49%|████▉     | 49/100 [00:17<00:20,  2.52it/s] 50%|█████     | 50/100 [00:18<00:20,  2.41it/s] 51%|█████     | 51/100 [00:18<00:22,  2.14it/s] 52%|█████▏    | 52/100 [00:19<00:24,  1.93it/s] 53%|█████▎    | 53/100 [00:19<00:22,  2.10it/s] 54%|█████▍    | 54/100 [00:20<00:24,  1.85it/s] 56%|█████▌    | 56/100 [00:21<00:19,  2.20it/s] 57%|█████▋    | 57/100 [00:21<00:19,  2.19it/s] 59%|█████▉    | 59/100 [00:22<00:13,  3.14it/s] 61%|██████    | 61/100 [00:22<00:10,  3.77it/s] 62%|██████▏   | 62/100 [00:23<00:13,  2.81it/s] 63%|██████▎   | 63/100 [00:23<00:15,  2.46it/s] 64%|██████▍   | 64/100 [00:24<00:14,  2.40it/s] 65%|██████▌   | 65/100 [00:24<00:13,  2.56it/s] 66%|██████▌   | 66/100 [00:24<00:11,  2.90it/s] 67%|██████▋   | 67/100 [00:25<00:15,  2.11it/s] 68%|██████▊   | 68/100 [00:25<00:14,  2.13it/s] 69%|██████▉   | 69/100 [00:26<00:11,  2.60it/s] 70%|███████   | 70/100 [00:26<00:14,  2.05it/s] 71%|███████   | 71/100 [00:27<00:17,  1.68it/s] 73%|███████▎  | 73/100 [00:28<00:11,  2.29it/s] 74%|███████▍  | 74/100 [00:29<00:14,  1.79it/s] 75%|███████▌  | 75/100 [00:29<00:10,  2.27it/s] 76%|███████▌  | 76/100 [00:29<00:09,  2.55it/s] 77%|███████▋  | 77/100 [00:29<00:09,  2.40it/s] 78%|███████▊  | 78/100 [00:30<00:09,  2.38it/s] 80%|████████  | 80/100 [00:30<00:06,  3.21it/s] 81%|████████  | 81/100 [00:31<00:07,  2.60it/s]2026-03-27 14:01:25,399 [INFO]   Post-minimize (chi+bb): -625.5
2026-03-27 14:01:25,513 [INFO]   Preprocessed structure -> /wynton/scratch/jqmo/rotation_datasets/augmented_ingraham_cath_bugfree/mpnn_esmfold/3wx7A01_4_preproc.pdb
 82%|████████▏ | 82/100 [00:31<00:06,  2.69it/s] 83%|████████▎ | 83/100 [00:32<00:06,  2.70it/s] 84%|████████▍ | 84/100 [00:32<00:07,  2.21it/s] 85%|████████▌ | 85/100 [00:33<00:06,  2.32it/s] 86%|████████▌ | 86/100 [00:33<00:06,  2.27it/s] 88%|████████▊ | 88/100 [00:34<00:04,  2.73it/s]2026-03-27 14:01:28,467 [INFO]   Minimized 17.pdb: 2003.7 -> -313.7
 89%|████████▉ | 89/100 [00:34<00:04,  2.21it/s] 90%|█████████ | 90/100 [00:35<00:05,  1.87it/s] 91%|█████████ | 91/100 [00:36<00:06,  1.32it/s] 92%|█████████▏| 92/100 [00:37<00:06,  1.33it/s] 93%|█████████▎| 93/100 [00:38<00:04,  1.46it/s] 95%|█████████▌| 95/100 [00:38<00:02,  1.98it/s]2026-03-27 14:01:32,949 [INFO]   Minimized 14.pdb: 1238.6 -> -277.7
 96%|█████████▌| 96/100 [00:39<00:02,  1.61it/s] 97%|█████████▋| 97/100 [00:40<00:01,  1.66it/s] 98%|█████████▊| 98/100 [00:41<00:01,  1.48it/s]2026-03-27 14:01:35,338 [INFO] Running MC-SCE on 3wx7A01_4 (100 conformers, T=300.0K)
 99%|█████████▉| 99/100 [00:41<00:00,  1.52it/s]Traceback (most recent call last):
  File "/wynton/home/rotation/jqmo/rotation3/MCSCE/src/mcsce/libs/libparse.py", line 441, in extract_ff_params_for_seq
    charge = force_field[res][atom_name]['charge']
KeyError: 'N'

During handling of the above exception, another exception occurred:

Traceback (most recent call last):
  File "scripts/run_mcsce.py", line 274, in <module>
    main()
  File "scripts/run_mcsce.py", line 270, in main
    preprocess=args.preprocess, seed=args.seed)
  File "scripts/run_mcsce.py", line 172, in run_mcsce
    structure=structure,
  File "/wynton/home/rotation/jqmo/rotation3/MCSCE/src/mcsce/core/side_chain_builder.py", line 85, in initialize_func_calc
    c_terms))
  File "/wynton/home/rotation/jqmo/rotation3/MCSCE/src/mcsce/libs/libenergy.py", line 168, in prepare_energy_function
    C_terminal_indicators,
  File "/wynton/home/rotation/jqmo/rotation3/MCSCE/src/mcsce/libs/libenergy.py", line 429, in create_LJ_params_raw
    'sigma',
  File "/wynton/home/rotation/jqmo/rotation3/MCSCE/src/mcsce/libs/libparse.py", line 447, in extract_ff_params_for_seq
    raise KeyError(tuple(force_field[res].keys()))
KeyError: ()
100%|██████████| 100/100 [00:43<00:00,  1.10it/s]100%|██████████| 100/100 [00:43<00:00,  2.31it/s]
2026-03-27 14:01:37,422 [INFO] Generated 0 conformers -> /wynton/scratch/jqmo/rotation_datasets/ai-cath_mcsce_ensembles/1yb5A02_24
2026-03-27 14:01:58,716 [INFO]   Minimized 2.pdb: 2271.5 -> -296.7
2026-03-27 14:02:31,211 [INFO]   Minimized 24.pdb: 1197.9 -> -291.4
2026-03-27 14:02:31,901 [INFO]   Minimized 25.pdb: 1979.7 -> -178.3
2026-03-27 14:02:57,075 [INFO]   Minimized 30.pdb: 1193.1 -> -142.2
2026-03-27 14:03:02,428 [INFO]   Minimized 33.pdb: 2161.7 -> -259.1
2026-03-27 14:03:17,587 [INFO]   Minimized 31.pdb: 1248.6 -> -271.6
2026-03-27 14:03:40,604 [INFO]   Minimized 39.pdb: 1992.2 -> -308.9
2026-03-27 14:03:49,770 [INFO]   Minimized 32.pdb: 1295.1 -> -142.8
2026-03-27 14:04:16,625 [INFO]   Minimized 35.pdb: 1224.8 -> -272.3
2026-03-27 14:04:16,914 [INFO]   Minimized 48.pdb: 2133.3 -> -287.9
2026-03-27 14:04:42,013 [INFO]   Minimized 39.pdb: 1137.5 -> -300.7
2026-03-27 14:04:52,548 [INFO]   Minimized 62.pdb: 2213.0 -> -147.5
2026-03-27 14:05:18,754 [INFO]   Minimized 4.pdb: 1253.2 -> -279.7
2026-03-27 14:05:29,638 [INFO]   Minimized 92.pdb: 2080.1 -> -293.5
2026-03-27 14:05:42,859 [INFO]   Minimized 44.pdb: 1159.1 -> -301.3
2026-03-27 14:06:16,178 [INFO]   Minimized 46.pdb: 1119.1 -> -140.1
2026-03-27 14:06:42,412 [INFO]   Minimized 47.pdb: 1153.0 -> -150.4
2026-03-27 14:07:26,709 [INFO]   Minimized 50.pdb: 1188.0 -> -295.6
2026-03-27 14:07:49,344 [INFO]   Minimized 59.pdb: 1103.7 -> -271.9
2026-03-27 14:08:15,158 [INFO]   Minimized 6.pdb: 1316.7 -> -270.6
2026-03-27 14:08:49,422 [INFO]   Minimized 62.pdb: 1234.7 -> -275.6
2026-03-27 14:09:12,794 [INFO]   Minimized 69.pdb: 1168.4 -> -270.1
2026-03-27 14:09:55,896 [INFO]   Minimized 76.pdb: 1276.7 -> -275.2
2026-03-27 14:10:16,783 [INFO]   Minimized 8.pdb: 1132.4 -> -286.8
2026-03-27 14:10:42,168 [INFO]   Minimized 86.pdb: 1279.2 -> -280.7
2026-03-27 14:11:25,485 [INFO]   Minimized 97.pdb: 1244.5 -> -152.1
2026-03-27 14:11:57,489 [INFO]   Minimized 99.pdb: 1288.7 -> -152.5
